reader_id,target_period,book_id,split
r_00001,3,b_046,train
r_00001,3,b_041,train
r_00001,3,b_080,train
r_00001,3,b_048,train
r_00001,3,b_025,train
r_00001,3,b_001,train
r_00001,3,b_044,train
r_00001,3,b_006,train
r_00001,3,b_032,train
r_00001,3,b_066,train
r_00001,3,b_003,train
r_00001,3,b_007,train
r_00001,3,b_035,train
r_00001,3,b_021,train
r_00001,3,b_071,train
r_00001,3,b_012,train
r_00001,3,b_072,train
r_00001,3,b_074,train
r_00001,3,b_077,train
r_00001,3,b_009,train
r_00002,3,b_062,train
r_00002,3,b_038,train
r_00002,3,b_074,train
r_00002,3,b_026,train
r_00002,3,b_044,train
r_00002,3,b_002,train
r_00002,3,b_034,train
r_00002,3,b_073,train
r_00002,3,b_007,train
r_00002,3,b_033,train
r_00002,3,b_009,train
r_00002,3,b_075,train
r_00002,3,b_063,train
r_00002,3,b_020,train
r_00002,3,b_005,train
r_00002,3,b_037,train
r_00002,3,b_012,train
r_00002,3,b_078,train
r_00002,3,b_054,train
r_00002,3,b_055,train
r_00003,3,b_062,train
r_00003,3,b_012,train
r_00003,3,b_028,train
r_00003,3,b_055,train
r_00003,3,b_045,train
r_00003,3,b_067,train
r_00003,3,b_025,train
r_00003,3,b_023,train
r_00003,3,b_051,train
r_00003,3,b_040,train
r_00003,3,b_029,train
r_00003,3,b_011,train
r_00003,3,b_014,train
r_00003,3,b_033,train
r_00003,3,b_021,train
r_00003,3,b_068,train
r_00003,3,b_034,train
r_00003,3,b_037,train
r_00003,3,b_022,train
r_00003,3,b_035,train
r_00004,3,b_071,test
r_00004,3,b_068,test
r_00004,3,b_041,test
r_00004,3,b_051,test
r_00004,3,b_033,test
r_00004,3,b_080,test
r_00004,3,b_072,test
r_00004,3,b_061,test
r_00004,3,b_070,test
r_00004,3,b_042,test
r_00004,3,b_034,test
r_00004,3,b_069,test
r_00004,3,b_001,test
r_00004,3,b_031,test
r_00004,3,b_046,test
r_00004,3,b_064,test
r_00004,3,b_038,test
r_00004,3,b_075,test
r_00004,3,b_036,test
r_00004,3,b_003,test
r_00005,3,b_003,train
r_00005,3,b_013,train
r_00005,3,b_073,train
r_00005,3,b_067,train
r_00005,3,b_056,train
r_00005,3,b_078,train
r_00005,3,b_048,train
r_00005,3,b_006,train
r_00005,3,b_027,train
r_00005,3,b_057,train
r_00005,3,b_055,train
r_00005,3,b_071,train
r_00005,3,b_059,train
r_00005,3,b_024,train
r_00005,3,b_074,train
r_00005,3,b_029,train
r_00005,3,b_023,train
r_00005,3,b_014,train
r_00005,3,b_007,train
r_00005,3,b_009,train
r_00006,3,b_015,train
r_00006,3,b_036,train
r_00006,3,b_030,train
r_00006,3,b_041,train
r_00006,3,b_037,train
r_00006,3,b_029,train
r_00006,3,b_046,train
r_00006,3,b_013,train
r_00006,3,b_058,train
r_00006,3,b_051,train
r_00006,3,b_075,train
r_00006,3,b_012,train
r_00006,3,b_006,train
r_00006,3,b_074,train
r_00006,3,b_056,train
r_00006,3,b_043,train
r_00006,3,b_076,train
r_00006,3,b_040,train
r_00006,3,b_065,train
r_00006,3,b_067,train
r_00007,3,b_029,train
r_00007,3,b_055,train
r_00007,3,b_027,train
r_00007,3,b_067,train
r_00007,3,b_060,train
r_00007,3,b_058,train
r_00007,3,b_050,train
r_00007,3,b_063,train
r_00007,3,b_052,train
r_00007,3,b_016,train
r_00007,3,b_068,train
r_00007,3,b_030,train
r_00007,3,b_008,train
r_00007,3,b_017,train
r_00007,3,b_036,train
r_00007,3,b_025,train
r_00007,3,b_078,train
r_00007,3,b_005,train
r_00007,3,b_046,train
r_00007,3,b_007,train
r_00008,3,b_004,test
r_00008,3,b_038,test
r_00008,3,b_057,test
r_00008,3,b_074,test
r_00008,3,b_055,test
r_00008,3,b_022,test
r_00008,3,b_053,test
r_00008,3,b_048,test
r_00008,3,b_043,test
r_00008,3,b_011,test
r_00008,3,b_047,test
r_00008,3,b_008,test
r_00008,3,b_041,test
r_00008,3,b_023,test
r_00008,3,b_006,test
r_00008,3,b_076,test
r_00008,3,b_067,test
r_00008,3,b_068,test
r_00008,3,b_060,test
r_00008,3,b_034,test
r_00009,3,b_063,train
r_00009,3,b_037,train
r_00009,3,b_041,train
r_00009,3,b_065,train
r_00009,3,b_038,train
r_00009,3,b_074,train
r_00009,3,b_078,train
r_00009,3,b_030,train
r_00009,3,b_002,train
r_00009,3,b_079,train
r_00009,3,b_044,train
r_00009,3,b_031,train
r_00009,3,b_042,train
r_00009,3,b_062,train
r_00009,3,b_027,train
r_00009,3,b_008,train
r_00009,3,b_025,train
r_00009,3,b_012,train
r_00009,3,b_067,train
r_00009,3,b_043,train
r_00010,3,b_039,train
r_00010,3,b_031,train
r_00010,3,b_012,train
r_00010,3,b_021,train
r_00010,3,b_018,train
r_00010,3,b_003,train
r_00010,3,b_074,train
r_00010,3,b_044,train
r_00010,3,b_029,train
r_00010,3,b_032,train
r_00010,3,b_026,train
r_00010,3,b_011,train
r_00010,3,b_055,train
r_00010,3,b_067,train
r_00010,3,b_062,train
r_00010,3,b_030,train
r_00010,3,b_001,train
r_00010,3,b_016,train
r_00010,3,b_073,train
r_00010,3,b_036,train
r_00011,3,b_053,train
r_00011,3,b_020,train
r_00011,3,b_007,train
r_00011,3,b_067,train
r_00011,3,b_017,train
r_00011,3,b_034,train
r_00011,3,b_065,train
r_00011,3,b_036,train
r_00011,3,b_011,train
r_00011,3,b_042,train
r_00011,3,b_001,train
r_00011,3,b_076,train
r_00011,3,b_055,train
r_00011,3,b_038,train
r_00011,3,b_054,train
r_00011,3,b_075,train
r_00011,3,b_037,train
r_00011,3,b_002,train
r_00011,3,b_022,train
r_00011,3,b_035,train
r_00012,3,b_050,valid
r_00012,3,b_077,valid
r_00012,3,b_001,valid
r_00012,3,b_027,valid
r_00012,3,b_018,valid
r_00012,3,b_076,valid
r_00012,3,b_054,valid
r_00012,3,b_015,valid
r_00012,3,b_005,valid
r_00012,3,b_047,valid
r_00012,3,b_026,valid
r_00012,3,b_053,valid
r_00012,3,b_048,valid
r_00012,3,b_066,valid
r_00012,3,b_008,valid
r_00012,3,b_068,valid
r_00012,3,b_019,valid
r_00012,3,b_022,valid
r_00012,3,b_029,valid
r_00012,3,b_036,valid
r_00013,3,b_030,test
r_00013,3,b_042,test
r_00013,3,b_012,test
r_00013,3,b_027,test
r_00013,3,b_011,test
r_00013,3,b_005,test
r_00013,3,b_001,test
r_00013,3,b_014,test
r_00013,3,b_071,test
r_00013,3,b_059,test
r_00013,3,b_041,test
r_00013,3,b_072,test
r_00013,3,b_020,test
r_00013,3,b_021,test
r_00013,3,b_019,test
r_00013,3,b_076,test
r_00013,3,b_008,test
r_00013,3,b_016,test
r_00013,3,b_029,test
r_00013,3,b_057,test
r_00014,3,b_038,test
r_00014,3,b_042,test
r_00014,3,b_071,test
r_00014,3,b_059,test
r_00014,3,b_003,test
r_00014,3,b_051,test
r_00014,3,b_076,test
r_00014,3,b_055,test
r_00014,3,b_049,test
r_00014,3,b_008,test
r_00014,3,b_054,test
r_00014,3,b_043,test
r_00014,3,b_058,test
r_00014,3,b_005,test
r_00014,3,b_025,test
r_00014,3,b_041,test
r_00014,3,b_004,test
r_00014,3,b_046,test
r_00014,3,b_064,test
r_00014,3,b_006,test
r_00015,3,b_076,valid
r_00015,3,b_015,valid
r_00015,3,b_030,valid
r_00015,3,b_068,valid
r_00015,3,b_046,valid
r_00015,3,b_050,valid
r_00015,3,b_002,valid
r_00015,3,b_016,valid
r_00015,3,b_040,valid
r_00015,3,b_077,valid
r_00015,3,b_034,valid
r_00015,3,b_010,valid
r_00015,3,b_055,valid
r_00015,3,b_004,valid
r_00015,3,b_014,valid
r_00015,3,b_022,valid
r_00015,3,b_054,valid
r_00015,3,b_005,valid
r_00015,3,b_071,valid
r_00015,3,b_070,valid
r_00016,3,b_025,train
r_00016,3,b_066,train
r_00016,3,b_005,train
r_00016,3,b_007,train
r_00016,3,b_061,train
r_00016,3,b_079,train
r_00016,3,b_078,train
r_00016,3,b_067,train
r_00016,3,b_019,train
r_00016,3,b_031,train
r_00016,3,b_057,train
r_00016,3,b_070,train
r_00016,3,b_047,train
r_00016,3,b_001,train
r_00016,3,b_039,train
r_00016,3,b_021,train
r_00016,3,b_018,train
r_00016,3,b_060,train
r_00016,3,b_035,train
r_00016,3,b_055,train
r_00017,3,b_031,train
r_00017,3,b_043,train
r_00017,3,b_059,train
r_00017,3,b_036,train
r_00017,3,b_008,train
r_00017,3,b_069,train
r_00017,3,b_038,train
r_00017,3,b_044,train
r_00017,3,b_051,train
r_00017,3,b_070,train
r_00017,3,b_056,train
r_00017,3,b_046,train
r_00017,3,b_004,train
r_00017,3,b_053,train
r_00017,3,b_061,train
r_00017,3,b_025,train
r_00017,3,b_011,train
r_00017,3,b_065,train
r_00017,3,b_035,train
r_00017,3,b_037,train
r_00018,3,b_072,test
r_00018,3,b_024,test
r_00018,3,b_038,test
r_00018,3,b_070,test
r_00018,3,b_041,test
r_00018,3,b_071,test
r_00018,3,b_067,test
r_00018,3,b_080,test
r_00018,3,b_036,test
r_00018,3,b_001,test
r_00018,3,b_052,test
r_00018,3,b_076,test
r_00018,3,b_057,test
r_00018,3,b_075,test
r_00018,3,b_026,test
r_00018,3,b_063,test
r_00018,3,b_009,test
r_00018,3,b_031,test
r_00018,3,b_004,test
r_00018,3,b_032,test
r_00019,3,b_074,train
r_00019,3,b_080,train
r_00019,3,b_004,train
r_00019,3,b_071,train
r_00019,3,b_002,train
r_00019,3,b_072,train
r_00019,3,b_037,train
r_00019,3,b_012,train
r_00019,3,b_023,train
r_00019,3,b_026,train
r_00019,3,b_011,train
r_00019,3,b_076,train
r_00019,3,b_048,train
r_00019,3,b_030,train
r_00019,3,b_046,train
r_00019,3,b_014,train
r_00019,3,b_035,train
r_00019,3,b_047,train
r_00019,3,b_064,train
r_00019,3,b_075,train
r_00020,3,b_036,train
r_00020,3,b_069,train
r_00020,3,b_028,train
r_00020,3,b_032,train
r_00020,3,b_034,train
r_00020,3,b_015,train
r_00020,3,b_001,train
r_00020,3,b_056,train
r_00020,3,b_007,train
r_00020,3,b_035,train
r_00020,3,b_074,train
r_00020,3,b_026,train
r_00020,3,b_033,train
r_00020,3,b_023,train
r_00020,3,b_078,train
r_00020,3,b_003,train
r_00020,3,b_018,train
r_00020,3,b_037,train
r_00020,3,b_066,train
r_00020,3,b_053,train
r_00021,3,b_051,test
r_00021,3,b_002,test
r_00021,3,b_021,test
r_00021,3,b_057,test
r_00021,3,b_017,test
r_00021,3,b_014,test
r_00021,3,b_011,test
r_00021,3,b_067,test
r_00021,3,b_034,test
r_00021,3,b_008,test
r_00021,3,b_026,test
r_00021,3,b_016,test
r_00021,3,b_012,test
r_00021,3,b_052,test
r_00021,3,b_074,test
r_00021,3,b_004,test
r_00021,3,b_035,test
r_00021,3,b_018,test
r_00021,3,b_075,test
r_00021,3,b_062,test
r_00022,3,b_040,train
r_00022,3,b_014,train
r_00022,3,b_074,train
r_00022,3,b_030,train
r_00022,3,b_022,train
r_00022,3,b_027,train
r_00022,3,b_053,train
r_00022,3,b_069,train
r_00022,3,b_007,train
r_00022,3,b_073,train
r_00022,3,b_079,train
r_00022,3,b_062,train
r_00022,3,b_017,train
r_00022,3,b_005,train
r_00022,3,b_045,train
r_00022,3,b_013,train
r_00022,3,b_023,train
r_00022,3,b_070,train
r_00022,3,b_038,train
r_00022,3,b_006,train
r_00023,3,b_034,test
r_00023,3,b_047,test
r_00023,3,b_004,test
r_00023,3,b_061,test
r_00023,3,b_027,test
r_00023,3,b_041,test
r_00023,3,b_058,test
r_00023,3,b_031,test
r_00023,3,b_008,test
r_00023,3,b_001,test
r_00023,3,b_012,test
r_00023,3,b_005,test
r_00023,3,b_019,test
r_00023,3,b_057,test
r_00023,3,b_032,test
r_00023,3,b_028,test
r_00023,3,b_048,test
r_00023,3,b_053,test
r_00023,3,b_072,test
r_00023,3,b_039,test
r_00024,3,b_030,test
r_00024,3,b_039,test
r_00024,3,b_041,test
r_00024,3,b_078,test
r_00024,3,b_042,test
r_00024,3,b_027,test
r_00024,3,b_017,test
r_00024,3,b_038,test
r_00024,3,b_004,test
r_00024,3,b_037,test
r_00024,3,b_080,test
r_00024,3,b_065,test
r_00024,3,b_005,test
r_00024,3,b_064,test
r_00024,3,b_016,test
r_00024,3,b_043,test
r_00024,3,b_069,test
r_00024,3,b_003,test
r_00024,3,b_070,test
r_00024,3,b_008,test
r_00025,3,b_061,train
r_00025,3,b_071,train
r_00025,3,b_034,train
r_00025,3,b_031,train
r_00025,3,b_065,train
r_00025,3,b_024,train
r_00025,3,b_005,train
r_00025,3,b_043,train
r_00025,3,b_003,train
r_00025,3,b_041,train
r_00025,3,b_039,train
r_00025,3,b_036,train
r_00025,3,b_049,train
r_00025,3,b_054,train
r_00025,3,b_009,train
r_00025,3,b_017,train
r_00025,3,b_050,train
r_00025,3,b_059,train
r_00025,3,b_079,train
r_00025,3,b_064,train
r_00026,3,b_007,valid
r_00026,3,b_048,valid
r_00026,3,b_029,valid
r_00026,3,b_045,valid
r_00026,3,b_061,valid
r_00026,3,b_024,valid
r_00026,3,b_065,valid
r_00026,3,b_057,valid
r_00026,3,b_066,valid
r_00026,3,b_002,valid
r_00026,3,b_035,valid
r_00026,3,b_014,valid
r_00026,3,b_054,valid
r_00026,3,b_060,valid
r_00026,3,b_003,valid
r_00026,3,b_015,valid
r_00026,3,b_077,valid
r_00026,3,b_017,valid
r_00026,3,b_059,valid
r_00026,3,b_064,valid
r_00027,3,b_048,train
r_00027,3,b_038,train
r_00027,3,b_071,train
r_00027,3,b_001,train
r_00027,3,b_053,train
r_00027,3,b_006,train
r_00027,3,b_057,train
r_00027,3,b_079,train
r_00027,3,b_033,train
r_00027,3,b_064,train
r_00027,3,b_005,train
r_00027,3,b_078,train
r_00027,3,b_052,train
r_00027,3,b_040,train
r_00027,3,b_044,train
r_00027,3,b_041,train
r_00027,3,b_043,train
r_00027,3,b_011,train
r_00027,3,b_034,train
r_00027,3,b_008,train
r_00028,3,b_023,train
r_00028,3,b_047,train
r_00028,3,b_060,train
r_00028,3,b_022,train
r_00028,3,b_017,train
r_00028,3,b_080,train
r_00028,3,b_010,train
r_00028,3,b_052,train
r_00028,3,b_007,train
r_00028,3,b_041,train
r_00028,3,b_035,train
r_00028,3,b_019,train
r_00028,3,b_018,train
r_00028,3,b_008,train
r_00028,3,b_039,train
r_00028,3,b_027,train
r_00028,3,b_040,train
r_00028,3,b_024,train
r_00028,3,b_063,train
r_00028,3,b_071,train
r_00029,3,b_027,train
r_00029,3,b_012,train
r_00029,3,b_065,train
r_00029,3,b_020,train
r_00029,3,b_044,train
r_00029,3,b_055,train
r_00029,3,b_001,train
r_00029,3,b_078,train
r_00029,3,b_070,train
r_00029,3,b_038,train
r_00029,3,b_073,train
r_00029,3,b_046,train
r_00029,3,b_007,train
r_00029,3,b_024,train
r_00029,3,b_045,train
r_00029,3,b_003,train
r_00029,3,b_054,train
r_00029,3,b_033,train
r_00029,3,b_048,train
r_00029,3,b_041,train
r_00030,3,b_058,valid
r_00030,3,b_008,valid
r_00030,3,b_020,valid
r_00030,3,b_027,valid
r_00030,3,b_034,valid
r_00030,3,b_066,valid
r_00030,3,b_028,valid
r_00030,3,b_059,valid
r_00030,3,b_074,valid
r_00030,3,b_032,valid
r_00030,3,b_075,valid
r_00030,3,b_024,valid
r_00030,3,b_043,valid
r_00030,3,b_023,valid
r_00030,3,b_070,valid
r_00030,3,b_025,valid
r_00030,3,b_057,valid
r_00030,3,b_079,valid
r_00030,3,b_078,valid
r_00030,3,b_071,valid
r_00031,3,b_059,valid
r_00031,3,b_054,valid
r_00031,3,b_070,valid
r_00031,3,b_014,valid
r_00031,3,b_043,valid
r_00031,3,b_008,valid
r_00031,3,b_026,valid
r_00031,3,b_047,valid
r_00031,3,b_068,valid
r_00031,3,b_033,valid
r_00031,3,b_032,valid
r_00031,3,b_024,valid
r_00031,3,b_013,valid
r_00031,3,b_018,valid
r_00031,3,b_030,valid
r_00031,3,b_073,valid
r_00031,3,b_001,valid
r_00031,3,b_072,valid
r_00031,3,b_039,valid
r_00031,3,b_075,valid
r_00032,3,b_015,test
r_00032,3,b_038,test
r_00032,3,b_027,test
r_00032,3,b_029,test
r_00032,3,b_056,test
r_00032,3,b_013,test
r_00032,3,b_054,test
r_00032,3,b_007,test
r_00032,3,b_012,test
r_00032,3,b_036,test
r_00032,3,b_049,test
r_00032,3,b_008,test
r_00032,3,b_078,test
r_00032,3,b_018,test
r_00032,3,b_001,test
r_00032,3,b_066,test
r_00032,3,b_022,test
r_00032,3,b_043,test
r_00032,3,b_065,test
r_00032,3,b_050,test
r_00033,3,b_068,train
r_00033,3,b_031,train
r_00033,3,b_032,train
r_00033,3,b_001,train
r_00033,3,b_048,train
r_00033,3,b_058,train
r_00033,3,b_066,train
r_00033,3,b_006,train
r_00033,3,b_038,train
r_00033,3,b_011,train
r_00033,3,b_009,train
r_00033,3,b_034,train
r_00033,3,b_077,train
r_00033,3,b_028,train
r_00033,3,b_067,train
r_00033,3,b_072,train
r_00033,3,b_041,train
r_00033,3,b_078,train
r_00033,3,b_023,train
r_00033,3,b_044,train
r_00034,3,b_008,valid
r_00034,3,b_059,valid
r_00034,3,b_069,valid
r_00034,3,b_033,valid
r_00034,3,b_016,valid
r_00034,3,b_031,valid
r_00034,3,b_011,valid
r_00034,3,b_053,valid
r_00034,3,b_015,valid
r_00034,3,b_045,valid
r_00034,3,b_043,valid
r_00034,3,b_028,valid
r_00034,3,b_037,valid
r_00034,3,b_077,valid
r_00034,3,b_010,valid
r_00034,3,b_023,valid
r_00034,3,b_009,valid
r_00034,3,b_032,valid
r_00034,3,b_058,valid
r_00034,3,b_050,valid
r_00035,3,b_069,test
r_00035,3,b_046,test
r_00035,3,b_057,test
r_00035,3,b_035,test
r_00035,3,b_062,test
r_00035,3,b_048,test
r_00035,3,b_078,test
r_00035,3,b_032,test
r_00035,3,b_006,test
r_00035,3,b_060,test
r_00035,3,b_044,test
r_00035,3,b_020,test
r_00035,3,b_013,test
r_00035,3,b_067,test
r_00035,3,b_012,test
r_00035,3,b_036,test
r_00035,3,b_058,test
r_00035,3,b_075,test
r_00035,3,b_008,test
r_00035,3,b_037,test
r_00036,3,b_076,valid
r_00036,3,b_038,valid
r_00036,3,b_051,valid
r_00036,3,b_005,valid
r_00036,3,b_048,valid
r_00036,3,b_056,valid
r_00036,3,b_010,valid
r_00036,3,b_012,valid
r_00036,3,b_040,valid
r_00036,3,b_002,valid
r_00036,3,b_068,valid
r_00036,3,b_063,valid
r_00036,3,b_075,valid
r_00036,3,b_022,valid
r_00036,3,b_074,valid
r_00036,3,b_031,valid
r_00036,3,b_014,valid
r_00036,3,b_042,valid
r_00036,3,b_059,valid
r_00036,3,b_061,valid
r_00037,3,b_008,valid
r_00037,3,b_079,valid
r_00037,3,b_026,valid
r_00037,3,b_059,valid
r_00037,3,b_028,valid
r_00037,3,b_035,valid
r_00037,3,b_078,valid
r_00037,3,b_046,valid
r_00037,3,b_061,valid
r_00037,3,b_047,valid
r_00037,3,b_076,valid
r_00037,3,b_001,valid
r_00037,3,b_029,valid
r_00037,3,b_002,valid
r_00037,3,b_048,valid
r_00037,3,b_064,valid
r_00037,3,b_036,valid
r_00037,3,b_030,valid
r_00037,3,b_020,valid
r_00037,3,b_074,valid
r_00038,3,b_077,test
r_00038,3,b_058,test
r_00038,3,b_026,test
r_00038,3,b_004,test
r_00038,3,b_020,test
r_00038,3,b_069,test
r_00038,3,b_068,test
r_00038,3,b_074,test
r_00038,3,b_029,test
r_00038,3,b_045,test
r_00038,3,b_008,test
r_00038,3,b_080,test
r_00038,3,b_043,test
r_00038,3,b_032,test
r_00038,3,b_002,test
r_00038,3,b_003,test
r_00038,3,b_023,test
r_00038,3,b_057,test
r_00038,3,b_044,test
r_00038,3,b_064,test
r_00039,3,b_008,train
r_00039,3,b_068,train
r_00039,3,b_065,train
r_00039,3,b_003,train
r_00039,3,b_010,train
r_00039,3,b_031,train
r_00039,3,b_016,train
r_00039,3,b_052,train
r_00039,3,b_044,train
r_00039,3,b_073,train
r_00039,3,b_048,train
r_00039,3,b_039,train
r_00039,3,b_066,train
r_00039,3,b_041,train
r_00039,3,b_026,train
r_00039,3,b_013,train
r_00039,3,b_043,train
r_00039,3,b_046,train
r_00039,3,b_012,train
r_00039,3,b_067,train
r_00040,3,b_065,test
r_00040,3,b_036,test
r_00040,3,b_067,test
r_00040,3,b_079,test
r_00040,3,b_021,test
r_00040,3,b_034,test
r_00040,3,b_051,test
r_00040,3,b_032,test
r_00040,3,b_076,test
r_00040,3,b_050,test
r_00040,3,b_054,test
r_00040,3,b_035,test
r_00040,3,b_056,test
r_00040,3,b_019,test
r_00040,3,b_064,test
r_00040,3,b_062,test
r_00040,3,b_069,test
r_00040,3,b_024,test
r_00040,3,b_057,test
r_00040,3,b_005,test
r_00041,3,b_070,test
r_00041,3,b_065,test
r_00041,3,b_032,test
r_00041,3,b_077,test
r_00041,3,b_053,test
r_00041,3,b_012,test
r_00041,3,b_020,test
r_00041,3,b_017,test
r_00041,3,b_067,test
r_00041,3,b_038,test
r_00041,3,b_001,test
r_00041,3,b_024,test
r_00041,3,b_006,test
r_00041,3,b_011,test
r_00041,3,b_023,test
r_00041,3,b_029,test
r_00041,3,b_031,test
r_00041,3,b_034,test
r_00041,3,b_004,test
r_00041,3,b_061,test
r_00042,3,b_022,train
r_00042,3,b_023,train
r_00042,3,b_068,train
r_00042,3,b_032,train
r_00042,3,b_052,train
r_00042,3,b_054,train
r_00042,3,b_040,train
r_00042,3,b_041,train
r_00042,3,b_004,train
r_00042,3,b_075,train
r_00042,3,b_027,train
r_00042,3,b_060,train
r_00042,3,b_072,train
r_00042,3,b_017,train
r_00042,3,b_011,train
r_00042,3,b_056,train
r_00042,3,b_059,train
r_00042,3,b_038,train
r_00042,3,b_005,train
r_00042,3,b_016,train
r_00043,3,b_064,valid
r_00043,3,b_046,valid
r_00043,3,b_072,valid
r_00043,3,b_045,valid
r_00043,3,b_037,valid
r_00043,3,b_009,valid
r_00043,3,b_048,valid
r_00043,3,b_010,valid
r_00043,3,b_015,valid
r_00043,3,b_028,valid
r_00043,3,b_055,valid
r_00043,3,b_011,valid
r_00043,3,b_002,valid
r_00043,3,b_004,valid
r_00043,3,b_016,valid
r_00043,3,b_058,valid
r_00043,3,b_050,valid
r_00043,3,b_049,valid
r_00043,3,b_025,valid
r_00043,3,b_042,valid
r_00044,3,b_030,test
r_00044,3,b_064,test
r_00044,3,b_073,test
r_00044,3,b_065,test
r_00044,3,b_036,test
r_00044,3,b_012,test
r_00044,3,b_067,test
r_00044,3,b_003,test
r_00044,3,b_050,test
r_00044,3,b_071,test
r_00044,3,b_037,test
r_00044,3,b_015,test
r_00044,3,b_048,test
r_00044,3,b_062,test
r_00044,3,b_041,test
r_00044,3,b_026,test
r_00044,3,b_007,test
r_00044,3,b_080,test
r_00044,3,b_061,test
r_00044,3,b_017,test
r_00045,3,b_022,train
r_00045,3,b_046,train
r_00045,3,b_015,train
r_00045,3,b_018,train
r_00045,3,b_024,train
r_00045,3,b_017,train
r_00045,3,b_044,train
r_00045,3,b_013,train
r_00045,3,b_049,train
r_00045,3,b_060,train
r_00045,3,b_033,train
r_00045,3,b_041,train
r_00045,3,b_002,train
r_00045,3,b_032,train
r_00045,3,b_007,train
r_00045,3,b_016,train
r_00045,3,b_051,train
r_00045,3,b_001,train
r_00045,3,b_023,train
r_00045,3,b_057,train
r_00046,3,b_074,valid
r_00046,3,b_070,valid
r_00046,3,b_020,valid
r_00046,3,b_038,valid
r_00046,3,b_023,valid
r_00046,3,b_073,valid
r_00046,3,b_012,valid
r_00046,3,b_030,valid
r_00046,3,b_042,valid
r_00046,3,b_063,valid
r_00046,3,b_077,valid
r_00046,3,b_036,valid
r_00046,3,b_052,valid
r_00046,3,b_016,valid
r_00046,3,b_011,valid
r_00046,3,b_050,valid
r_00046,3,b_022,valid
r_00046,3,b_029,valid
r_00046,3,b_045,valid
r_00046,3,b_017,valid
r_00047,3,b_022,train
r_00047,3,b_059,train
r_00047,3,b_061,train
r_00047,3,b_054,train
r_00047,3,b_002,train
r_00047,3,b_020,train
r_00047,3,b_011,train
r_00047,3,b_027,train
r_00047,3,b_053,train
r_00047,3,b_037,train
r_00047,3,b_063,train
r_00047,3,b_060,train
r_00047,3,b_019,train
r_00047,3,b_046,train
r_00047,3,b_051,train
r_00047,3,b_052,train
r_00047,3,b_076,train
r_00047,3,b_080,train
r_00047,3,b_072,train
r_00047,3,b_075,train
r_00048,3,b_063,train
r_00048,3,b_011,train
r_00048,3,b_052,train
r_00048,3,b_051,train
r_00048,3,b_077,train
r_00048,3,b_010,train
r_00048,3,b_044,train
r_00048,3,b_061,train
r_00048,3,b_059,train
r_00048,3,b_053,train
r_00048,3,b_048,train
r_00048,3,b_050,train
r_00048,3,b_020,train
r_00048,3,b_007,train
r_00048,3,b_026,train
r_00048,3,b_070,train
r_00048,3,b_075,train
r_00048,3,b_019,train
r_00048,3,b_071,train
r_00048,3,b_027,train
r_00049,3,b_069,test
r_00049,3,b_057,test
r_00049,3,b_031,test
r_00049,3,b_018,test
r_00049,3,b_056,test
r_00049,3,b_052,test
r_00049,3,b_009,test
r_00049,3,b_021,test
r_00049,3,b_048,test
r_00049,3,b_002,test
r_00049,3,b_038,test
r_00049,3,b_037,test
r_00049,3,b_078,test
r_00049,3,b_019,test
r_00049,3,b_033,test
r_00049,3,b_066,test
r_00049,3,b_047,test
r_00049,3,b_013,test
r_00049,3,b_064,test
r_00049,3,b_029,test
r_00050,3,b_043,train
r_00050,3,b_057,train
r_00050,3,b_030,train
r_00050,3,b_042,train
r_00050,3,b_014,train
r_00050,3,b_012,train
r_00050,3,b_031,train
r_00050,3,b_068,train
r_00050,3,b_028,train
r_00050,3,b_072,train
r_00050,3,b_056,train
r_00050,3,b_040,train
r_00050,3,b_010,train
r_00050,3,b_063,train
r_00050,3,b_009,train
r_00050,3,b_079,train
r_00050,3,b_025,train
r_00050,3,b_008,train
r_00050,3,b_011,train
r_00050,3,b_050,train
r_00051,3,b_013,train
r_00051,3,b_028,train
r_00051,3,b_034,train
r_00051,3,b_030,train
r_00051,3,b_035,train
r_00051,3,b_064,train
r_00051,3,b_036,train
r_00051,3,b_046,train
r_00051,3,b_027,train
r_00051,3,b_038,train
r_00051,3,b_069,train
r_00051,3,b_079,train
r_00051,3,b_061,train
r_00051,3,b_029,train
r_00051,3,b_062,train
r_00051,3,b_044,train
r_00051,3,b_021,train
r_00051,3,b_023,train
r_00051,3,b_067,train
r_00051,3,b_017,train
r_00052,3,b_048,train
r_00052,3,b_023,train
r_00052,3,b_028,train
r_00052,3,b_053,train
r_00052,3,b_001,train
r_00052,3,b_042,train
r_00052,3,b_007,train
r_00052,3,b_078,train
r_00052,3,b_036,train
r_00052,3,b_008,train
r_00052,3,b_018,train
r_00052,3,b_020,train
r_00052,3,b_052,train
r_00052,3,b_014,train
r_00052,3,b_065,train
r_00052,3,b_009,train
r_00052,3,b_072,train
r_00052,3,b_070,train
r_00052,3,b_022,train
r_00052,3,b_055,train
r_00053,3,b_012,test
r_00053,3,b_028,test
r_00053,3,b_005,test
r_00053,3,b_068,test
r_00053,3,b_009,test
r_00053,3,b_049,test
r_00053,3,b_031,test
r_00053,3,b_046,test
r_00053,3,b_027,test
r_00053,3,b_033,test
r_00053,3,b_038,test
r_00053,3,b_055,test
r_00053,3,b_022,test
r_00053,3,b_007,test
r_00053,3,b_026,test
r_00053,3,b_074,test
r_00053,3,b_032,test
r_00053,3,b_024,test
r_00053,3,b_018,test
r_00053,3,b_002,test
r_00054,3,b_050,train
r_00054,3,b_074,train
r_00054,3,b_057,train
r_00054,3,b_047,train
r_00054,3,b_017,train
r_00054,3,b_043,train
r_00054,3,b_061,train
r_00054,3,b_063,train
r_00054,3,b_058,train
r_00054,3,b_004,train
r_00054,3,b_019,train
r_00054,3,b_077,train
r_00054,3,b_025,train
r_00054,3,b_015,train
r_00054,3,b_044,train
r_00054,3,b_066,train
r_00054,3,b_024,train
r_00054,3,b_034,train
r_00054,3,b_031,train
r_00054,3,b_041,train
r_00055,3,b_067,train
r_00055,3,b_051,train
r_00055,3,b_007,train
r_00055,3,b_045,train
r_00055,3,b_049,train
r_00055,3,b_035,train
r_00055,3,b_027,train
r_00055,3,b_077,train
r_00055,3,b_031,train
r_00055,3,b_062,train
r_00055,3,b_074,train
r_00055,3,b_079,train
r_00055,3,b_060,train
r_00055,3,b_022,train
r_00055,3,b_004,train
r_00055,3,b_061,train
r_00055,3,b_047,train
r_00055,3,b_011,train
r_00055,3,b_009,train
r_00055,3,b_008,train
r_00056,3,b_035,valid
r_00056,3,b_002,valid
r_00056,3,b_027,valid
r_00056,3,b_033,valid
r_00056,3,b_058,valid
r_00056,3,b_064,valid
r_00056,3,b_040,valid
r_00056,3,b_001,valid
r_00056,3,b_060,valid
r_00056,3,b_036,valid
r_00056,3,b_005,valid
r_00056,3,b_045,valid
r_00056,3,b_007,valid
r_00056,3,b_028,valid
r_00056,3,b_052,valid
r_00056,3,b_079,valid
r_00056,3,b_072,valid
r_00056,3,b_032,valid
r_00056,3,b_013,valid
r_00056,3,b_034,valid
r_00057,3,b_079,train
r_00057,3,b_003,train
r_00057,3,b_017,train
r_00057,3,b_005,train
r_00057,3,b_059,train
r_00057,3,b_076,train
r_00057,3,b_010,train
r_00057,3,b_008,train
r_00057,3,b_027,train
r_00057,3,b_022,train
r_00057,3,b_006,train
r_00057,3,b_080,train
r_00057,3,b_049,train
r_00057,3,b_018,train
r_00057,3,b_038,train
r_00057,3,b_037,train
r_00057,3,b_020,train
r_00057,3,b_016,train
r_00057,3,b_015,train
r_00057,3,b_054,train
r_00058,3,b_011,train
r_00058,3,b_041,train
r_00058,3,b_057,train
r_00058,3,b_026,train
r_00058,3,b_063,train
r_00058,3,b_015,train
r_00058,3,b_010,train
r_00058,3,b_072,train
r_00058,3,b_071,train
r_00058,3,b_080,train
r_00058,3,b_037,train
r_00058,3,b_056,train
r_00058,3,b_058,train
r_00058,3,b_077,train
r_00058,3,b_031,train
r_00058,3,b_049,train
r_00058,3,b_024,train
r_00058,3,b_030,train
r_00058,3,b_070,train
r_00058,3,b_012,train
r_00059,3,b_075,test
r_00059,3,b_004,test
r_00059,3,b_015,test
r_00059,3,b_041,test
r_00059,3,b_046,test
r_00059,3,b_062,test
r_00059,3,b_019,test
r_00059,3,b_039,test
r_00059,3,b_012,test
r_00059,3,b_056,test
r_00059,3,b_029,test
r_00059,3,b_006,test
r_00059,3,b_007,test
r_00059,3,b_037,test
r_00059,3,b_020,test
r_00059,3,b_067,test
r_00059,3,b_076,test
r_00059,3,b_064,test
r_00059,3,b_071,test
r_00059,3,b_026,test
r_00060,3,b_029,train
r_00060,3,b_077,train
r_00060,3,b_063,train
r_00060,3,b_062,train
r_00060,3,b_059,train
r_00060,3,b_064,train
r_00060,3,b_037,train
r_00060,3,b_015,train
r_00060,3,b_066,train
r_00060,3,b_041,train
r_00060,3,b_011,train
r_00060,3,b_018,train
r_00060,3,b_042,train
r_00060,3,b_017,train
r_00060,3,b_067,train
r_00060,3,b_055,train
r_00060,3,b_069,train
r_00060,3,b_008,train
r_00060,3,b_057,train
r_00060,3,b_048,train
r_00061,3,b_001,test
r_00061,3,b_048,test
r_00061,3,b_037,test
r_00061,3,b_060,test
r_00061,3,b_063,test
r_00061,3,b_073,test
r_00061,3,b_051,test
r_00061,3,b_066,test
r_00061,3,b_022,test
r_00061,3,b_007,test
r_00061,3,b_019,test
r_00061,3,b_031,test
r_00061,3,b_028,test
r_00061,3,b_039,test
r_00061,3,b_077,test
r_00061,3,b_018,test
r_00061,3,b_032,test
r_00061,3,b_054,test
r_00061,3,b_075,test
r_00061,3,b_046,test
r_00062,3,b_033,test
r_00062,3,b_059,test
r_00062,3,b_063,test
r_00062,3,b_056,test
r_00062,3,b_007,test
r_00062,3,b_049,test
r_00062,3,b_045,test
r_00062,3,b_038,test
r_00062,3,b_062,test
r_00062,3,b_048,test
r_00062,3,b_043,test
r_00062,3,b_064,test
r_00062,3,b_013,test
r_00062,3,b_080,test
r_00062,3,b_029,test
r_00062,3,b_008,test
r_00062,3,b_011,test
r_00062,3,b_070,test
r_00062,3,b_074,test
r_00062,3,b_026,test
r_00063,3,b_045,train
r_00063,3,b_041,train
r_00063,3,b_053,train
r_00063,3,b_026,train
r_00063,3,b_052,train
r_00063,3,b_048,train
r_00063,3,b_019,train
r_00063,3,b_009,train
r_00063,3,b_044,train
r_00063,3,b_060,train
r_00063,3,b_059,train
r_00063,3,b_061,train
r_00063,3,b_069,train
r_00063,3,b_040,train
r_00063,3,b_057,train
r_00063,3,b_011,train
r_00063,3,b_007,train
r_00063,3,b_012,train
r_00063,3,b_075,train
r_00063,3,b_072,train
r_00064,3,b_012,valid
r_00064,3,b_022,valid
r_00064,3,b_016,valid
r_00064,3,b_076,valid
r_00064,3,b_074,valid
r_00064,3,b_061,valid
r_00064,3,b_067,valid
r_00064,3,b_023,valid
r_00064,3,b_052,valid
r_00064,3,b_047,valid
r_00064,3,b_010,valid
r_00064,3,b_058,valid
r_00064,3,b_064,valid
r_00064,3,b_044,valid
r_00064,3,b_015,valid
r_00064,3,b_048,valid
r_00064,3,b_003,valid
r_00064,3,b_033,valid
r_00064,3,b_080,valid
r_00064,3,b_075,valid
r_00065,3,b_069,test
r_00065,3,b_033,test
r_00065,3,b_060,test
r_00065,3,b_044,test
r_00065,3,b_061,test
r_00065,3,b_079,test
r_00065,3,b_065,test
r_00065,3,b_023,test
r_00065,3,b_034,test
r_00065,3,b_074,test
r_00065,3,b_019,test
r_00065,3,b_031,test
r_00065,3,b_045,test
r_00065,3,b_072,test
r_00065,3,b_041,test
r_00065,3,b_003,test
r_00065,3,b_040,test
r_00065,3,b_018,test
r_00065,3,b_042,test
r_00065,3,b_001,test
r_00066,3,b_022,train
r_00066,3,b_070,train
r_00066,3,b_055,train
r_00066,3,b_074,train
r_00066,3,b_071,train
r_00066,3,b_019,train
r_00066,3,b_012,train
r_00066,3,b_008,train
r_00066,3,b_078,train
r_00066,3,b_026,train
r_00066,3,b_032,train
r_00066,3,b_073,train
r_00066,3,b_072,train
r_00066,3,b_014,train
r_00066,3,b_077,train
r_00066,3,b_020,train
r_00066,3,b_056,train
r_00066,3,b_046,train
r_00066,3,b_057,train
r_00066,3,b_067,train
r_00067,3,b_054,train
r_00067,3,b_061,train
r_00067,3,b_047,train
r_00067,3,b_071,train
r_00067,3,b_037,train
r_00067,3,b_025,train
r_00067,3,b_014,train
r_00067,3,b_017,train
r_00067,3,b_048,train
r_00067,3,b_040,train
r_00067,3,b_030,train
r_00067,3,b_020,train
r_00067,3,b_012,train
r_00067,3,b_042,train
r_00067,3,b_066,train
r_00067,3,b_074,train
r_00067,3,b_041,train
r_00067,3,b_046,train
r_00067,3,b_003,train
r_00067,3,b_080,train
r_00068,3,b_028,train
r_00068,3,b_032,train
r_00068,3,b_030,train
r_00068,3,b_012,train
r_00068,3,b_010,train
r_00068,3,b_066,train
r_00068,3,b_064,train
r_00068,3,b_076,train
r_00068,3,b_045,train
r_00068,3,b_048,train
r_00068,3,b_070,train
r_00068,3,b_063,train
r_00068,3,b_003,train
r_00068,3,b_031,train
r_00068,3,b_062,train
r_00068,3,b_042,train
r_00068,3,b_050,train
r_00068,3,b_027,train
r_00068,3,b_037,train
r_00068,3,b_080,train
r_00069,3,b_066,test
r_00069,3,b_074,test
r_00069,3,b_002,test
r_00069,3,b_032,test
r_00069,3,b_035,test
r_00069,3,b_056,test
r_00069,3,b_078,test
r_00069,3,b_019,test
r_00069,3,b_033,test
r_00069,3,b_067,test
r_00069,3,b_041,test
r_00069,3,b_070,test
r_00069,3,b_064,test
r_00069,3,b_005,test
r_00069,3,b_061,test
r_00069,3,b_054,test
r_00069,3,b_038,test
r_00069,3,b_065,test
r_00069,3,b_004,test
r_00069,3,b_072,test
r_00070,3,b_050,valid
r_00070,3,b_037,valid
r_00070,3,b_011,valid
r_00070,3,b_018,valid
r_00070,3,b_069,valid
r_00070,3,b_056,valid
r_00070,3,b_042,valid
r_00070,3,b_003,valid
r_00070,3,b_004,valid
r_00070,3,b_041,valid
r_00070,3,b_015,valid
r_00070,3,b_059,valid
r_00070,3,b_008,valid
r_00070,3,b_013,valid
r_00070,3,b_054,valid
r_00070,3,b_043,valid
r_00070,3,b_017,valid
r_00070,3,b_016,valid
r_00070,3,b_032,valid
r_00070,3,b_077,valid
r_00071,3,b_018,test
r_00071,3,b_001,test
r_00071,3,b_053,test
r_00071,3,b_046,test
r_00071,3,b_005,test
r_00071,3,b_012,test
r_00071,3,b_050,test
r_00071,3,b_078,test
r_00071,3,b_011,test
r_00071,3,b_003,test
r_00071,3,b_034,test
r_00071,3,b_071,test
r_00071,3,b_072,test
r_00071,3,b_079,test
r_00071,3,b_076,test
r_00071,3,b_073,test
r_00071,3,b_063,test
r_00071,3,b_027,test
r_00071,3,b_036,test
r_00071,3,b_037,test
r_00072,3,b_047,train
r_00072,3,b_070,train
r_00072,3,b_021,train
r_00072,3,b_079,train
r_00072,3,b_001,train
r_00072,3,b_034,train
r_00072,3,b_038,train
r_00072,3,b_008,train
r_00072,3,b_007,train
r_00072,3,b_041,train
r_00072,3,b_065,train
r_00072,3,b_015,train
r_00072,3,b_049,train
r_00072,3,b_073,train
r_00072,3,b_069,train
r_00072,3,b_010,train
r_00072,3,b_004,train
r_00072,3,b_044,train
r_00072,3,b_060,train
r_00072,3,b_063,train
r_00073,3,b_057,valid
r_00073,3,b_067,valid
r_00073,3,b_037,valid
r_00073,3,b_078,valid
r_00073,3,b_066,valid
r_00073,3,b_010,valid
r_00073,3,b_025,valid
r_00073,3,b_068,valid
r_00073,3,b_060,valid
r_00073,3,b_061,valid
r_00073,3,b_028,valid
r_00073,3,b_009,valid
r_00073,3,b_063,valid
r_00073,3,b_022,valid
r_00073,3,b_026,valid
r_00073,3,b_072,valid
r_00073,3,b_014,valid
r_00073,3,b_045,valid
r_00073,3,b_041,valid
r_00073,3,b_004,valid
r_00074,3,b_035,train
r_00074,3,b_067,train
r_00074,3,b_026,train
r_00074,3,b_049,train
r_00074,3,b_078,train
r_00074,3,b_023,train
r_00074,3,b_025,train
r_00074,3,b_077,train
r_00074,3,b_042,train
r_00074,3,b_036,train
r_00074,3,b_070,train
r_00074,3,b_008,train
r_00074,3,b_046,train
r_00074,3,b_010,train
r_00074,3,b_065,train
r_00074,3,b_018,train
r_00074,3,b_030,train
r_00074,3,b_073,train
r_00074,3,b_027,train
r_00074,3,b_037,train
r_00075,3,b_011,valid
r_00075,3,b_065,valid
r_00075,3,b_007,valid
r_00075,3,b_002,valid
r_00075,3,b_068,valid
r_00075,3,b_067,valid
r_00075,3,b_037,valid
r_00075,3,b_050,valid
r_00075,3,b_008,valid
r_00075,3,b_074,valid
r_00075,3,b_003,valid
r_00075,3,b_045,valid
r_00075,3,b_036,valid
r_00075,3,b_029,valid
r_00075,3,b_031,valid
r_00075,3,b_047,valid
r_00075,3,b_049,valid
r_00075,3,b_059,valid
r_00075,3,b_025,valid
r_00075,3,b_009,valid
r_00076,3,b_080,test
r_00076,3,b_005,test
r_00076,3,b_072,test
r_00076,3,b_002,test
r_00076,3,b_025,test
r_00076,3,b_033,test
r_00076,3,b_034,test
r_00076,3,b_017,test
r_00076,3,b_029,test
r_00076,3,b_010,test
r_00076,3,b_041,test
r_00076,3,b_019,test
r_00076,3,b_013,test
r_00076,3,b_078,test
r_00076,3,b_075,test
r_00076,3,b_047,test
r_00076,3,b_035,test
r_00076,3,b_037,test
r_00076,3,b_028,test
r_00076,3,b_043,test
r_00077,3,b_056,test
r_00077,3,b_073,test
r_00077,3,b_080,test
r_00077,3,b_029,test
r_00077,3,b_009,test
r_00077,3,b_005,test
r_00077,3,b_053,test
r_00077,3,b_059,test
r_00077,3,b_062,test
r_00077,3,b_012,test
r_00077,3,b_021,test
r_00077,3,b_023,test
r_00077,3,b_052,test
r_00077,3,b_048,test
r_00077,3,b_047,test
r_00077,3,b_024,test
r_00077,3,b_007,test
r_00077,3,b_041,test
r_00077,3,b_014,test
r_00077,3,b_061,test
r_00078,3,b_034,train
r_00078,3,b_068,train
r_00078,3,b_002,train
r_00078,3,b_005,train
r_00078,3,b_077,train
r_00078,3,b_069,train
r_00078,3,b_051,train
r_00078,3,b_052,train
r_00078,3,b_041,train
r_00078,3,b_040,train
r_00078,3,b_012,train
r_00078,3,b_037,train
r_00078,3,b_013,train
r_00078,3,b_009,train
r_00078,3,b_007,train
r_00078,3,b_056,train
r_00078,3,b_011,train
r_00078,3,b_075,train
r_00078,3,b_042,train
r_00078,3,b_023,train
r_00079,3,b_077,train
r_00079,3,b_035,train
r_00079,3,b_017,train
r_00079,3,b_042,train
r_00079,3,b_024,train
r_00079,3,b_044,train
r_00079,3,b_003,train
r_00079,3,b_012,train
r_00079,3,b_040,train
r_00079,3,b_038,train
r_00079,3,b_001,train
r_00079,3,b_041,train
r_00079,3,b_078,train
r_00079,3,b_032,train
r_00079,3,b_030,train
r_00079,3,b_027,train
r_00079,3,b_010,train
r_00079,3,b_011,train
r_00079,3,b_021,train
r_00079,3,b_046,train
r_00080,3,b_032,test
r_00080,3,b_034,test
r_00080,3,b_007,test
r_00080,3,b_054,test
r_00080,3,b_050,test
r_00080,3,b_035,test
r_00080,3,b_043,test
r_00080,3,b_056,test
r_00080,3,b_010,test
r_00080,3,b_015,test
r_00080,3,b_024,test
r_00080,3,b_048,test
r_00080,3,b_052,test
r_00080,3,b_072,test
r_00080,3,b_016,test
r_00080,3,b_006,test
r_00080,3,b_062,test
r_00080,3,b_076,test
r_00080,3,b_046,test
r_00080,3,b_017,test
r_00081,3,b_045,valid
r_00081,3,b_011,valid
r_00081,3,b_053,valid
r_00081,3,b_044,valid
r_00081,3,b_007,valid
r_00081,3,b_005,valid
r_00081,3,b_059,valid
r_00081,3,b_024,valid
r_00081,3,b_064,valid
r_00081,3,b_041,valid
r_00081,3,b_061,valid
r_00081,3,b_058,valid
r_00081,3,b_032,valid
r_00081,3,b_072,valid
r_00081,3,b_018,valid
r_00081,3,b_014,valid
r_00081,3,b_074,valid
r_00081,3,b_019,valid
r_00081,3,b_065,valid
r_00081,3,b_077,valid
r_00082,3,b_028,test
r_00082,3,b_059,test
r_00082,3,b_024,test
r_00082,3,b_018,test
r_00082,3,b_051,test
r_00082,3,b_061,test
r_00082,3,b_048,test
r_00082,3,b_075,test
r_00082,3,b_062,test
r_00082,3,b_027,test
r_00082,3,b_043,test
r_00082,3,b_069,test
r_00082,3,b_017,test
r_00082,3,b_079,test
r_00082,3,b_071,test
r_00082,3,b_078,test
r_00082,3,b_014,test
r_00082,3,b_019,test
r_00082,3,b_030,test
r_00082,3,b_074,test
r_00083,3,b_078,test
r_00083,3,b_063,test
r_00083,3,b_018,test
r_00083,3,b_022,test
r_00083,3,b_049,test
r_00083,3,b_024,test
r_00083,3,b_037,test
r_00083,3,b_066,test
r_00083,3,b_030,test
r_00083,3,b_043,test
r_00083,3,b_062,test
r_00083,3,b_035,test
r_00083,3,b_003,test
r_00083,3,b_061,test
r_00083,3,b_067,test
r_00083,3,b_072,test
r_00083,3,b_057,test
r_00083,3,b_065,test
r_00083,3,b_038,test
r_00083,3,b_047,test
r_00084,3,b_048,test
r_00084,3,b_010,test
r_00084,3,b_036,test
r_00084,3,b_005,test
r_00084,3,b_018,test
r_00084,3,b_024,test
r_00084,3,b_044,test
r_00084,3,b_037,test
r_00084,3,b_046,test
r_00084,3,b_014,test
r_00084,3,b_023,test
r_00084,3,b_022,test
r_00084,3,b_007,test
r_00084,3,b_021,test
r_00084,3,b_060,test
r_00084,3,b_002,test
r_00084,3,b_062,test
r_00084,3,b_006,test
r_00084,3,b_054,test
r_00084,3,b_055,test
r_00085,3,b_008,test
r_00085,3,b_026,test
r_00085,3,b_074,test
r_00085,3,b_068,test
r_00085,3,b_056,test
r_00085,3,b_073,test
r_00085,3,b_071,test
r_00085,3,b_006,test
r_00085,3,b_001,test
r_00085,3,b_011,test
r_00085,3,b_052,test
r_00085,3,b_013,test
r_00085,3,b_063,test
r_00085,3,b_018,test
r_00085,3,b_048,test
r_00085,3,b_044,test
r_00085,3,b_043,test
r_00085,3,b_038,test
r_00085,3,b_034,test
r_00085,3,b_045,test
r_00086,3,b_021,train
r_00086,3,b_077,train
r_00086,3,b_075,train
r_00086,3,b_061,train
r_00086,3,b_003,train
r_00086,3,b_076,train
r_00086,3,b_031,train
r_00086,3,b_028,train
r_00086,3,b_002,train
r_00086,3,b_013,train
r_00086,3,b_062,train
r_00086,3,b_035,train
r_00086,3,b_060,train
r_00086,3,b_072,train
r_00086,3,b_053,train
r_00086,3,b_057,train
r_00086,3,b_024,train
r_00086,3,b_001,train
r_00086,3,b_037,train
r_00086,3,b_029,train
r_00087,3,b_070,train
r_00087,3,b_065,train
r_00087,3,b_020,train
r_00087,3,b_055,train
r_00087,3,b_002,train
r_00087,3,b_047,train
r_00087,3,b_063,train
r_00087,3,b_007,train
r_00087,3,b_075,train
r_00087,3,b_073,train
r_00087,3,b_005,train
r_00087,3,b_062,train
r_00087,3,b_068,train
r_00087,3,b_038,train
r_00087,3,b_026,train
r_00087,3,b_010,train
r_00087,3,b_037,train
r_00087,3,b_059,train
r_00087,3,b_016,train
r_00087,3,b_052,train
r_00088,3,b_006,valid
r_00088,3,b_010,valid
r_00088,3,b_057,valid
r_00088,3,b_009,valid
r_00088,3,b_051,valid
r_00088,3,b_047,valid
r_00088,3,b_067,valid
r_00088,3,b_065,valid
r_00088,3,b_071,valid
r_00088,3,b_007,valid
r_00088,3,b_013,valid
r_00088,3,b_061,valid
r_00088,3,b_016,valid
r_00088,3,b_027,valid
r_00088,3,b_041,valid
r_00088,3,b_001,valid
r_00088,3,b_064,valid
r_00088,3,b_023,valid
r_00088,3,b_053,valid
r_00088,3,b_002,valid
r_00089,3,b_039,test
r_00089,3,b_053,test
r_00089,3,b_049,test
r_00089,3,b_026,test
r_00089,3,b_044,test
r_00089,3,b_046,test
r_00089,3,b_059,test
r_00089,3,b_025,test
r_00089,3,b_069,test
r_00089,3,b_032,test
r_00089,3,b_034,test
r_00089,3,b_017,test
r_00089,3,b_064,test
r_00089,3,b_024,test
r_00089,3,b_054,test
r_00089,3,b_031,test
r_00089,3,b_029,test
r_00089,3,b_010,test
r_00089,3,b_021,test
r_00089,3,b_052,test
r_00090,3,b_012,test
r_00090,3,b_028,test
r_00090,3,b_041,test
r_00090,3,b_078,test
r_00090,3,b_055,test
r_00090,3,b_077,test
r_00090,3,b_079,test
r_00090,3,b_019,test
r_00090,3,b_025,test
r_00090,3,b_014,test
r_00090,3,b_034,test
r_00090,3,b_072,test
r_00090,3,b_013,test
r_00090,3,b_035,test
r_00090,3,b_026,test
r_00090,3,b_030,test
r_00090,3,b_024,test
r_00090,3,b_016,test
r_00090,3,b_015,test
r_00090,3,b_052,test
r_00091,3,b_080,test
r_00091,3,b_026,test
r_00091,3,b_071,test
r_00091,3,b_079,test
r_00091,3,b_060,test
r_00091,3,b_029,test
r_00091,3,b_078,test
r_00091,3,b_003,test
r_00091,3,b_075,test
r_00091,3,b_067,test
r_00091,3,b_032,test
r_00091,3,b_057,test
r_00091,3,b_035,test
r_00091,3,b_009,test
r_00091,3,b_059,test
r_00091,3,b_040,test
r_00091,3,b_050,test
r_00091,3,b_061,test
r_00091,3,b_064,test
r_00091,3,b_025,test
r_00092,3,b_003,train
r_00092,3,b_009,train
r_00092,3,b_020,train
r_00092,3,b_019,train
r_00092,3,b_047,train
r_00092,3,b_049,train
r_00092,3,b_055,train
r_00092,3,b_063,train
r_00092,3,b_025,train
r_00092,3,b_052,train
r_00092,3,b_068,train
r_00092,3,b_022,train
r_00092,3,b_037,train
r_00092,3,b_054,train
r_00092,3,b_045,train
r_00092,3,b_075,train
r_00092,3,b_008,train
r_00092,3,b_064,train
r_00092,3,b_005,train
r_00092,3,b_073,train
r_00093,3,b_038,train
r_00093,3,b_068,train
r_00093,3,b_021,train
r_00093,3,b_056,train
r_00093,3,b_010,train
r_00093,3,b_057,train
r_00093,3,b_042,train
r_00093,3,b_061,train
r_00093,3,b_065,train
r_00093,3,b_005,train
r_00093,3,b_020,train
r_00093,3,b_007,train
r_00093,3,b_079,train
r_00093,3,b_053,train
r_00093,3,b_013,train
r_00093,3,b_029,train
r_00093,3,b_075,train
r_00093,3,b_041,train
r_00093,3,b_054,train
r_00093,3,b_040,train
r_00094,3,b_048,train
r_00094,3,b_060,train
r_00094,3,b_020,train
r_00094,3,b_008,train
r_00094,3,b_044,train
r_00094,3,b_015,train
r_00094,3,b_035,train
r_00094,3,b_034,train
r_00094,3,b_059,train
r_00094,3,b_002,train
r_00094,3,b_053,train
r_00094,3,b_014,train
r_00094,3,b_011,train
r_00094,3,b_045,train
r_00094,3,b_071,train
r_00094,3,b_017,train
r_00094,3,b_029,train
r_00094,3,b_018,train
r_00094,3,b_055,train
r_00094,3,b_024,train
r_00095,3,b_025,train
r_00095,3,b_015,train
r_00095,3,b_038,train
r_00095,3,b_078,train
r_00095,3,b_073,train
r_00095,3,b_024,train
r_00095,3,b_042,train
r_00095,3,b_066,train
r_00095,3,b_007,train
r_00095,3,b_075,train
r_00095,3,b_060,train
r_00095,3,b_058,train
r_00095,3,b_054,train
r_00095,3,b_047,train
r_00095,3,b_055,train
r_00095,3,b_027,train
r_00095,3,b_056,train
r_00095,3,b_046,train
r_00095,3,b_013,train
r_00095,3,b_036,train
r_00096,3,b_005,train
r_00096,3,b_045,train
r_00096,3,b_074,train
r_00096,3,b_073,train
r_00096,3,b_067,train
r_00096,3,b_032,train
r_00096,3,b_017,train
r_00096,3,b_058,train
r_00096,3,b_036,train
r_00096,3,b_078,train
r_00096,3,b_044,train
r_00096,3,b_060,train
r_00096,3,b_077,train
r_00096,3,b_051,train
r_00096,3,b_037,train
r_00096,3,b_076,train
r_00096,3,b_059,train
r_00096,3,b_015,train
r_00096,3,b_025,train
r_00096,3,b_019,train
r_00097,3,b_065,valid
r_00097,3,b_070,valid
r_00097,3,b_058,valid
r_00097,3,b_056,valid
r_00097,3,b_076,valid
r_00097,3,b_013,valid
r_00097,3,b_032,valid
r_00097,3,b_012,valid
r_00097,3,b_022,valid
r_00097,3,b_061,valid
r_00097,3,b_067,valid
r_00097,3,b_031,valid
r_00097,3,b_005,valid
r_00097,3,b_001,valid
r_00097,3,b_059,valid
r_00097,3,b_055,valid
r_00097,3,b_043,valid
r_00097,3,b_069,valid
r_00097,3,b_014,valid
r_00097,3,b_018,valid
r_00098,3,b_020,train
r_00098,3,b_009,train
r_00098,3,b_038,train
r_00098,3,b_003,train
r_00098,3,b_067,train
r_00098,3,b_014,train
r_00098,3,b_025,train
r_00098,3,b_073,train
r_00098,3,b_018,train
r_00098,3,b_001,train
r_00098,3,b_006,train
r_00098,3,b_063,train
r_00098,3,b_065,train
r_00098,3,b_076,train
r_00098,3,b_041,train
r_00098,3,b_037,train
r_00098,3,b_005,train
r_00098,3,b_061,train
r_00098,3,b_042,train
r_00098,3,b_074,train
r_00099,3,b_067,test
r_00099,3,b_019,test
r_00099,3,b_041,test
r_00099,3,b_009,test
r_00099,3,b_069,test
r_00099,3,b_015,test
r_00099,3,b_080,test
r_00099,3,b_049,test
r_00099,3,b_021,test
r_00099,3,b_004,test
r_00099,3,b_063,test
r_00099,3,b_055,test
r_00099,3,b_054,test
r_00099,3,b_017,test
r_00099,3,b_075,test
r_00099,3,b_016,test
r_00099,3,b_076,test
r_00099,3,b_007,test
r_00099,3,b_043,test
r_00099,3,b_023,test
r_00100,3,b_043,valid
r_00100,3,b_031,valid
r_00100,3,b_003,valid
r_00100,3,b_078,valid
r_00100,3,b_061,valid
r_00100,3,b_072,valid
r_00100,3,b_068,valid
r_00100,3,b_046,valid
r_00100,3,b_060,valid
r_00100,3,b_067,valid
r_00100,3,b_080,valid
r_00100,3,b_040,valid
r_00100,3,b_018,valid
r_00100,3,b_069,valid
r_00100,3,b_079,valid
r_00100,3,b_011,valid
r_00100,3,b_023,valid
r_00100,3,b_075,valid
r_00100,3,b_054,valid
r_00100,3,b_065,valid
r_00101,3,b_029,train
r_00101,3,b_034,train
r_00101,3,b_008,train
r_00101,3,b_052,train
r_00101,3,b_025,train
r_00101,3,b_003,train
r_00101,3,b_015,train
r_00101,3,b_050,train
r_00101,3,b_054,train
r_00101,3,b_041,train
r_00101,3,b_043,train
r_00101,3,b_038,train
r_00101,3,b_022,train
r_00101,3,b_072,train
r_00101,3,b_046,train
r_00101,3,b_024,train
r_00101,3,b_068,train
r_00101,3,b_070,train
r_00101,3,b_037,train
r_00101,3,b_023,train
r_00102,3,b_003,train
r_00102,3,b_038,train
r_00102,3,b_060,train
r_00102,3,b_053,train
r_00102,3,b_015,train
r_00102,3,b_030,train
r_00102,3,b_019,train
r_00102,3,b_051,train
r_00102,3,b_024,train
r_00102,3,b_016,train
r_00102,3,b_071,train
r_00102,3,b_057,train
r_00102,3,b_050,train
r_00102,3,b_076,train
r_00102,3,b_036,train
r_00102,3,b_044,train
r_00102,3,b_027,train
r_00102,3,b_021,train
r_00102,3,b_063,train
r_00102,3,b_079,train
r_00103,3,b_072,train
r_00103,3,b_033,train
r_00103,3,b_070,train
r_00103,3,b_042,train
r_00103,3,b_016,train
r_00103,3,b_069,train
r_00103,3,b_021,train
r_00103,3,b_075,train
r_00103,3,b_001,train
r_00103,3,b_066,train
r_00103,3,b_041,train
r_00103,3,b_055,train
r_00103,3,b_017,train
r_00103,3,b_077,train
r_00103,3,b_047,train
r_00103,3,b_018,train
r_00103,3,b_005,train
r_00103,3,b_067,train
r_00103,3,b_019,train
r_00103,3,b_029,train
r_00104,3,b_020,train
r_00104,3,b_058,train
r_00104,3,b_049,train
r_00104,3,b_038,train
r_00104,3,b_047,train
r_00104,3,b_054,train
r_00104,3,b_005,train
r_00104,3,b_022,train
r_00104,3,b_037,train
r_00104,3,b_073,train
r_00104,3,b_001,train
r_00104,3,b_021,train
r_00104,3,b_067,train
r_00104,3,b_045,train
r_00104,3,b_026,train
r_00104,3,b_053,train
r_00104,3,b_014,train
r_00104,3,b_036,train
r_00104,3,b_078,train
r_00104,3,b_042,train
r_00105,3,b_080,train
r_00105,3,b_025,train
r_00105,3,b_032,train
r_00105,3,b_079,train
r_00105,3,b_044,train
r_00105,3,b_038,train
r_00105,3,b_070,train
r_00105,3,b_012,train
r_00105,3,b_043,train
r_00105,3,b_066,train
r_00105,3,b_049,train
r_00105,3,b_075,train
r_00105,3,b_077,train
r_00105,3,b_065,train
r_00105,3,b_037,train
r_00105,3,b_007,train
r_00105,3,b_059,train
r_00105,3,b_019,train
r_00105,3,b_069,train
r_00105,3,b_020,train
r_00106,3,b_062,train
r_00106,3,b_074,train
r_00106,3,b_028,train
r_00106,3,b_069,train
r_00106,3,b_053,train
r_00106,3,b_072,train
r_00106,3,b_022,train
r_00106,3,b_059,train
r_00106,3,b_015,train
r_00106,3,b_080,train
r_00106,3,b_025,train
r_00106,3,b_070,train
r_00106,3,b_004,train
r_00106,3,b_073,train
r_00106,3,b_018,train
r_00106,3,b_040,train
r_00106,3,b_047,train
r_00106,3,b_044,train
r_00106,3,b_057,train
r_00106,3,b_076,train
r_00107,3,b_068,train
r_00107,3,b_047,train
r_00107,3,b_022,train
r_00107,3,b_026,train
r_00107,3,b_073,train
r_00107,3,b_012,train
r_00107,3,b_069,train
r_00107,3,b_038,train
r_00107,3,b_055,train
r_00107,3,b_028,train
r_00107,3,b_011,train
r_00107,3,b_023,train
r_00107,3,b_016,train
r_00107,3,b_019,train
r_00107,3,b_056,train
r_00107,3,b_067,train
r_00107,3,b_053,train
r_00107,3,b_021,train
r_00107,3,b_032,train
r_00107,3,b_009,train
r_00108,3,b_024,train
r_00108,3,b_018,train
r_00108,3,b_034,train
r_00108,3,b_073,train
r_00108,3,b_033,train
r_00108,3,b_027,train
r_00108,3,b_041,train
r_00108,3,b_043,train
r_00108,3,b_066,train
r_00108,3,b_040,train
r_00108,3,b_062,train
r_00108,3,b_036,train
r_00108,3,b_028,train
r_00108,3,b_037,train
r_00108,3,b_051,train
r_00108,3,b_048,train
r_00108,3,b_075,train
r_00108,3,b_063,train
r_00108,3,b_029,train
r_00108,3,b_070,train
r_00109,3,b_049,train
r_00109,3,b_043,train
r_00109,3,b_031,train
r_00109,3,b_007,train
r_00109,3,b_069,train
r_00109,3,b_062,train
r_00109,3,b_061,train
r_00109,3,b_005,train
r_00109,3,b_065,train
r_00109,3,b_048,train
r_00109,3,b_003,train
r_00109,3,b_032,train
r_00109,3,b_044,train
r_00109,3,b_023,train
r_00109,3,b_059,train
r_00109,3,b_006,train
r_00109,3,b_039,train
r_00109,3,b_009,train
r_00109,3,b_035,train
r_00109,3,b_019,train
r_00110,3,b_011,train
r_00110,3,b_022,train
r_00110,3,b_042,train
r_00110,3,b_053,train
r_00110,3,b_072,train
r_00110,3,b_012,train
r_00110,3,b_074,train
r_00110,3,b_030,train
r_00110,3,b_080,train
r_00110,3,b_002,train
r_00110,3,b_027,train
r_00110,3,b_054,train
r_00110,3,b_073,train
r_00110,3,b_019,train
r_00110,3,b_001,train
r_00110,3,b_041,train
r_00110,3,b_061,train
r_00110,3,b_023,train
r_00110,3,b_052,train
r_00110,3,b_008,train
r_00111,3,b_008,test
r_00111,3,b_039,test
r_00111,3,b_010,test
r_00111,3,b_063,test
r_00111,3,b_001,test
r_00111,3,b_009,test
r_00111,3,b_055,test
r_00111,3,b_056,test
r_00111,3,b_050,test
r_00111,3,b_065,test
r_00111,3,b_078,test
r_00111,3,b_034,test
r_00111,3,b_040,test
r_00111,3,b_021,test
r_00111,3,b_019,test
r_00111,3,b_074,test
r_00111,3,b_059,test
r_00111,3,b_038,test
r_00111,3,b_047,test
r_00111,3,b_030,test
r_00112,3,b_068,test
r_00112,3,b_055,test
r_00112,3,b_067,test
r_00112,3,b_075,test
r_00112,3,b_038,test
r_00112,3,b_054,test
r_00112,3,b_010,test
r_00112,3,b_047,test
r_00112,3,b_012,test
r_00112,3,b_006,test
r_00112,3,b_026,test
r_00112,3,b_043,test
r_00112,3,b_040,test
r_00112,3,b_022,test
r_00112,3,b_057,test
r_00112,3,b_028,test
r_00112,3,b_005,test
r_00112,3,b_048,test
r_00112,3,b_058,test
r_00112,3,b_013,test
r_00113,3,b_032,test
r_00113,3,b_015,test
r_00113,3,b_043,test
r_00113,3,b_034,test
r_00113,3,b_047,test
r_00113,3,b_075,test
r_00113,3,b_023,test
r_00113,3,b_019,test
r_00113,3,b_025,test
r_00113,3,b_031,test
r_00113,3,b_037,test
r_00113,3,b_044,test
r_00113,3,b_049,test
r_00113,3,b_017,test
r_00113,3,b_057,test
r_00113,3,b_046,test
r_00113,3,b_078,test
r_00113,3,b_062,test
r_00113,3,b_008,test
r_00113,3,b_073,test
r_00114,3,b_044,train
r_00114,3,b_018,train
r_00114,3,b_032,train
r_00114,3,b_020,train
r_00114,3,b_071,train
r_00114,3,b_068,train
r_00114,3,b_029,train
r_00114,3,b_035,train
r_00114,3,b_011,train
r_00114,3,b_066,train
r_00114,3,b_065,train
r_00114,3,b_005,train
r_00114,3,b_021,train
r_00114,3,b_055,train
r_00114,3,b_073,train
r_00114,3,b_033,train
r_00114,3,b_078,train
r_00114,3,b_064,train
r_00114,3,b_013,train
r_00114,3,b_042,train
r_00115,3,b_060,train
r_00115,3,b_077,train
r_00115,3,b_066,train
r_00115,3,b_024,train
r_00115,3,b_061,train
r_00115,3,b_051,train
r_00115,3,b_026,train
r_00115,3,b_058,train
r_00115,3,b_020,train
r_00115,3,b_025,train
r_00115,3,b_021,train
r_00115,3,b_043,train
r_00115,3,b_023,train
r_00115,3,b_006,train
r_00115,3,b_048,train
r_00115,3,b_064,train
r_00115,3,b_072,train
r_00115,3,b_001,train
r_00115,3,b_075,train
r_00115,3,b_035,train
r_00116,3,b_014,valid
r_00116,3,b_033,valid
r_00116,3,b_037,valid
r_00116,3,b_056,valid
r_00116,3,b_041,valid
r_00116,3,b_025,valid
r_00116,3,b_067,valid
r_00116,3,b_063,valid
r_00116,3,b_036,valid
r_00116,3,b_020,valid
r_00116,3,b_015,valid
r_00116,3,b_057,valid
r_00116,3,b_066,valid
r_00116,3,b_023,valid
r_00116,3,b_027,valid
r_00116,3,b_044,valid
r_00116,3,b_064,valid
r_00116,3,b_028,valid
r_00116,3,b_052,valid
r_00116,3,b_017,valid
r_00117,3,b_015,train
r_00117,3,b_026,train
r_00117,3,b_019,train
r_00117,3,b_016,train
r_00117,3,b_033,train
r_00117,3,b_073,train
r_00117,3,b_041,train
r_00117,3,b_069,train
r_00117,3,b_062,train
r_00117,3,b_044,train
r_00117,3,b_064,train
r_00117,3,b_057,train
r_00117,3,b_031,train
r_00117,3,b_022,train
r_00117,3,b_002,train
r_00117,3,b_074,train
r_00117,3,b_036,train
r_00117,3,b_017,train
r_00117,3,b_066,train
r_00117,3,b_058,train
r_00118,3,b_080,test
r_00118,3,b_056,test
r_00118,3,b_001,test
r_00118,3,b_039,test
r_00118,3,b_060,test
r_00118,3,b_073,test
r_00118,3,b_022,test
r_00118,3,b_014,test
r_00118,3,b_071,test
r_00118,3,b_013,test
r_00118,3,b_037,test
r_00118,3,b_020,test
r_00118,3,b_024,test
r_00118,3,b_078,test
r_00118,3,b_032,test
r_00118,3,b_064,test
r_00118,3,b_057,test
r_00118,3,b_045,test
r_00118,3,b_004,test
r_00118,3,b_026,test
r_00119,3,b_034,valid
r_00119,3,b_029,valid
r_00119,3,b_049,valid
r_00119,3,b_040,valid
r_00119,3,b_061,valid
r_00119,3,b_077,valid
r_00119,3,b_015,valid
r_00119,3,b_005,valid
r_00119,3,b_028,valid
r_00119,3,b_055,valid
r_00119,3,b_019,valid
r_00119,3,b_060,valid
r_00119,3,b_079,valid
r_00119,3,b_075,valid
r_00119,3,b_008,valid
r_00119,3,b_001,valid
r_00119,3,b_042,valid
r_00119,3,b_048,valid
r_00119,3,b_047,valid
r_00119,3,b_023,valid
r_00120,3,b_043,train
r_00120,3,b_020,train
r_00120,3,b_058,train
r_00120,3,b_045,train
r_00120,3,b_001,train
r_00120,3,b_046,train
r_00120,3,b_029,train
r_00120,3,b_055,train
r_00120,3,b_037,train
r_00120,3,b_044,train
r_00120,3,b_002,train
r_00120,3,b_025,train
r_00120,3,b_070,train
r_00120,3,b_003,train
r_00120,3,b_076,train
r_00120,3,b_077,train
r_00120,3,b_032,train
r_00120,3,b_014,train
r_00120,3,b_007,train
r_00120,3,b_009,train
r_00121,3,b_011,train
r_00121,3,b_061,train
r_00121,3,b_050,train
r_00121,3,b_059,train
r_00121,3,b_060,train
r_00121,3,b_008,train
r_00121,3,b_065,train
r_00121,3,b_056,train
r_00121,3,b_021,train
r_00121,3,b_075,train
r_00121,3,b_023,train
r_00121,3,b_057,train
r_00121,3,b_070,train
r_00121,3,b_069,train
r_00121,3,b_024,train
r_00121,3,b_037,train
r_00121,3,b_049,train
r_00121,3,b_068,train
r_00121,3,b_066,train
r_00121,3,b_054,train
r_00122,3,b_035,test
r_00122,3,b_033,test
r_00122,3,b_070,test
r_00122,3,b_056,test
r_00122,3,b_032,test
r_00122,3,b_021,test
r_00122,3,b_020,test
r_00122,3,b_044,test
r_00122,3,b_023,test
r_00122,3,b_022,test
r_00122,3,b_067,test
r_00122,3,b_045,test
r_00122,3,b_027,test
r_00122,3,b_002,test
r_00122,3,b_066,test
r_00122,3,b_059,test
r_00122,3,b_046,test
r_00122,3,b_060,test
r_00122,3,b_077,test
r_00122,3,b_028,test
r_00123,3,b_076,train
r_00123,3,b_030,train
r_00123,3,b_014,train
r_00123,3,b_058,train
r_00123,3,b_016,train
r_00123,3,b_077,train
r_00123,3,b_020,train
r_00123,3,b_015,train
r_00123,3,b_070,train
r_00123,3,b_027,train
r_00123,3,b_032,train
r_00123,3,b_039,train
r_00123,3,b_051,train
r_00123,3,b_012,train
r_00123,3,b_057,train
r_00123,3,b_007,train
r_00123,3,b_050,train
r_00123,3,b_043,train
r_00123,3,b_066,train
r_00123,3,b_024,train
r_00124,3,b_054,train
r_00124,3,b_033,train
r_00124,3,b_025,train
r_00124,3,b_071,train
r_00124,3,b_021,train
r_00124,3,b_053,train
r_00124,3,b_070,train
r_00124,3,b_008,train
r_00124,3,b_067,train
r_00124,3,b_032,train
r_00124,3,b_063,train
r_00124,3,b_062,train
r_00124,3,b_069,train
r_00124,3,b_058,train
r_00124,3,b_023,train
r_00124,3,b_018,train
r_00124,3,b_073,train
r_00124,3,b_007,train
r_00124,3,b_015,train
r_00124,3,b_079,train
r_00125,3,b_076,train
r_00125,3,b_015,train
r_00125,3,b_054,train
r_00125,3,b_048,train
r_00125,3,b_065,train
r_00125,3,b_010,train
r_00125,3,b_060,train
r_00125,3,b_064,train
r_00125,3,b_016,train
r_00125,3,b_056,train
r_00125,3,b_019,train
r_00125,3,b_052,train
r_00125,3,b_026,train
r_00125,3,b_045,train
r_00125,3,b_027,train
r_00125,3,b_006,train
r_00125,3,b_053,train
r_00125,3,b_078,train
r_00125,3,b_012,train
r_00125,3,b_011,train
r_00126,3,b_059,train
r_00126,3,b_079,train
r_00126,3,b_038,train
r_00126,3,b_018,train
r_00126,3,b_044,train
r_00126,3,b_050,train
r_00126,3,b_076,train
r_00126,3,b_071,train
r_00126,3,b_026,train
r_00126,3,b_046,train
r_00126,3,b_070,train
r_00126,3,b_041,train
r_00126,3,b_010,train
r_00126,3,b_048,train
r_00126,3,b_054,train
r_00126,3,b_051,train
r_00126,3,b_064,train
r_00126,3,b_080,train
r_00126,3,b_049,train
r_00126,3,b_056,train
r_00127,3,b_058,train
r_00127,3,b_076,train
r_00127,3,b_068,train
r_00127,3,b_052,train
r_00127,3,b_025,train
r_00127,3,b_042,train
r_00127,3,b_034,train
r_00127,3,b_065,train
r_00127,3,b_038,train
r_00127,3,b_032,train
r_00127,3,b_066,train
r_00127,3,b_050,train
r_00127,3,b_003,train
r_00127,3,b_071,train
r_00127,3,b_080,train
r_00127,3,b_031,train
r_00127,3,b_063,train
r_00127,3,b_023,train
r_00127,3,b_019,train
r_00127,3,b_012,train
r_00128,3,b_041,train
r_00128,3,b_063,train
r_00128,3,b_003,train
r_00128,3,b_044,train
r_00128,3,b_020,train
r_00128,3,b_023,train
r_00128,3,b_016,train
r_00128,3,b_019,train
r_00128,3,b_054,train
r_00128,3,b_049,train
r_00128,3,b_058,train
r_00128,3,b_024,train
r_00128,3,b_062,train
r_00128,3,b_034,train
r_00128,3,b_014,train
r_00128,3,b_004,train
r_00128,3,b_028,train
r_00128,3,b_036,train
r_00128,3,b_050,train
r_00128,3,b_031,train
r_00129,3,b_046,test
r_00129,3,b_043,test
r_00129,3,b_002,test
r_00129,3,b_022,test
r_00129,3,b_060,test
r_00129,3,b_032,test
r_00129,3,b_042,test
r_00129,3,b_025,test
r_00129,3,b_064,test
r_00129,3,b_016,test
r_00129,3,b_048,test
r_00129,3,b_051,test
r_00129,3,b_038,test
r_00129,3,b_035,test
r_00129,3,b_005,test
r_00129,3,b_023,test
r_00129,3,b_062,test
r_00129,3,b_004,test
r_00129,3,b_054,test
r_00129,3,b_012,test
r_00130,3,b_072,train
r_00130,3,b_010,train
r_00130,3,b_049,train
r_00130,3,b_001,train
r_00130,3,b_076,train
r_00130,3,b_006,train
r_00130,3,b_008,train
r_00130,3,b_060,train
r_00130,3,b_073,train
r_00130,3,b_062,train
r_00130,3,b_067,train
r_00130,3,b_005,train
r_00130,3,b_019,train
r_00130,3,b_012,train
r_00130,3,b_020,train
r_00130,3,b_017,train
r_00130,3,b_013,train
r_00130,3,b_059,train
r_00130,3,b_069,train
r_00130,3,b_080,train
r_00131,3,b_017,train
r_00131,3,b_028,train
r_00131,3,b_060,train
r_00131,3,b_034,train
r_00131,3,b_066,train
r_00131,3,b_006,train
r_00131,3,b_027,train
r_00131,3,b_046,train
r_00131,3,b_020,train
r_00131,3,b_076,train
r_00131,3,b_048,train
r_00131,3,b_015,train
r_00131,3,b_054,train
r_00131,3,b_075,train
r_00131,3,b_070,train
r_00131,3,b_036,train
r_00131,3,b_037,train
r_00131,3,b_062,train
r_00131,3,b_073,train
r_00131,3,b_071,train
r_00132,3,b_030,valid
r_00132,3,b_072,valid
r_00132,3,b_019,valid
r_00132,3,b_073,valid
r_00132,3,b_005,valid
r_00132,3,b_067,valid
r_00132,3,b_078,valid
r_00132,3,b_039,valid
r_00132,3,b_024,valid
r_00132,3,b_048,valid
r_00132,3,b_055,valid
r_00132,3,b_020,valid
r_00132,3,b_076,valid
r_00132,3,b_063,valid
r_00132,3,b_015,valid
r_00132,3,b_040,valid
r_00132,3,b_046,valid
r_00132,3,b_058,valid
r_00132,3,b_011,valid
r_00132,3,b_042,valid
r_00133,3,b_013,test
r_00133,3,b_010,test
r_00133,3,b_061,test
r_00133,3,b_073,test
r_00133,3,b_077,test
r_00133,3,b_014,test
r_00133,3,b_053,test
r_00133,3,b_071,test
r_00133,3,b_021,test
r_00133,3,b_029,test
r_00133,3,b_050,test
r_00133,3,b_058,test
r_00133,3,b_023,test
r_00133,3,b_024,test
r_00133,3,b_080,test
r_00133,3,b_054,test
r_00133,3,b_074,test
r_00133,3,b_025,test
r_00133,3,b_001,test
r_00133,3,b_034,test
r_00134,3,b_061,test
r_00134,3,b_003,test
r_00134,3,b_022,test
r_00134,3,b_074,test
r_00134,3,b_059,test
r_00134,3,b_008,test
r_00134,3,b_075,test
r_00134,3,b_017,test
r_00134,3,b_007,test
r_00134,3,b_051,test
r_00134,3,b_032,test
r_00134,3,b_011,test
r_00134,3,b_039,test
r_00134,3,b_047,test
r_00134,3,b_068,test
r_00134,3,b_026,test
r_00134,3,b_055,test
r_00134,3,b_037,test
r_00134,3,b_064,test
r_00134,3,b_073,test
r_00135,3,b_035,valid
r_00135,3,b_051,valid
r_00135,3,b_025,valid
r_00135,3,b_059,valid
r_00135,3,b_080,valid
r_00135,3,b_067,valid
r_00135,3,b_040,valid
r_00135,3,b_075,valid
r_00135,3,b_078,valid
r_00135,3,b_066,valid
r_00135,3,b_026,valid
r_00135,3,b_061,valid
r_00135,3,b_005,valid
r_00135,3,b_009,valid
r_00135,3,b_027,valid
r_00135,3,b_039,valid
r_00135,3,b_069,valid
r_00135,3,b_077,valid
r_00135,3,b_052,valid
r_00135,3,b_004,valid
r_00136,3,b_050,train
r_00136,3,b_028,train
r_00136,3,b_049,train
r_00136,3,b_067,train
r_00136,3,b_036,train
r_00136,3,b_024,train
r_00136,3,b_063,train
r_00136,3,b_016,train
r_00136,3,b_062,train
r_00136,3,b_074,train
r_00136,3,b_020,train
r_00136,3,b_055,train
r_00136,3,b_076,train
r_00136,3,b_068,train
r_00136,3,b_059,train
r_00136,3,b_061,train
r_00136,3,b_080,train
r_00136,3,b_054,train
r_00136,3,b_009,train
r_00136,3,b_004,train
r_00137,3,b_066,test
r_00137,3,b_033,test
r_00137,3,b_047,test
r_00137,3,b_030,test
r_00137,3,b_059,test
r_00137,3,b_060,test
r_00137,3,b_067,test
r_00137,3,b_063,test
r_00137,3,b_052,test
r_00137,3,b_017,test
r_00137,3,b_018,test
r_00137,3,b_049,test
r_00137,3,b_012,test
r_00137,3,b_001,test
r_00137,3,b_042,test
r_00137,3,b_010,test
r_00137,3,b_015,test
r_00137,3,b_034,test
r_00137,3,b_053,test
r_00137,3,b_039,test
r_00138,3,b_075,test
r_00138,3,b_013,test
r_00138,3,b_026,test
r_00138,3,b_021,test
r_00138,3,b_069,test
r_00138,3,b_063,test
r_00138,3,b_080,test
r_00138,3,b_018,test
r_00138,3,b_061,test
r_00138,3,b_034,test
r_00138,3,b_005,test
r_00138,3,b_003,test
r_00138,3,b_029,test
r_00138,3,b_020,test
r_00138,3,b_056,test
r_00138,3,b_016,test
r_00138,3,b_077,test
r_00138,3,b_006,test
r_00138,3,b_064,test
r_00138,3,b_007,test
r_00139,3,b_072,train
r_00139,3,b_053,train
r_00139,3,b_012,train
r_00139,3,b_066,train
r_00139,3,b_075,train
r_00139,3,b_016,train
r_00139,3,b_044,train
r_00139,3,b_067,train
r_00139,3,b_047,train
r_00139,3,b_022,train
r_00139,3,b_050,train
r_00139,3,b_078,train
r_00139,3,b_070,train
r_00139,3,b_008,train
r_00139,3,b_041,train
r_00139,3,b_035,train
r_00139,3,b_001,train
r_00139,3,b_009,train
r_00139,3,b_064,train
r_00139,3,b_057,train
r_00140,3,b_022,train
r_00140,3,b_011,train
r_00140,3,b_061,train
r_00140,3,b_055,train
r_00140,3,b_065,train
r_00140,3,b_076,train
r_00140,3,b_054,train
r_00140,3,b_037,train
r_00140,3,b_073,train
r_00140,3,b_047,train
r_00140,3,b_002,train
r_00140,3,b_080,train
r_00140,3,b_032,train
r_00140,3,b_045,train
r_00140,3,b_049,train
r_00140,3,b_036,train
r_00140,3,b_038,train
r_00140,3,b_031,train
r_00140,3,b_006,train
r_00140,3,b_026,train
r_00141,3,b_005,train
r_00141,3,b_060,train
r_00141,3,b_041,train
r_00141,3,b_034,train
r_00141,3,b_078,train
r_00141,3,b_080,train
r_00141,3,b_077,train
r_00141,3,b_027,train
r_00141,3,b_017,train
r_00141,3,b_069,train
r_00141,3,b_070,train
r_00141,3,b_001,train
r_00141,3,b_021,train
r_00141,3,b_056,train
r_00141,3,b_075,train
r_00141,3,b_051,train
r_00141,3,b_025,train
r_00141,3,b_059,train
r_00141,3,b_068,train
r_00141,3,b_026,train
r_00142,3,b_019,train
r_00142,3,b_066,train
r_00142,3,b_003,train
r_00142,3,b_044,train
r_00142,3,b_076,train
r_00142,3,b_036,train
r_00142,3,b_048,train
r_00142,3,b_053,train
r_00142,3,b_054,train
r_00142,3,b_010,train
r_00142,3,b_015,train
r_00142,3,b_034,train
r_00142,3,b_008,train
r_00142,3,b_043,train
r_00142,3,b_074,train
r_00142,3,b_045,train
r_00142,3,b_080,train
r_00142,3,b_062,train
r_00142,3,b_028,train
r_00142,3,b_005,train
r_00143,3,b_024,train
r_00143,3,b_011,train
r_00143,3,b_072,train
r_00143,3,b_057,train
r_00143,3,b_068,train
r_00143,3,b_017,train
r_00143,3,b_003,train
r_00143,3,b_044,train
r_00143,3,b_067,train
r_00143,3,b_039,train
r_00143,3,b_034,train
r_00143,3,b_002,train
r_00143,3,b_063,train
r_00143,3,b_015,train
r_00143,3,b_029,train
r_00143,3,b_048,train
r_00143,3,b_059,train
r_00143,3,b_038,train
r_00143,3,b_026,train
r_00143,3,b_035,train
r_00144,3,b_075,valid
r_00144,3,b_040,valid
r_00144,3,b_002,valid
r_00144,3,b_080,valid
r_00144,3,b_023,valid
r_00144,3,b_070,valid
r_00144,3,b_071,valid
r_00144,3,b_005,valid
r_00144,3,b_042,valid
r_00144,3,b_060,valid
r_00144,3,b_021,valid
r_00144,3,b_061,valid
r_00144,3,b_073,valid
r_00144,3,b_034,valid
r_00144,3,b_068,valid
r_00144,3,b_047,valid
r_00144,3,b_033,valid
r_00144,3,b_056,valid
r_00144,3,b_025,valid
r_00144,3,b_027,valid
r_00145,3,b_050,train
r_00145,3,b_011,train
r_00145,3,b_005,train
r_00145,3,b_070,train
r_00145,3,b_061,train
r_00145,3,b_077,train
r_00145,3,b_042,train
r_00145,3,b_008,train
r_00145,3,b_025,train
r_00145,3,b_020,train
r_00145,3,b_059,train
r_00145,3,b_024,train
r_00145,3,b_034,train
r_00145,3,b_041,train
r_00145,3,b_001,train
r_00145,3,b_003,train
r_00145,3,b_062,train
r_00145,3,b_046,train
r_00145,3,b_068,train
r_00145,3,b_078,train
r_00146,3,b_078,train
r_00146,3,b_027,train
r_00146,3,b_037,train
r_00146,3,b_068,train
r_00146,3,b_065,train
r_00146,3,b_003,train
r_00146,3,b_001,train
r_00146,3,b_011,train
r_00146,3,b_026,train
r_00146,3,b_045,train
r_00146,3,b_051,train
r_00146,3,b_021,train
r_00146,3,b_044,train
r_00146,3,b_031,train
r_00146,3,b_007,train
r_00146,3,b_004,train
r_00146,3,b_019,train
r_00146,3,b_024,train
r_00146,3,b_069,train
r_00146,3,b_013,train
r_00147,3,b_020,test
r_00147,3,b_066,test
r_00147,3,b_068,test
r_00147,3,b_072,test
r_00147,3,b_002,test
r_00147,3,b_044,test
r_00147,3,b_077,test
r_00147,3,b_016,test
r_00147,3,b_041,test
r_00147,3,b_057,test
r_00147,3,b_023,test
r_00147,3,b_034,test
r_00147,3,b_069,test
r_00147,3,b_019,test
r_00147,3,b_012,test
r_00147,3,b_067,test
r_00147,3,b_025,test
r_00147,3,b_059,test
r_00147,3,b_043,test
r_00147,3,b_037,test
r_00148,3,b_042,test
r_00148,3,b_005,test
r_00148,3,b_027,test
r_00148,3,b_033,test
r_00148,3,b_028,test
r_00148,3,b_029,test
r_00148,3,b_055,test
r_00148,3,b_012,test
r_00148,3,b_041,test
r_00148,3,b_025,test
r_00148,3,b_010,test
r_00148,3,b_072,test
r_00148,3,b_013,test
r_00148,3,b_067,test
r_00148,3,b_015,test
r_00148,3,b_058,test
r_00148,3,b_077,test
r_00148,3,b_060,test
r_00148,3,b_052,test
r_00148,3,b_048,test
r_00149,3,b_014,test
r_00149,3,b_063,test
r_00149,3,b_078,test
r_00149,3,b_071,test
r_00149,3,b_064,test
r_00149,3,b_065,test
r_00149,3,b_036,test
r_00149,3,b_017,test
r_00149,3,b_074,test
r_00149,3,b_077,test
r_00149,3,b_024,test
r_00149,3,b_035,test
r_00149,3,b_019,test
r_00149,3,b_073,test
r_00149,3,b_007,test
r_00149,3,b_010,test
r_00149,3,b_059,test
r_00149,3,b_030,test
r_00149,3,b_048,test
r_00149,3,b_009,test
r_00150,3,b_002,train
r_00150,3,b_027,train
r_00150,3,b_055,train
r_00150,3,b_032,train
r_00150,3,b_073,train
r_00150,3,b_004,train
r_00150,3,b_011,train
r_00150,3,b_066,train
r_00150,3,b_034,train
r_00150,3,b_038,train
r_00150,3,b_042,train
r_00150,3,b_005,train
r_00150,3,b_039,train
r_00150,3,b_063,train
r_00150,3,b_013,train
r_00150,3,b_035,train
r_00150,3,b_061,train
r_00150,3,b_048,train
r_00150,3,b_014,train
r_00150,3,b_040,train
r_00151,3,b_001,valid
r_00151,3,b_014,valid
r_00151,3,b_056,valid
r_00151,3,b_027,valid
r_00151,3,b_024,valid
r_00151,3,b_018,valid
r_00151,3,b_059,valid
r_00151,3,b_009,valid
r_00151,3,b_020,valid
r_00151,3,b_033,valid
r_00151,3,b_079,valid
r_00151,3,b_072,valid
r_00151,3,b_060,valid
r_00151,3,b_077,valid
r_00151,3,b_041,valid
r_00151,3,b_068,valid
r_00151,3,b_057,valid
r_00151,3,b_043,valid
r_00151,3,b_047,valid
r_00151,3,b_007,valid
r_00152,3,b_028,train
r_00152,3,b_002,train
r_00152,3,b_018,train
r_00152,3,b_003,train
r_00152,3,b_014,train
r_00152,3,b_071,train
r_00152,3,b_072,train
r_00152,3,b_042,train
r_00152,3,b_008,train
r_00152,3,b_052,train
r_00152,3,b_033,train
r_00152,3,b_038,train
r_00152,3,b_057,train
r_00152,3,b_054,train
r_00152,3,b_006,train
r_00152,3,b_066,train
r_00152,3,b_059,train
r_00152,3,b_056,train
r_00152,3,b_023,train
r_00152,3,b_076,train
r_00153,3,b_057,test
r_00153,3,b_020,test
r_00153,3,b_049,test
r_00153,3,b_026,test
r_00153,3,b_006,test
r_00153,3,b_024,test
r_00153,3,b_073,test
r_00153,3,b_074,test
r_00153,3,b_027,test
r_00153,3,b_005,test
r_00153,3,b_043,test
r_00153,3,b_065,test
r_00153,3,b_013,test
r_00153,3,b_004,test
r_00153,3,b_040,test
r_00153,3,b_055,test
r_00153,3,b_023,test
r_00153,3,b_061,test
r_00153,3,b_009,test
r_00153,3,b_035,test
r_00154,3,b_010,test
r_00154,3,b_013,test
r_00154,3,b_014,test
r_00154,3,b_053,test
r_00154,3,b_024,test
r_00154,3,b_032,test
r_00154,3,b_034,test
r_00154,3,b_074,test
r_00154,3,b_045,test
r_00154,3,b_008,test
r_00154,3,b_043,test
r_00154,3,b_065,test
r_00154,3,b_079,test
r_00154,3,b_075,test
r_00154,3,b_005,test
r_00154,3,b_068,test
r_00154,3,b_050,test
r_00154,3,b_022,test
r_00154,3,b_046,test
r_00154,3,b_052,test
r_00155,3,b_029,train
r_00155,3,b_004,train
r_00155,3,b_018,train
r_00155,3,b_043,train
r_00155,3,b_078,train
r_00155,3,b_052,train
r_00155,3,b_011,train
r_00155,3,b_001,train
r_00155,3,b_005,train
r_00155,3,b_058,train
r_00155,3,b_026,train
r_00155,3,b_050,train
r_00155,3,b_008,train
r_00155,3,b_022,train
r_00155,3,b_070,train
r_00155,3,b_036,train
r_00155,3,b_054,train
r_00155,3,b_027,train
r_00155,3,b_073,train
r_00155,3,b_007,train
r_00156,3,b_064,train
r_00156,3,b_050,train
r_00156,3,b_056,train
r_00156,3,b_055,train
r_00156,3,b_048,train
r_00156,3,b_049,train
r_00156,3,b_031,train
r_00156,3,b_073,train
r_00156,3,b_001,train
r_00156,3,b_080,train
r_00156,3,b_024,train
r_00156,3,b_010,train
r_00156,3,b_036,train
r_00156,3,b_059,train
r_00156,3,b_052,train
r_00156,3,b_023,train
r_00156,3,b_009,train
r_00156,3,b_045,train
r_00156,3,b_065,train
r_00156,3,b_077,train
r_00157,3,b_032,train
r_00157,3,b_047,train
r_00157,3,b_037,train
r_00157,3,b_013,train
r_00157,3,b_033,train
r_00157,3,b_015,train
r_00157,3,b_019,train
r_00157,3,b_011,train
r_00157,3,b_007,train
r_00157,3,b_009,train
r_00157,3,b_068,train
r_00157,3,b_070,train
r_00157,3,b_039,train
r_00157,3,b_008,train
r_00157,3,b_001,train
r_00157,3,b_023,train
r_00157,3,b_055,train
r_00157,3,b_061,train
r_00157,3,b_057,train
r_00157,3,b_016,train
r_00158,3,b_054,train
r_00158,3,b_035,train
r_00158,3,b_010,train
r_00158,3,b_071,train
r_00158,3,b_076,train
r_00158,3,b_074,train
r_00158,3,b_055,train
r_00158,3,b_015,train
r_00158,3,b_061,train
r_00158,3,b_018,train
r_00158,3,b_077,train
r_00158,3,b_037,train
r_00158,3,b_067,train
r_00158,3,b_053,train
r_00158,3,b_005,train
r_00158,3,b_022,train
r_00158,3,b_039,train
r_00158,3,b_032,train
r_00158,3,b_050,train
r_00158,3,b_020,train
r_00159,3,b_057,train
r_00159,3,b_066,train
r_00159,3,b_074,train
r_00159,3,b_079,train
r_00159,3,b_036,train
r_00159,3,b_026,train
r_00159,3,b_037,train
r_00159,3,b_042,train
r_00159,3,b_039,train
r_00159,3,b_020,train
r_00159,3,b_030,train
r_00159,3,b_007,train
r_00159,3,b_040,train
r_00159,3,b_056,train
r_00159,3,b_059,train
r_00159,3,b_047,train
r_00159,3,b_067,train
r_00159,3,b_028,train
r_00159,3,b_018,train
r_00159,3,b_068,train
r_00160,3,b_028,train
r_00160,3,b_031,train
r_00160,3,b_080,train
r_00160,3,b_038,train
r_00160,3,b_068,train
r_00160,3,b_074,train
r_00160,3,b_014,train
r_00160,3,b_018,train
r_00160,3,b_042,train
r_00160,3,b_017,train
r_00160,3,b_064,train
r_00160,3,b_001,train
r_00160,3,b_011,train
r_00160,3,b_023,train
r_00160,3,b_008,train
r_00160,3,b_071,train
r_00160,3,b_073,train
r_00160,3,b_026,train
r_00160,3,b_020,train
r_00160,3,b_067,train
r_00161,3,b_051,train
r_00161,3,b_071,train
r_00161,3,b_057,train
r_00161,3,b_080,train
r_00161,3,b_076,train
r_00161,3,b_004,train
r_00161,3,b_047,train
r_00161,3,b_056,train
r_00161,3,b_046,train
r_00161,3,b_072,train
r_00161,3,b_064,train
r_00161,3,b_075,train
r_00161,3,b_055,train
r_00161,3,b_014,train
r_00161,3,b_036,train
r_00161,3,b_005,train
r_00161,3,b_060,train
r_00161,3,b_041,train
r_00161,3,b_030,train
r_00161,3,b_052,train
r_00162,3,b_079,valid
r_00162,3,b_004,valid
r_00162,3,b_014,valid
r_00162,3,b_074,valid
r_00162,3,b_005,valid
r_00162,3,b_032,valid
r_00162,3,b_031,valid
r_00162,3,b_061,valid
r_00162,3,b_050,valid
r_00162,3,b_022,valid
r_00162,3,b_042,valid
r_00162,3,b_030,valid
r_00162,3,b_036,valid
r_00162,3,b_080,valid
r_00162,3,b_054,valid
r_00162,3,b_024,valid
r_00162,3,b_040,valid
r_00162,3,b_016,valid
r_00162,3,b_044,valid
r_00162,3,b_039,valid
r_00163,3,b_052,train
r_00163,3,b_034,train
r_00163,3,b_005,train
r_00163,3,b_012,train
r_00163,3,b_019,train
r_00163,3,b_055,train
r_00163,3,b_065,train
r_00163,3,b_074,train
r_00163,3,b_080,train
r_00163,3,b_063,train
r_00163,3,b_040,train
r_00163,3,b_057,train
r_00163,3,b_004,train
r_00163,3,b_061,train
r_00163,3,b_008,train
r_00163,3,b_056,train
r_00163,3,b_020,train
r_00163,3,b_053,train
r_00163,3,b_011,train
r_00163,3,b_045,train
r_00164,3,b_060,train
r_00164,3,b_058,train
r_00164,3,b_026,train
r_00164,3,b_034,train
r_00164,3,b_049,train
r_00164,3,b_070,train
r_00164,3,b_018,train
r_00164,3,b_024,train
r_00164,3,b_065,train
r_00164,3,b_066,train
r_00164,3,b_025,train
r_00164,3,b_053,train
r_00164,3,b_076,train
r_00164,3,b_069,train
r_00164,3,b_028,train
r_00164,3,b_038,train
r_00164,3,b_029,train
r_00164,3,b_067,train
r_00164,3,b_004,train
r_00164,3,b_015,train
r_00165,3,b_030,valid
r_00165,3,b_075,valid
r_00165,3,b_046,valid
r_00165,3,b_039,valid
r_00165,3,b_070,valid
r_00165,3,b_026,valid
r_00165,3,b_028,valid
r_00165,3,b_041,valid
r_00165,3,b_048,valid
r_00165,3,b_005,valid
r_00165,3,b_021,valid
r_00165,3,b_065,valid
r_00165,3,b_034,valid
r_00165,3,b_016,valid
r_00165,3,b_037,valid
r_00165,3,b_071,valid
r_00165,3,b_035,valid
r_00165,3,b_074,valid
r_00165,3,b_022,valid
r_00165,3,b_077,valid
r_00166,3,b_046,train
r_00166,3,b_058,train
r_00166,3,b_074,train
r_00166,3,b_040,train
r_00166,3,b_031,train
r_00166,3,b_079,train
r_00166,3,b_006,train
r_00166,3,b_022,train
r_00166,3,b_068,train
r_00166,3,b_052,train
r_00166,3,b_055,train
r_00166,3,b_053,train
r_00166,3,b_071,train
r_00166,3,b_026,train
r_00166,3,b_041,train
r_00166,3,b_067,train
r_00166,3,b_012,train
r_00166,3,b_003,train
r_00166,3,b_037,train
r_00166,3,b_013,train
r_00167,3,b_037,train
r_00167,3,b_056,train
r_00167,3,b_035,train
r_00167,3,b_002,train
r_00167,3,b_021,train
r_00167,3,b_043,train
r_00167,3,b_068,train
r_00167,3,b_025,train
r_00167,3,b_046,train
r_00167,3,b_042,train
r_00167,3,b_024,train
r_00167,3,b_001,train
r_00167,3,b_026,train
r_00167,3,b_011,train
r_00167,3,b_005,train
r_00167,3,b_059,train
r_00167,3,b_049,train
r_00167,3,b_028,train
r_00167,3,b_041,train
r_00167,3,b_061,train
r_00168,3,b_034,train
r_00168,3,b_062,train
r_00168,3,b_019,train
r_00168,3,b_066,train
r_00168,3,b_022,train
r_00168,3,b_040,train
r_00168,3,b_026,train
r_00168,3,b_072,train
r_00168,3,b_037,train
r_00168,3,b_076,train
r_00168,3,b_075,train
r_00168,3,b_023,train
r_00168,3,b_054,train
r_00168,3,b_048,train
r_00168,3,b_014,train
r_00168,3,b_063,train
r_00168,3,b_020,train
r_00168,3,b_039,train
r_00168,3,b_074,train
r_00168,3,b_047,train
r_00169,3,b_064,valid
r_00169,3,b_007,valid
r_00169,3,b_053,valid
r_00169,3,b_061,valid
r_00169,3,b_058,valid
r_00169,3,b_027,valid
r_00169,3,b_006,valid
r_00169,3,b_021,valid
r_00169,3,b_028,valid
r_00169,3,b_013,valid
r_00169,3,b_059,valid
r_00169,3,b_022,valid
r_00169,3,b_046,valid
r_00169,3,b_065,valid
r_00169,3,b_079,valid
r_00169,3,b_044,valid
r_00169,3,b_025,valid
r_00169,3,b_052,valid
r_00169,3,b_009,valid
r_00169,3,b_024,valid
r_00170,3,b_010,test
r_00170,3,b_064,test
r_00170,3,b_053,test
r_00170,3,b_076,test
r_00170,3,b_063,test
r_00170,3,b_057,test
r_00170,3,b_056,test
r_00170,3,b_059,test
r_00170,3,b_033,test
r_00170,3,b_049,test
r_00170,3,b_019,test
r_00170,3,b_070,test
r_00170,3,b_052,test
r_00170,3,b_062,test
r_00170,3,b_013,test
r_00170,3,b_065,test
r_00170,3,b_067,test
r_00170,3,b_048,test
r_00170,3,b_078,test
r_00170,3,b_043,test
r_00171,3,b_062,train
r_00171,3,b_057,train
r_00171,3,b_026,train
r_00171,3,b_049,train
r_00171,3,b_077,train
r_00171,3,b_029,train
r_00171,3,b_052,train
r_00171,3,b_048,train
r_00171,3,b_015,train
r_00171,3,b_018,train
r_00171,3,b_034,train
r_00171,3,b_004,train
r_00171,3,b_041,train
r_00171,3,b_051,train
r_00171,3,b_072,train
r_00171,3,b_024,train
r_00171,3,b_059,train
r_00171,3,b_007,train
r_00171,3,b_058,train
r_00171,3,b_065,train
r_00172,3,b_068,test
r_00172,3,b_061,test
r_00172,3,b_001,test
r_00172,3,b_044,test
r_00172,3,b_014,test
r_00172,3,b_007,test
r_00172,3,b_047,test
r_00172,3,b_016,test
r_00172,3,b_034,test
r_00172,3,b_019,test
r_00172,3,b_071,test
r_00172,3,b_038,test
r_00172,3,b_036,test
r_00172,3,b_028,test
r_00172,3,b_024,test
r_00172,3,b_075,test
r_00172,3,b_062,test
r_00172,3,b_031,test
r_00172,3,b_058,test
r_00172,3,b_069,test
r_00173,3,b_070,train
r_00173,3,b_008,train
r_00173,3,b_047,train
r_00173,3,b_060,train
r_00173,3,b_056,train
r_00173,3,b_074,train
r_00173,3,b_051,train
r_00173,3,b_065,train
r_00173,3,b_061,train
r_00173,3,b_037,train
r_00173,3,b_066,train
r_00173,3,b_057,train
r_00173,3,b_078,train
r_00173,3,b_006,train
r_00173,3,b_005,train
r_00173,3,b_001,train
r_00173,3,b_042,train
r_00173,3,b_027,train
r_00173,3,b_064,train
r_00173,3,b_013,train
r_00174,3,b_013,train
r_00174,3,b_040,train
r_00174,3,b_016,train
r_00174,3,b_031,train
r_00174,3,b_055,train
r_00174,3,b_064,train
r_00174,3,b_018,train
r_00174,3,b_009,train
r_00174,3,b_046,train
r_00174,3,b_057,train
r_00174,3,b_067,train
r_00174,3,b_045,train
r_00174,3,b_027,train
r_00174,3,b_042,train
r_00174,3,b_029,train
r_00174,3,b_023,train
r_00174,3,b_058,train
r_00174,3,b_074,train
r_00174,3,b_056,train
r_00174,3,b_050,train
r_00175,3,b_034,train
r_00175,3,b_078,train
r_00175,3,b_010,train
r_00175,3,b_042,train
r_00175,3,b_024,train
r_00175,3,b_053,train
r_00175,3,b_072,train
r_00175,3,b_018,train
r_00175,3,b_055,train
r_00175,3,b_056,train
r_00175,3,b_016,train
r_00175,3,b_020,train
r_00175,3,b_014,train
r_00175,3,b_006,train
r_00175,3,b_043,train
r_00175,3,b_003,train
r_00175,3,b_027,train
r_00175,3,b_023,train
r_00175,3,b_065,train
r_00175,3,b_041,train
r_00176,3,b_054,test
r_00176,3,b_041,test
r_00176,3,b_011,test
r_00176,3,b_032,test
r_00176,3,b_009,test
r_00176,3,b_051,test
r_00176,3,b_042,test
r_00176,3,b_019,test
r_00176,3,b_006,test
r_00176,3,b_060,test
r_00176,3,b_075,test
r_00176,3,b_033,test
r_00176,3,b_010,test
r_00176,3,b_050,test
r_00176,3,b_044,test
r_00176,3,b_003,test
r_00176,3,b_043,test
r_00176,3,b_012,test
r_00176,3,b_014,test
r_00176,3,b_058,test
r_00177,3,b_021,train
r_00177,3,b_075,train
r_00177,3,b_014,train
r_00177,3,b_037,train
r_00177,3,b_047,train
r_00177,3,b_010,train
r_00177,3,b_035,train
r_00177,3,b_064,train
r_00177,3,b_057,train
r_00177,3,b_070,train
r_00177,3,b_067,train
r_00177,3,b_024,train
r_00177,3,b_039,train
r_00177,3,b_069,train
r_00177,3,b_028,train
r_00177,3,b_009,train
r_00177,3,b_001,train
r_00177,3,b_005,train
r_00177,3,b_038,train
r_00177,3,b_055,train
r_00178,3,b_043,test
r_00178,3,b_001,test
r_00178,3,b_061,test
r_00178,3,b_013,test
r_00178,3,b_017,test
r_00178,3,b_077,test
r_00178,3,b_011,test
r_00178,3,b_020,test
r_00178,3,b_063,test
r_00178,3,b_019,test
r_00178,3,b_023,test
r_00178,3,b_051,test
r_00178,3,b_052,test
r_00178,3,b_014,test
r_00178,3,b_022,test
r_00178,3,b_057,test
r_00178,3,b_027,test
r_00178,3,b_064,test
r_00178,3,b_056,test
r_00178,3,b_005,test
r_00179,3,b_060,valid
r_00179,3,b_077,valid
r_00179,3,b_020,valid
r_00179,3,b_056,valid
r_00179,3,b_068,valid
r_00179,3,b_025,valid
r_00179,3,b_014,valid
r_00179,3,b_071,valid
r_00179,3,b_041,valid
r_00179,3,b_001,valid
r_00179,3,b_072,valid
r_00179,3,b_079,valid
r_00179,3,b_034,valid
r_00179,3,b_043,valid
r_00179,3,b_035,valid
r_00179,3,b_011,valid
r_00179,3,b_023,valid
r_00179,3,b_033,valid
r_00179,3,b_002,valid
r_00179,3,b_052,valid
r_00180,3,b_062,train
r_00180,3,b_023,train
r_00180,3,b_014,train
r_00180,3,b_036,train
r_00180,3,b_076,train
r_00180,3,b_034,train
r_00180,3,b_070,train
r_00180,3,b_032,train
r_00180,3,b_016,train
r_00180,3,b_037,train
r_00180,3,b_031,train
r_00180,3,b_005,train
r_00180,3,b_054,train
r_00180,3,b_046,train
r_00180,3,b_058,train
r_00180,3,b_074,train
r_00180,3,b_067,train
r_00180,3,b_001,train
r_00180,3,b_035,train
r_00180,3,b_050,train
r_00181,3,b_008,train
r_00181,3,b_009,train
r_00181,3,b_011,train
r_00181,3,b_005,train
r_00181,3,b_066,train
r_00181,3,b_026,train
r_00181,3,b_057,train
r_00181,3,b_054,train
r_00181,3,b_078,train
r_00181,3,b_034,train
r_00181,3,b_072,train
r_00181,3,b_002,train
r_00181,3,b_059,train
r_00181,3,b_020,train
r_00181,3,b_014,train
r_00181,3,b_039,train
r_00181,3,b_025,train
r_00181,3,b_056,train
r_00181,3,b_043,train
r_00181,3,b_037,train
r_00182,3,b_043,train
r_00182,3,b_042,train
r_00182,3,b_048,train
r_00182,3,b_009,train
r_00182,3,b_054,train
r_00182,3,b_073,train
r_00182,3,b_057,train
r_00182,3,b_047,train
r_00182,3,b_020,train
r_00182,3,b_038,train
r_00182,3,b_029,train
r_00182,3,b_056,train
r_00182,3,b_052,train
r_00182,3,b_034,train
r_00182,3,b_007,train
r_00182,3,b_068,train
r_00182,3,b_040,train
r_00182,3,b_002,train
r_00182,3,b_041,train
r_00182,3,b_059,train
r_00183,3,b_007,train
r_00183,3,b_031,train
r_00183,3,b_067,train
r_00183,3,b_012,train
r_00183,3,b_021,train
r_00183,3,b_001,train
r_00183,3,b_050,train
r_00183,3,b_054,train
r_00183,3,b_053,train
r_00183,3,b_037,train
r_00183,3,b_023,train
r_00183,3,b_033,train
r_00183,3,b_028,train
r_00183,3,b_041,train
r_00183,3,b_019,train
r_00183,3,b_024,train
r_00183,3,b_072,train
r_00183,3,b_074,train
r_00183,3,b_034,train
r_00183,3,b_066,train
r_00184,3,b_057,test
r_00184,3,b_078,test
r_00184,3,b_030,test
r_00184,3,b_040,test
r_00184,3,b_029,test
r_00184,3,b_071,test
r_00184,3,b_050,test
r_00184,3,b_063,test
r_00184,3,b_074,test
r_00184,3,b_025,test
r_00184,3,b_010,test
r_00184,3,b_051,test
r_00184,3,b_032,test
r_00184,3,b_007,test
r_00184,3,b_067,test
r_00184,3,b_023,test
r_00184,3,b_036,test
r_00184,3,b_058,test
r_00184,3,b_004,test
r_00184,3,b_064,test
r_00185,3,b_022,train
r_00185,3,b_018,train
r_00185,3,b_034,train
r_00185,3,b_019,train
r_00185,3,b_023,train
r_00185,3,b_045,train
r_00185,3,b_010,train
r_00185,3,b_028,train
r_00185,3,b_011,train
r_00185,3,b_046,train
r_00185,3,b_077,train
r_00185,3,b_078,train
r_00185,3,b_035,train
r_00185,3,b_061,train
r_00185,3,b_047,train
r_00185,3,b_032,train
r_00185,3,b_068,train
r_00185,3,b_013,train
r_00185,3,b_025,train
r_00185,3,b_079,train
r_00186,3,b_075,train
r_00186,3,b_030,train
r_00186,3,b_006,train
r_00186,3,b_045,train
r_00186,3,b_009,train
r_00186,3,b_043,train
r_00186,3,b_062,train
r_00186,3,b_024,train
r_00186,3,b_035,train
r_00186,3,b_071,train
r_00186,3,b_049,train
r_00186,3,b_042,train
r_00186,3,b_003,train
r_00186,3,b_020,train
r_00186,3,b_060,train
r_00186,3,b_072,train
r_00186,3,b_002,train
r_00186,3,b_048,train
r_00186,3,b_040,train
r_00186,3,b_069,train
r_00187,3,b_031,train
r_00187,3,b_072,train
r_00187,3,b_023,train
r_00187,3,b_004,train
r_00187,3,b_024,train
r_00187,3,b_056,train
r_00187,3,b_010,train
r_00187,3,b_044,train
r_00187,3,b_058,train
r_00187,3,b_006,train
r_00187,3,b_001,train
r_00187,3,b_037,train
r_00187,3,b_041,train
r_00187,3,b_059,train
r_00187,3,b_009,train
r_00187,3,b_027,train
r_00187,3,b_069,train
r_00187,3,b_038,train
r_00187,3,b_080,train
r_00187,3,b_045,train
r_00188,3,b_054,train
r_00188,3,b_057,train
r_00188,3,b_044,train
r_00188,3,b_038,train
r_00188,3,b_069,train
r_00188,3,b_014,train
r_00188,3,b_023,train
r_00188,3,b_058,train
r_00188,3,b_045,train
r_00188,3,b_021,train
r_00188,3,b_012,train
r_00188,3,b_065,train
r_00188,3,b_026,train
r_00188,3,b_020,train
r_00188,3,b_042,train
r_00188,3,b_077,train
r_00188,3,b_043,train
r_00188,3,b_004,train
r_00188,3,b_071,train
r_00188,3,b_009,train
r_00189,3,b_055,test
r_00189,3,b_048,test
r_00189,3,b_013,test
r_00189,3,b_075,test
r_00189,3,b_023,test
r_00189,3,b_060,test
r_00189,3,b_040,test
r_00189,3,b_017,test
r_00189,3,b_018,test
r_00189,3,b_044,test
r_00189,3,b_061,test
r_00189,3,b_003,test
r_00189,3,b_005,test
r_00189,3,b_014,test
r_00189,3,b_068,test
r_00189,3,b_067,test
r_00189,3,b_078,test
r_00189,3,b_047,test
r_00189,3,b_071,test
r_00189,3,b_030,test
r_00190,3,b_023,train
r_00190,3,b_061,train
r_00190,3,b_033,train
r_00190,3,b_053,train
r_00190,3,b_012,train
r_00190,3,b_024,train
r_00190,3,b_014,train
r_00190,3,b_056,train
r_00190,3,b_036,train
r_00190,3,b_046,train
r_00190,3,b_044,train
r_00190,3,b_013,train
r_00190,3,b_007,train
r_00190,3,b_021,train
r_00190,3,b_035,train
r_00190,3,b_055,train
r_00190,3,b_015,train
r_00190,3,b_063,train
r_00190,3,b_009,train
r_00190,3,b_069,train
r_00191,3,b_076,test
r_00191,3,b_041,test
r_00191,3,b_034,test
r_00191,3,b_073,test
r_00191,3,b_027,test
r_00191,3,b_010,test
r_00191,3,b_049,test
r_00191,3,b_043,test
r_00191,3,b_054,test
r_00191,3,b_040,test
r_00191,3,b_060,test
r_00191,3,b_045,test
r_00191,3,b_013,test
r_00191,3,b_068,test
r_00191,3,b_035,test
r_00191,3,b_002,test
r_00191,3,b_070,test
r_00191,3,b_050,test
r_00191,3,b_020,test
r_00191,3,b_072,test
r_00192,3,b_075,valid
r_00192,3,b_050,valid
r_00192,3,b_038,valid
r_00192,3,b_056,valid
r_00192,3,b_069,valid
r_00192,3,b_021,valid
r_00192,3,b_048,valid
r_00192,3,b_033,valid
r_00192,3,b_063,valid
r_00192,3,b_051,valid
r_00192,3,b_025,valid
r_00192,3,b_008,valid
r_00192,3,b_023,valid
r_00192,3,b_036,valid
r_00192,3,b_011,valid
r_00192,3,b_055,valid
r_00192,3,b_078,valid
r_00192,3,b_015,valid
r_00192,3,b_013,valid
r_00192,3,b_077,valid
r_00193,3,b_013,train
r_00193,3,b_027,train
r_00193,3,b_006,train
r_00193,3,b_048,train
r_00193,3,b_075,train
r_00193,3,b_072,train
r_00193,3,b_050,train
r_00193,3,b_061,train
r_00193,3,b_080,train
r_00193,3,b_021,train
r_00193,3,b_066,train
r_00193,3,b_007,train
r_00193,3,b_022,train
r_00193,3,b_076,train
r_00193,3,b_071,train
r_00193,3,b_034,train
r_00193,3,b_019,train
r_00193,3,b_036,train
r_00193,3,b_025,train
r_00193,3,b_056,train
r_00194,3,b_039,train
r_00194,3,b_005,train
r_00194,3,b_044,train
r_00194,3,b_017,train
r_00194,3,b_047,train
r_00194,3,b_032,train
r_00194,3,b_019,train
r_00194,3,b_063,train
r_00194,3,b_034,train
r_00194,3,b_053,train
r_00194,3,b_066,train
r_00194,3,b_028,train
r_00194,3,b_021,train
r_00194,3,b_079,train
r_00194,3,b_060,train
r_00194,3,b_042,train
r_00194,3,b_068,train
r_00194,3,b_038,train
r_00194,3,b_043,train
r_00194,3,b_002,train
r_00195,3,b_047,train
r_00195,3,b_021,train
r_00195,3,b_033,train
r_00195,3,b_010,train
r_00195,3,b_075,train
r_00195,3,b_002,train
r_00195,3,b_004,train
r_00195,3,b_040,train
r_00195,3,b_018,train
r_00195,3,b_028,train
r_00195,3,b_074,train
r_00195,3,b_014,train
r_00195,3,b_060,train
r_00195,3,b_008,train
r_00195,3,b_045,train
r_00195,3,b_038,train
r_00195,3,b_077,train
r_00195,3,b_055,train
r_00195,3,b_036,train
r_00195,3,b_020,train
r_00196,3,b_046,test
r_00196,3,b_063,test
r_00196,3,b_067,test
r_00196,3,b_057,test
r_00196,3,b_051,test
r_00196,3,b_052,test
r_00196,3,b_037,test
r_00196,3,b_030,test
r_00196,3,b_027,test
r_00196,3,b_001,test
r_00196,3,b_009,test
r_00196,3,b_017,test
r_00196,3,b_075,test
r_00196,3,b_007,test
r_00196,3,b_064,test
r_00196,3,b_022,test
r_00196,3,b_018,test
r_00196,3,b_013,test
r_00196,3,b_041,test
r_00196,3,b_028,test
r_00197,3,b_037,train
r_00197,3,b_079,train
r_00197,3,b_036,train
r_00197,3,b_080,train
r_00197,3,b_019,train
r_00197,3,b_020,train
r_00197,3,b_067,train
r_00197,3,b_055,train
r_00197,3,b_028,train
r_00197,3,b_072,train
r_00197,3,b_054,train
r_00197,3,b_070,train
r_00197,3,b_033,train
r_00197,3,b_035,train
r_00197,3,b_050,train
r_00197,3,b_060,train
r_00197,3,b_010,train
r_00197,3,b_017,train
r_00197,3,b_029,train
r_00197,3,b_061,train
r_00198,3,b_007,train
r_00198,3,b_036,train
r_00198,3,b_010,train
r_00198,3,b_045,train
r_00198,3,b_027,train
r_00198,3,b_068,train
r_00198,3,b_049,train
r_00198,3,b_064,train
r_00198,3,b_025,train
r_00198,3,b_072,train
r_00198,3,b_047,train
r_00198,3,b_060,train
r_00198,3,b_042,train
r_00198,3,b_004,train
r_00198,3,b_032,train
r_00198,3,b_058,train
r_00198,3,b_009,train
r_00198,3,b_052,train
r_00198,3,b_008,train
r_00198,3,b_017,train
r_00199,3,b_066,test
r_00199,3,b_014,test
r_00199,3,b_079,test
r_00199,3,b_036,test
r_00199,3,b_078,test
r_00199,3,b_011,test
r_00199,3,b_020,test
r_00199,3,b_063,test
r_00199,3,b_061,test
r_00199,3,b_018,test
r_00199,3,b_029,test
r_00199,3,b_005,test
r_00199,3,b_008,test
r_00199,3,b_069,test
r_00199,3,b_075,test
r_00199,3,b_022,test
r_00199,3,b_053,test
r_00199,3,b_002,test
r_00199,3,b_049,test
r_00199,3,b_054,test
r_00200,3,b_036,train
r_00200,3,b_030,train
r_00200,3,b_019,train
r_00200,3,b_062,train
r_00200,3,b_034,train
r_00200,3,b_057,train
r_00200,3,b_025,train
r_00200,3,b_072,train
r_00200,3,b_080,train
r_00200,3,b_077,train
r_00200,3,b_076,train
r_00200,3,b_039,train
r_00200,3,b_028,train
r_00200,3,b_016,train
r_00200,3,b_006,train
r_00200,3,b_049,train
r_00200,3,b_058,train
r_00200,3,b_069,train
r_00200,3,b_073,train
r_00200,3,b_064,train
r_00201,3,b_027,train
r_00201,3,b_055,train
r_00201,3,b_034,train
r_00201,3,b_066,train
r_00201,3,b_080,train
r_00201,3,b_031,train
r_00201,3,b_053,train
r_00201,3,b_041,train
r_00201,3,b_028,train
r_00201,3,b_013,train
r_00201,3,b_021,train
r_00201,3,b_018,train
r_00201,3,b_026,train
r_00201,3,b_022,train
r_00201,3,b_061,train
r_00201,3,b_073,train
r_00201,3,b_072,train
r_00201,3,b_068,train
r_00201,3,b_032,train
r_00201,3,b_035,train
r_00202,3,b_009,test
r_00202,3,b_022,test
r_00202,3,b_054,test
r_00202,3,b_055,test
r_00202,3,b_023,test
r_00202,3,b_025,test
r_00202,3,b_004,test
r_00202,3,b_080,test
r_00202,3,b_020,test
r_00202,3,b_032,test
r_00202,3,b_075,test
r_00202,3,b_036,test
r_00202,3,b_044,test
r_00202,3,b_010,test
r_00202,3,b_040,test
r_00202,3,b_041,test
r_00202,3,b_031,test
r_00202,3,b_076,test
r_00202,3,b_071,test
r_00202,3,b_069,test
r_00203,3,b_016,train
r_00203,3,b_018,train
r_00203,3,b_028,train
r_00203,3,b_070,train
r_00203,3,b_046,train
r_00203,3,b_035,train
r_00203,3,b_080,train
r_00203,3,b_039,train
r_00203,3,b_063,train
r_00203,3,b_038,train
r_00203,3,b_062,train
r_00203,3,b_011,train
r_00203,3,b_040,train
r_00203,3,b_015,train
r_00203,3,b_077,train
r_00203,3,b_023,train
r_00203,3,b_002,train
r_00203,3,b_032,train
r_00203,3,b_013,train
r_00203,3,b_031,train
r_00204,3,b_080,train
r_00204,3,b_003,train
r_00204,3,b_015,train
r_00204,3,b_065,train
r_00204,3,b_048,train
r_00204,3,b_024,train
r_00204,3,b_040,train
r_00204,3,b_034,train
r_00204,3,b_052,train
r_00204,3,b_039,train
r_00204,3,b_022,train
r_00204,3,b_056,train
r_00204,3,b_012,train
r_00204,3,b_001,train
r_00204,3,b_063,train
r_00204,3,b_010,train
r_00204,3,b_053,train
r_00204,3,b_066,train
r_00204,3,b_077,train
r_00204,3,b_019,train
r_00205,3,b_056,test
r_00205,3,b_016,test
r_00205,3,b_053,test
r_00205,3,b_059,test
r_00205,3,b_067,test
r_00205,3,b_074,test
r_00205,3,b_061,test
r_00205,3,b_026,test
r_00205,3,b_029,test
r_00205,3,b_013,test
r_00205,3,b_041,test
r_00205,3,b_031,test
r_00205,3,b_024,test
r_00205,3,b_055,test
r_00205,3,b_005,test
r_00205,3,b_022,test
r_00205,3,b_050,test
r_00205,3,b_073,test
r_00205,3,b_039,test
r_00205,3,b_017,test
r_00206,3,b_065,train
r_00206,3,b_036,train
r_00206,3,b_025,train
r_00206,3,b_043,train
r_00206,3,b_016,train
r_00206,3,b_063,train
r_00206,3,b_059,train
r_00206,3,b_075,train
r_00206,3,b_069,train
r_00206,3,b_004,train
r_00206,3,b_030,train
r_00206,3,b_061,train
r_00206,3,b_011,train
r_00206,3,b_006,train
r_00206,3,b_031,train
r_00206,3,b_048,train
r_00206,3,b_053,train
r_00206,3,b_009,train
r_00206,3,b_055,train
r_00206,3,b_007,train
r_00207,3,b_052,train
r_00207,3,b_010,train
r_00207,3,b_037,train
r_00207,3,b_007,train
r_00207,3,b_039,train
r_00207,3,b_055,train
r_00207,3,b_078,train
r_00207,3,b_073,train
r_00207,3,b_023,train
r_00207,3,b_003,train
r_00207,3,b_054,train
r_00207,3,b_034,train
r_00207,3,b_013,train
r_00207,3,b_032,train
r_00207,3,b_002,train
r_00207,3,b_018,train
r_00207,3,b_080,train
r_00207,3,b_026,train
r_00207,3,b_058,train
r_00207,3,b_019,train
r_00208,3,b_047,train
r_00208,3,b_025,train
r_00208,3,b_054,train
r_00208,3,b_039,train
r_00208,3,b_030,train
r_00208,3,b_003,train
r_00208,3,b_028,train
r_00208,3,b_024,train
r_00208,3,b_001,train
r_00208,3,b_048,train
r_00208,3,b_021,train
r_00208,3,b_059,train
r_00208,3,b_019,train
r_00208,3,b_044,train
r_00208,3,b_064,train
r_00208,3,b_026,train
r_00208,3,b_060,train
r_00208,3,b_011,train
r_00208,3,b_058,train
r_00208,3,b_076,train
r_00209,3,b_001,train
r_00209,3,b_061,train
r_00209,3,b_063,train
r_00209,3,b_035,train
r_00209,3,b_016,train
r_00209,3,b_041,train
r_00209,3,b_052,train
r_00209,3,b_020,train
r_00209,3,b_050,train
r_00209,3,b_033,train
r_00209,3,b_043,train
r_00209,3,b_073,train
r_00209,3,b_018,train
r_00209,3,b_036,train
r_00209,3,b_012,train
r_00209,3,b_011,train
r_00209,3,b_049,train
r_00209,3,b_015,train
r_00209,3,b_044,train
r_00209,3,b_054,train
r_00210,3,b_013,train
r_00210,3,b_004,train
r_00210,3,b_030,train
r_00210,3,b_061,train
r_00210,3,b_058,train
r_00210,3,b_051,train
r_00210,3,b_003,train
r_00210,3,b_037,train
r_00210,3,b_059,train
r_00210,3,b_068,train
r_00210,3,b_040,train
r_00210,3,b_034,train
r_00210,3,b_016,train
r_00210,3,b_006,train
r_00210,3,b_024,train
r_00210,3,b_001,train
r_00210,3,b_080,train
r_00210,3,b_043,train
r_00210,3,b_064,train
r_00210,3,b_035,train
r_00211,3,b_041,train
r_00211,3,b_067,train
r_00211,3,b_078,train
r_00211,3,b_063,train
r_00211,3,b_071,train
r_00211,3,b_002,train
r_00211,3,b_032,train
r_00211,3,b_009,train
r_00211,3,b_076,train
r_00211,3,b_013,train
r_00211,3,b_019,train
r_00211,3,b_052,train
r_00211,3,b_029,train
r_00211,3,b_072,train
r_00211,3,b_046,train
r_00211,3,b_028,train
r_00211,3,b_040,train
r_00211,3,b_049,train
r_00211,3,b_056,train
r_00211,3,b_010,train
r_00212,3,b_044,test
r_00212,3,b_028,test
r_00212,3,b_027,test
r_00212,3,b_050,test
r_00212,3,b_071,test
r_00212,3,b_076,test
r_00212,3,b_036,test
r_00212,3,b_030,test
r_00212,3,b_051,test
r_00212,3,b_054,test
r_00212,3,b_001,test
r_00212,3,b_055,test
r_00212,3,b_008,test
r_00212,3,b_049,test
r_00212,3,b_026,test
r_00212,3,b_011,test
r_00212,3,b_002,test
r_00212,3,b_052,test
r_00212,3,b_021,test
r_00212,3,b_074,test
r_00213,3,b_026,train
r_00213,3,b_049,train
r_00213,3,b_035,train
r_00213,3,b_065,train
r_00213,3,b_061,train
r_00213,3,b_048,train
r_00213,3,b_028,train
r_00213,3,b_020,train
r_00213,3,b_011,train
r_00213,3,b_002,train
r_00213,3,b_014,train
r_00213,3,b_063,train
r_00213,3,b_017,train
r_00213,3,b_042,train
r_00213,3,b_056,train
r_00213,3,b_046,train
r_00213,3,b_008,train
r_00213,3,b_060,train
r_00213,3,b_067,train
r_00213,3,b_076,train
r_00214,3,b_028,valid
r_00214,3,b_066,valid
r_00214,3,b_072,valid
r_00214,3,b_070,valid
r_00214,3,b_046,valid
r_00214,3,b_031,valid
r_00214,3,b_023,valid
r_00214,3,b_057,valid
r_00214,3,b_058,valid
r_00214,3,b_068,valid
r_00214,3,b_026,valid
r_00214,3,b_019,valid
r_00214,3,b_069,valid
r_00214,3,b_012,valid
r_00214,3,b_032,valid
r_00214,3,b_010,valid
r_00214,3,b_006,valid
r_00214,3,b_013,valid
r_00214,3,b_033,valid
r_00214,3,b_018,valid
r_00215,3,b_058,valid
r_00215,3,b_077,valid
r_00215,3,b_035,valid
r_00215,3,b_046,valid
r_00215,3,b_052,valid
r_00215,3,b_069,valid
r_00215,3,b_075,valid
r_00215,3,b_023,valid
r_00215,3,b_060,valid
r_00215,3,b_019,valid
r_00215,3,b_001,valid
r_00215,3,b_018,valid
r_00215,3,b_064,valid
r_00215,3,b_051,valid
r_00215,3,b_042,valid
r_00215,3,b_039,valid
r_00215,3,b_072,valid
r_00215,3,b_015,valid
r_00215,3,b_022,valid
r_00215,3,b_043,valid
r_00216,3,b_025,train
r_00216,3,b_056,train
r_00216,3,b_070,train
r_00216,3,b_012,train
r_00216,3,b_027,train
r_00216,3,b_047,train
r_00216,3,b_072,train
r_00216,3,b_011,train
r_00216,3,b_039,train
r_00216,3,b_007,train
r_00216,3,b_032,train
r_00216,3,b_021,train
r_00216,3,b_077,train
r_00216,3,b_040,train
r_00216,3,b_019,train
r_00216,3,b_066,train
r_00216,3,b_006,train
r_00216,3,b_064,train
r_00216,3,b_063,train
r_00216,3,b_051,train
r_00217,3,b_069,train
r_00217,3,b_074,train
r_00217,3,b_010,train
r_00217,3,b_049,train
r_00217,3,b_037,train
r_00217,3,b_068,train
r_00217,3,b_022,train
r_00217,3,b_013,train
r_00217,3,b_021,train
r_00217,3,b_001,train
r_00217,3,b_075,train
r_00217,3,b_045,train
r_00217,3,b_018,train
r_00217,3,b_071,train
r_00217,3,b_004,train
r_00217,3,b_015,train
r_00217,3,b_008,train
r_00217,3,b_027,train
r_00217,3,b_064,train
r_00217,3,b_050,train
r_00218,3,b_004,train
r_00218,3,b_026,train
r_00218,3,b_074,train
r_00218,3,b_009,train
r_00218,3,b_024,train
r_00218,3,b_058,train
r_00218,3,b_040,train
r_00218,3,b_010,train
r_00218,3,b_061,train
r_00218,3,b_050,train
r_00218,3,b_062,train
r_00218,3,b_066,train
r_00218,3,b_049,train
r_00218,3,b_003,train
r_00218,3,b_076,train
r_00218,3,b_005,train
r_00218,3,b_073,train
r_00218,3,b_070,train
r_00218,3,b_028,train
r_00218,3,b_048,train
r_00219,3,b_059,train
r_00219,3,b_044,train
r_00219,3,b_055,train
r_00219,3,b_033,train
r_00219,3,b_031,train
r_00219,3,b_040,train
r_00219,3,b_074,train
r_00219,3,b_024,train
r_00219,3,b_061,train
r_00219,3,b_072,train
r_00219,3,b_037,train
r_00219,3,b_027,train
r_00219,3,b_028,train
r_00219,3,b_076,train
r_00219,3,b_069,train
r_00219,3,b_013,train
r_00219,3,b_035,train
r_00219,3,b_016,train
r_00219,3,b_032,train
r_00219,3,b_023,train
r_00220,3,b_075,train
r_00220,3,b_027,train
r_00220,3,b_015,train
r_00220,3,b_030,train
r_00220,3,b_013,train
r_00220,3,b_033,train
r_00220,3,b_037,train
r_00220,3,b_022,train
r_00220,3,b_005,train
r_00220,3,b_080,train
r_00220,3,b_038,train
r_00220,3,b_026,train
r_00220,3,b_024,train
r_00220,3,b_040,train
r_00220,3,b_061,train
r_00220,3,b_010,train
r_00220,3,b_012,train
r_00220,3,b_023,train
r_00220,3,b_057,train
r_00220,3,b_052,train
r_00221,3,b_077,train
r_00221,3,b_056,train
r_00221,3,b_063,train
r_00221,3,b_062,train
r_00221,3,b_068,train
r_00221,3,b_073,train
r_00221,3,b_051,train
r_00221,3,b_027,train
r_00221,3,b_007,train
r_00221,3,b_015,train
r_00221,3,b_048,train
r_00221,3,b_074,train
r_00221,3,b_028,train
r_00221,3,b_035,train
r_00221,3,b_016,train
r_00221,3,b_018,train
r_00221,3,b_026,train
r_00221,3,b_061,train
r_00221,3,b_006,train
r_00221,3,b_003,train
r_00222,3,b_025,test
r_00222,3,b_027,test
r_00222,3,b_055,test
r_00222,3,b_080,test
r_00222,3,b_068,test
r_00222,3,b_003,test
r_00222,3,b_078,test
r_00222,3,b_008,test
r_00222,3,b_018,test
r_00222,3,b_016,test
r_00222,3,b_001,test
r_00222,3,b_021,test
r_00222,3,b_045,test
r_00222,3,b_067,test
r_00222,3,b_011,test
r_00222,3,b_043,test
r_00222,3,b_048,test
r_00222,3,b_054,test
r_00222,3,b_031,test
r_00222,3,b_063,test
r_00223,3,b_031,train
r_00223,3,b_051,train
r_00223,3,b_054,train
r_00223,3,b_013,train
r_00223,3,b_080,train
r_00223,3,b_077,train
r_00223,3,b_007,train
r_00223,3,b_004,train
r_00223,3,b_049,train
r_00223,3,b_015,train
r_00223,3,b_024,train
r_00223,3,b_001,train
r_00223,3,b_075,train
r_00223,3,b_061,train
r_00223,3,b_027,train
r_00223,3,b_063,train
r_00223,3,b_026,train
r_00223,3,b_056,train
r_00223,3,b_041,train
r_00223,3,b_018,train
r_00224,3,b_011,train
r_00224,3,b_015,train
r_00224,3,b_018,train
r_00224,3,b_032,train
r_00224,3,b_073,train
r_00224,3,b_014,train
r_00224,3,b_047,train
r_00224,3,b_061,train
r_00224,3,b_022,train
r_00224,3,b_051,train
r_00224,3,b_074,train
r_00224,3,b_028,train
r_00224,3,b_002,train
r_00224,3,b_043,train
r_00224,3,b_071,train
r_00224,3,b_020,train
r_00224,3,b_055,train
r_00224,3,b_052,train
r_00224,3,b_038,train
r_00224,3,b_021,train
r_00225,3,b_031,train
r_00225,3,b_033,train
r_00225,3,b_057,train
r_00225,3,b_021,train
r_00225,3,b_074,train
r_00225,3,b_065,train
r_00225,3,b_017,train
r_00225,3,b_024,train
r_00225,3,b_061,train
r_00225,3,b_055,train
r_00225,3,b_032,train
r_00225,3,b_027,train
r_00225,3,b_036,train
r_00225,3,b_003,train
r_00225,3,b_010,train
r_00225,3,b_060,train
r_00225,3,b_007,train
r_00225,3,b_050,train
r_00225,3,b_019,train
r_00225,3,b_025,train
r_00226,3,b_074,train
r_00226,3,b_024,train
r_00226,3,b_033,train
r_00226,3,b_039,train
r_00226,3,b_076,train
r_00226,3,b_007,train
r_00226,3,b_055,train
r_00226,3,b_026,train
r_00226,3,b_077,train
r_00226,3,b_010,train
r_00226,3,b_041,train
r_00226,3,b_052,train
r_00226,3,b_025,train
r_00226,3,b_006,train
r_00226,3,b_068,train
r_00226,3,b_014,train
r_00226,3,b_056,train
r_00226,3,b_016,train
r_00226,3,b_064,train
r_00226,3,b_043,train
r_00227,3,b_069,valid
r_00227,3,b_002,valid
r_00227,3,b_008,valid
r_00227,3,b_048,valid
r_00227,3,b_076,valid
r_00227,3,b_054,valid
r_00227,3,b_013,valid
r_00227,3,b_080,valid
r_00227,3,b_050,valid
r_00227,3,b_047,valid
r_00227,3,b_005,valid
r_00227,3,b_016,valid
r_00227,3,b_024,valid
r_00227,3,b_057,valid
r_00227,3,b_020,valid
r_00227,3,b_027,valid
r_00227,3,b_059,valid
r_00227,3,b_004,valid
r_00227,3,b_070,valid
r_00227,3,b_043,valid
r_00228,3,b_040,test
r_00228,3,b_006,test
r_00228,3,b_024,test
r_00228,3,b_030,test
r_00228,3,b_069,test
r_00228,3,b_072,test
r_00228,3,b_026,test
r_00228,3,b_075,test
r_00228,3,b_002,test
r_00228,3,b_004,test
r_00228,3,b_022,test
r_00228,3,b_066,test
r_00228,3,b_041,test
r_00228,3,b_046,test
r_00228,3,b_053,test
r_00228,3,b_073,test
r_00228,3,b_049,test
r_00228,3,b_061,test
r_00228,3,b_015,test
r_00228,3,b_036,test
r_00229,3,b_052,train
r_00229,3,b_061,train
r_00229,3,b_027,train
r_00229,3,b_004,train
r_00229,3,b_016,train
r_00229,3,b_064,train
r_00229,3,b_038,train
r_00229,3,b_045,train
r_00229,3,b_010,train
r_00229,3,b_026,train
r_00229,3,b_074,train
r_00229,3,b_012,train
r_00229,3,b_069,train
r_00229,3,b_066,train
r_00229,3,b_053,train
r_00229,3,b_078,train
r_00229,3,b_044,train
r_00229,3,b_059,train
r_00229,3,b_018,train
r_00229,3,b_005,train
r_00230,3,b_073,valid
r_00230,3,b_002,valid
r_00230,3,b_077,valid
r_00230,3,b_019,valid
r_00230,3,b_054,valid
r_00230,3,b_050,valid
r_00230,3,b_045,valid
r_00230,3,b_030,valid
r_00230,3,b_061,valid
r_00230,3,b_020,valid
r_00230,3,b_078,valid
r_00230,3,b_024,valid
r_00230,3,b_029,valid
r_00230,3,b_048,valid
r_00230,3,b_007,valid
r_00230,3,b_001,valid
r_00230,3,b_065,valid
r_00230,3,b_016,valid
r_00230,3,b_070,valid
r_00230,3,b_064,valid
r_00231,3,b_037,train
r_00231,3,b_009,train
r_00231,3,b_025,train
r_00231,3,b_040,train
r_00231,3,b_062,train
r_00231,3,b_022,train
r_00231,3,b_016,train
r_00231,3,b_013,train
r_00231,3,b_036,train
r_00231,3,b_065,train
r_00231,3,b_034,train
r_00231,3,b_015,train
r_00231,3,b_072,train
r_00231,3,b_014,train
r_00231,3,b_055,train
r_00231,3,b_024,train
r_00231,3,b_044,train
r_00231,3,b_031,train
r_00231,3,b_026,train
r_00231,3,b_069,train
r_00232,3,b_002,train
r_00232,3,b_055,train
r_00232,3,b_035,train
r_00232,3,b_018,train
r_00232,3,b_047,train
r_00232,3,b_030,train
r_00232,3,b_040,train
r_00232,3,b_037,train
r_00232,3,b_052,train
r_00232,3,b_079,train
r_00232,3,b_021,train
r_00232,3,b_001,train
r_00232,3,b_038,train
r_00232,3,b_067,train
r_00232,3,b_063,train
r_00232,3,b_059,train
r_00232,3,b_012,train
r_00232,3,b_053,train
r_00232,3,b_014,train
r_00232,3,b_034,train
r_00233,3,b_052,train
r_00233,3,b_061,train
r_00233,3,b_079,train
r_00233,3,b_034,train
r_00233,3,b_077,train
r_00233,3,b_020,train
r_00233,3,b_016,train
r_00233,3,b_032,train
r_00233,3,b_067,train
r_00233,3,b_065,train
r_00233,3,b_027,train
r_00233,3,b_018,train
r_00233,3,b_054,train
r_00233,3,b_045,train
r_00233,3,b_041,train
r_00233,3,b_017,train
r_00233,3,b_015,train
r_00233,3,b_030,train
r_00233,3,b_048,train
r_00233,3,b_047,train
r_00234,3,b_076,test
r_00234,3,b_004,test
r_00234,3,b_079,test
r_00234,3,b_048,test
r_00234,3,b_074,test
r_00234,3,b_034,test
r_00234,3,b_050,test
r_00234,3,b_005,test
r_00234,3,b_010,test
r_00234,3,b_054,test
r_00234,3,b_071,test
r_00234,3,b_035,test
r_00234,3,b_001,test
r_00234,3,b_030,test
r_00234,3,b_045,test
r_00234,3,b_021,test
r_00234,3,b_078,test
r_00234,3,b_063,test
r_00234,3,b_002,test
r_00234,3,b_007,test
r_00235,3,b_006,train
r_00235,3,b_074,train
r_00235,3,b_002,train
r_00235,3,b_019,train
r_00235,3,b_026,train
r_00235,3,b_076,train
r_00235,3,b_036,train
r_00235,3,b_016,train
r_00235,3,b_013,train
r_00235,3,b_008,train
r_00235,3,b_037,train
r_00235,3,b_054,train
r_00235,3,b_061,train
r_00235,3,b_025,train
r_00235,3,b_050,train
r_00235,3,b_045,train
r_00235,3,b_005,train
r_00235,3,b_030,train
r_00235,3,b_062,train
r_00235,3,b_032,train
r_00236,3,b_068,train
r_00236,3,b_046,train
r_00236,3,b_003,train
r_00236,3,b_019,train
r_00236,3,b_066,train
r_00236,3,b_071,train
r_00236,3,b_012,train
r_00236,3,b_033,train
r_00236,3,b_044,train
r_00236,3,b_051,train
r_00236,3,b_034,train
r_00236,3,b_067,train
r_00236,3,b_056,train
r_00236,3,b_072,train
r_00236,3,b_025,train
r_00236,3,b_006,train
r_00236,3,b_018,train
r_00236,3,b_077,train
r_00236,3,b_073,train
r_00236,3,b_011,train
r_00237,3,b_079,train
r_00237,3,b_065,train
r_00237,3,b_040,train
r_00237,3,b_001,train
r_00237,3,b_075,train
r_00237,3,b_054,train
r_00237,3,b_003,train
r_00237,3,b_055,train
r_00237,3,b_073,train
r_00237,3,b_062,train
r_00237,3,b_009,train
r_00237,3,b_035,train
r_00237,3,b_024,train
r_00237,3,b_068,train
r_00237,3,b_046,train
r_00237,3,b_076,train
r_00237,3,b_058,train
r_00237,3,b_008,train
r_00237,3,b_006,train
r_00237,3,b_020,train
r_00238,3,b_023,train
r_00238,3,b_019,train
r_00238,3,b_014,train
r_00238,3,b_056,train
r_00238,3,b_027,train
r_00238,3,b_045,train
r_00238,3,b_079,train
r_00238,3,b_075,train
r_00238,3,b_073,train
r_00238,3,b_077,train
r_00238,3,b_001,train
r_00238,3,b_043,train
r_00238,3,b_048,train
r_00238,3,b_010,train
r_00238,3,b_076,train
r_00238,3,b_024,train
r_00238,3,b_011,train
r_00238,3,b_006,train
r_00238,3,b_055,train
r_00238,3,b_062,train
r_00239,3,b_062,valid
r_00239,3,b_026,valid
r_00239,3,b_056,valid
r_00239,3,b_045,valid
r_00239,3,b_003,valid
r_00239,3,b_009,valid
r_00239,3,b_053,valid
r_00239,3,b_027,valid
r_00239,3,b_021,valid
r_00239,3,b_012,valid
r_00239,3,b_079,valid
r_00239,3,b_034,valid
r_00239,3,b_069,valid
r_00239,3,b_031,valid
r_00239,3,b_075,valid
r_00239,3,b_057,valid
r_00239,3,b_071,valid
r_00239,3,b_016,valid
r_00239,3,b_019,valid
r_00239,3,b_059,valid
r_00240,3,b_066,valid
r_00240,3,b_043,valid
r_00240,3,b_010,valid
r_00240,3,b_053,valid
r_00240,3,b_047,valid
r_00240,3,b_004,valid
r_00240,3,b_048,valid
r_00240,3,b_014,valid
r_00240,3,b_023,valid
r_00240,3,b_068,valid
r_00240,3,b_034,valid
r_00240,3,b_025,valid
r_00240,3,b_001,valid
r_00240,3,b_020,valid
r_00240,3,b_073,valid
r_00240,3,b_024,valid
r_00240,3,b_041,valid
r_00240,3,b_040,valid
r_00240,3,b_029,valid
r_00240,3,b_067,valid
r_00241,3,b_061,valid
r_00241,3,b_036,valid
r_00241,3,b_024,valid
r_00241,3,b_006,valid
r_00241,3,b_051,valid
r_00241,3,b_040,valid
r_00241,3,b_016,valid
r_00241,3,b_055,valid
r_00241,3,b_079,valid
r_00241,3,b_005,valid
r_00241,3,b_033,valid
r_00241,3,b_045,valid
r_00241,3,b_010,valid
r_00241,3,b_009,valid
r_00241,3,b_071,valid
r_00241,3,b_031,valid
r_00241,3,b_012,valid
r_00241,3,b_076,valid
r_00241,3,b_027,valid
r_00241,3,b_057,valid
r_00242,3,b_040,test
r_00242,3,b_016,test
r_00242,3,b_007,test
r_00242,3,b_022,test
r_00242,3,b_075,test
r_00242,3,b_047,test
r_00242,3,b_017,test
r_00242,3,b_069,test
r_00242,3,b_071,test
r_00242,3,b_074,test
r_00242,3,b_033,test
r_00242,3,b_020,test
r_00242,3,b_012,test
r_00242,3,b_048,test
r_00242,3,b_044,test
r_00242,3,b_057,test
r_00242,3,b_025,test
r_00242,3,b_041,test
r_00242,3,b_050,test
r_00242,3,b_078,test
r_00243,3,b_078,train
r_00243,3,b_046,train
r_00243,3,b_070,train
r_00243,3,b_042,train
r_00243,3,b_065,train
r_00243,3,b_071,train
r_00243,3,b_053,train
r_00243,3,b_019,train
r_00243,3,b_076,train
r_00243,3,b_061,train
r_00243,3,b_037,train
r_00243,3,b_060,train
r_00243,3,b_014,train
r_00243,3,b_066,train
r_00243,3,b_045,train
r_00243,3,b_055,train
r_00243,3,b_039,train
r_00243,3,b_022,train
r_00243,3,b_035,train
r_00243,3,b_054,train
r_00244,3,b_069,train
r_00244,3,b_079,train
r_00244,3,b_022,train
r_00244,3,b_034,train
r_00244,3,b_054,train
r_00244,3,b_038,train
r_00244,3,b_024,train
r_00244,3,b_067,train
r_00244,3,b_060,train
r_00244,3,b_006,train
r_00244,3,b_056,train
r_00244,3,b_004,train
r_00244,3,b_026,train
r_00244,3,b_033,train
r_00244,3,b_019,train
r_00244,3,b_031,train
r_00244,3,b_077,train
r_00244,3,b_050,train
r_00244,3,b_008,train
r_00244,3,b_058,train
r_00245,3,b_032,test
r_00245,3,b_033,test
r_00245,3,b_008,test
r_00245,3,b_058,test
r_00245,3,b_027,test
r_00245,3,b_047,test
r_00245,3,b_042,test
r_00245,3,b_014,test
r_00245,3,b_077,test
r_00245,3,b_037,test
r_00245,3,b_068,test
r_00245,3,b_078,test
r_00245,3,b_040,test
r_00245,3,b_016,test
r_00245,3,b_061,test
r_00245,3,b_035,test
r_00245,3,b_030,test
r_00245,3,b_075,test
r_00245,3,b_057,test
r_00245,3,b_034,test
r_00246,3,b_075,test
r_00246,3,b_026,test
r_00246,3,b_058,test
r_00246,3,b_064,test
r_00246,3,b_076,test
r_00246,3,b_041,test
r_00246,3,b_050,test
r_00246,3,b_043,test
r_00246,3,b_029,test
r_00246,3,b_052,test
r_00246,3,b_067,test
r_00246,3,b_056,test
r_00246,3,b_057,test
r_00246,3,b_046,test
r_00246,3,b_031,test
r_00246,3,b_040,test
r_00246,3,b_065,test
r_00246,3,b_018,test
r_00246,3,b_024,test
r_00246,3,b_020,test
r_00247,3,b_061,train
r_00247,3,b_068,train
r_00247,3,b_063,train
r_00247,3,b_021,train
r_00247,3,b_040,train
r_00247,3,b_016,train
r_00247,3,b_024,train
r_00247,3,b_008,train
r_00247,3,b_018,train
r_00247,3,b_036,train
r_00247,3,b_013,train
r_00247,3,b_014,train
r_00247,3,b_005,train
r_00247,3,b_035,train
r_00247,3,b_067,train
r_00247,3,b_037,train
r_00247,3,b_078,train
r_00247,3,b_073,train
r_00247,3,b_080,train
r_00247,3,b_020,train
r_00248,3,b_024,test
r_00248,3,b_061,test
r_00248,3,b_011,test
r_00248,3,b_027,test
r_00248,3,b_060,test
r_00248,3,b_019,test
r_00248,3,b_023,test
r_00248,3,b_033,test
r_00248,3,b_039,test
r_00248,3,b_001,test
r_00248,3,b_070,test
r_00248,3,b_052,test
r_00248,3,b_074,test
r_00248,3,b_012,test
r_00248,3,b_029,test
r_00248,3,b_028,test
r_00248,3,b_015,test
r_00248,3,b_013,test
r_00248,3,b_034,test
r_00248,3,b_009,test
r_00249,3,b_055,test
r_00249,3,b_060,test
r_00249,3,b_035,test
r_00249,3,b_068,test
r_00249,3,b_038,test
r_00249,3,b_080,test
r_00249,3,b_040,test
r_00249,3,b_054,test
r_00249,3,b_032,test
r_00249,3,b_049,test
r_00249,3,b_004,test
r_00249,3,b_064,test
r_00249,3,b_005,test
r_00249,3,b_045,test
r_00249,3,b_039,test
r_00249,3,b_014,test
r_00249,3,b_036,test
r_00249,3,b_078,test
r_00249,3,b_007,test
r_00249,3,b_077,test
r_00250,3,b_050,test
r_00250,3,b_059,test
r_00250,3,b_019,test
r_00250,3,b_012,test
r_00250,3,b_068,test
r_00250,3,b_051,test
r_00250,3,b_003,test
r_00250,3,b_021,test
r_00250,3,b_060,test
r_00250,3,b_065,test
r_00250,3,b_043,test
r_00250,3,b_038,test
r_00250,3,b_026,test
r_00250,3,b_007,test
r_00250,3,b_078,test
r_00250,3,b_064,test
r_00250,3,b_069,test
r_00250,3,b_006,test
r_00250,3,b_074,test
r_00250,3,b_075,test
r_00251,3,b_018,train
r_00251,3,b_050,train
r_00251,3,b_015,train
r_00251,3,b_014,train
r_00251,3,b_005,train
r_00251,3,b_076,train
r_00251,3,b_080,train
r_00251,3,b_075,train
r_00251,3,b_013,train
r_00251,3,b_058,train
r_00251,3,b_030,train
r_00251,3,b_071,train
r_00251,3,b_041,train
r_00251,3,b_048,train
r_00251,3,b_034,train
r_00251,3,b_079,train
r_00251,3,b_025,train
r_00251,3,b_024,train
r_00251,3,b_028,train
r_00251,3,b_078,train
r_00252,3,b_074,test
r_00252,3,b_004,test
r_00252,3,b_058,test
r_00252,3,b_039,test
r_00252,3,b_008,test
r_00252,3,b_014,test
r_00252,3,b_045,test
r_00252,3,b_073,test
r_00252,3,b_020,test
r_00252,3,b_025,test
r_00252,3,b_013,test
r_00252,3,b_029,test
r_00252,3,b_055,test
r_00252,3,b_050,test
r_00252,3,b_056,test
r_00252,3,b_023,test
r_00252,3,b_021,test
r_00252,3,b_038,test
r_00252,3,b_035,test
r_00252,3,b_068,test
r_00253,3,b_008,test
r_00253,3,b_074,test
r_00253,3,b_036,test
r_00253,3,b_061,test
r_00253,3,b_038,test
r_00253,3,b_078,test
r_00253,3,b_001,test
r_00253,3,b_018,test
r_00253,3,b_066,test
r_00253,3,b_047,test
r_00253,3,b_022,test
r_00253,3,b_067,test
r_00253,3,b_069,test
r_00253,3,b_024,test
r_00253,3,b_060,test
r_00253,3,b_021,test
r_00253,3,b_050,test
r_00253,3,b_046,test
r_00253,3,b_041,test
r_00253,3,b_005,test
r_00254,3,b_032,valid
r_00254,3,b_068,valid
r_00254,3,b_012,valid
r_00254,3,b_043,valid
r_00254,3,b_063,valid
r_00254,3,b_052,valid
r_00254,3,b_007,valid
r_00254,3,b_059,valid
r_00254,3,b_072,valid
r_00254,3,b_060,valid
r_00254,3,b_074,valid
r_00254,3,b_069,valid
r_00254,3,b_049,valid
r_00254,3,b_065,valid
r_00254,3,b_040,valid
r_00254,3,b_027,valid
r_00254,3,b_077,valid
r_00254,3,b_019,valid
r_00254,3,b_054,valid
r_00254,3,b_066,valid
r_00255,3,b_032,train
r_00255,3,b_027,train
r_00255,3,b_010,train
r_00255,3,b_074,train
r_00255,3,b_043,train
r_00255,3,b_002,train
r_00255,3,b_042,train
r_00255,3,b_039,train
r_00255,3,b_055,train
r_00255,3,b_038,train
r_00255,3,b_017,train
r_00255,3,b_064,train
r_00255,3,b_018,train
r_00255,3,b_040,train
r_00255,3,b_041,train
r_00255,3,b_069,train
r_00255,3,b_075,train
r_00255,3,b_053,train
r_00255,3,b_068,train
r_00255,3,b_060,train
r_00256,3,b_015,train
r_00256,3,b_045,train
r_00256,3,b_004,train
r_00256,3,b_053,train
r_00256,3,b_062,train
r_00256,3,b_027,train
r_00256,3,b_023,train
r_00256,3,b_072,train
r_00256,3,b_031,train
r_00256,3,b_064,train
r_00256,3,b_033,train
r_00256,3,b_068,train
r_00256,3,b_044,train
r_00256,3,b_028,train
r_00256,3,b_030,train
r_00256,3,b_022,train
r_00256,3,b_059,train
r_00256,3,b_017,train
r_00256,3,b_029,train
r_00256,3,b_040,train
r_00257,3,b_073,train
r_00257,3,b_010,train
r_00257,3,b_038,train
r_00257,3,b_075,train
r_00257,3,b_052,train
r_00257,3,b_067,train
r_00257,3,b_043,train
r_00257,3,b_023,train
r_00257,3,b_076,train
r_00257,3,b_002,train
r_00257,3,b_008,train
r_00257,3,b_014,train
r_00257,3,b_048,train
r_00257,3,b_033,train
r_00257,3,b_062,train
r_00257,3,b_035,train
r_00257,3,b_040,train
r_00257,3,b_037,train
r_00257,3,b_042,train
r_00257,3,b_045,train
r_00258,3,b_004,train
r_00258,3,b_057,train
r_00258,3,b_035,train
r_00258,3,b_014,train
r_00258,3,b_064,train
r_00258,3,b_001,train
r_00258,3,b_022,train
r_00258,3,b_074,train
r_00258,3,b_006,train
r_00258,3,b_003,train
r_00258,3,b_017,train
r_00258,3,b_061,train
r_00258,3,b_056,train
r_00258,3,b_075,train
r_00258,3,b_021,train
r_00258,3,b_046,train
r_00258,3,b_012,train
r_00258,3,b_062,train
r_00258,3,b_052,train
r_00258,3,b_073,train
r_00259,3,b_051,train
r_00259,3,b_010,train
r_00259,3,b_001,train
r_00259,3,b_039,train
r_00259,3,b_032,train
r_00259,3,b_011,train
r_00259,3,b_008,train
r_00259,3,b_028,train
r_00259,3,b_024,train
r_00259,3,b_049,train
r_00259,3,b_029,train
r_00259,3,b_014,train
r_00259,3,b_070,train
r_00259,3,b_041,train
r_00259,3,b_045,train
r_00259,3,b_063,train
r_00259,3,b_058,train
r_00259,3,b_033,train
r_00259,3,b_007,train
r_00259,3,b_031,train
r_00260,3,b_045,test
r_00260,3,b_012,test
r_00260,3,b_025,test
r_00260,3,b_067,test
r_00260,3,b_022,test
r_00260,3,b_028,test
r_00260,3,b_007,test
r_00260,3,b_004,test
r_00260,3,b_013,test
r_00260,3,b_023,test
r_00260,3,b_065,test
r_00260,3,b_055,test
r_00260,3,b_017,test
r_00260,3,b_044,test
r_00260,3,b_060,test
r_00260,3,b_077,test
r_00260,3,b_069,test
r_00260,3,b_002,test
r_00260,3,b_070,test
r_00260,3,b_011,test
r_00261,3,b_071,test
r_00261,3,b_068,test
r_00261,3,b_032,test
r_00261,3,b_052,test
r_00261,3,b_003,test
r_00261,3,b_021,test
r_00261,3,b_079,test
r_00261,3,b_015,test
r_00261,3,b_030,test
r_00261,3,b_016,test
r_00261,3,b_005,test
r_00261,3,b_017,test
r_00261,3,b_009,test
r_00261,3,b_060,test
r_00261,3,b_018,test
r_00261,3,b_040,test
r_00261,3,b_076,test
r_00261,3,b_035,test
r_00261,3,b_073,test
r_00261,3,b_050,test
r_00262,3,b_077,train
r_00262,3,b_011,train
r_00262,3,b_001,train
r_00262,3,b_044,train
r_00262,3,b_054,train
r_00262,3,b_079,train
r_00262,3,b_057,train
r_00262,3,b_055,train
r_00262,3,b_003,train
r_00262,3,b_028,train
r_00262,3,b_015,train
r_00262,3,b_069,train
r_00262,3,b_014,train
r_00262,3,b_016,train
r_00262,3,b_005,train
r_00262,3,b_013,train
r_00262,3,b_073,train
r_00262,3,b_002,train
r_00262,3,b_048,train
r_00262,3,b_058,train
r_00263,3,b_003,test
r_00263,3,b_036,test
r_00263,3,b_035,test
r_00263,3,b_034,test
r_00263,3,b_042,test
r_00263,3,b_017,test
r_00263,3,b_028,test
r_00263,3,b_039,test
r_00263,3,b_007,test
r_00263,3,b_080,test
r_00263,3,b_020,test
r_00263,3,b_004,test
r_00263,3,b_050,test
r_00263,3,b_047,test
r_00263,3,b_075,test
r_00263,3,b_048,test
r_00263,3,b_065,test
r_00263,3,b_049,test
r_00263,3,b_045,test
r_00263,3,b_072,test
r_00264,3,b_064,valid
r_00264,3,b_063,valid
r_00264,3,b_015,valid
r_00264,3,b_075,valid
r_00264,3,b_071,valid
r_00264,3,b_035,valid
r_00264,3,b_013,valid
r_00264,3,b_046,valid
r_00264,3,b_017,valid
r_00264,3,b_030,valid
r_00264,3,b_055,valid
r_00264,3,b_028,valid
r_00264,3,b_061,valid
r_00264,3,b_070,valid
r_00264,3,b_073,valid
r_00264,3,b_052,valid
r_00264,3,b_008,valid
r_00264,3,b_022,valid
r_00264,3,b_045,valid
r_00264,3,b_033,valid
r_00265,3,b_025,train
r_00265,3,b_059,train
r_00265,3,b_054,train
r_00265,3,b_009,train
r_00265,3,b_032,train
r_00265,3,b_062,train
r_00265,3,b_029,train
r_00265,3,b_023,train
r_00265,3,b_037,train
r_00265,3,b_076,train
r_00265,3,b_074,train
r_00265,3,b_028,train
r_00265,3,b_035,train
r_00265,3,b_061,train
r_00265,3,b_006,train
r_00265,3,b_041,train
r_00265,3,b_018,train
r_00265,3,b_067,train
r_00265,3,b_034,train
r_00265,3,b_078,train
r_00266,3,b_041,valid
r_00266,3,b_067,valid
r_00266,3,b_047,valid
r_00266,3,b_016,valid
r_00266,3,b_028,valid
r_00266,3,b_030,valid
r_00266,3,b_053,valid
r_00266,3,b_052,valid
r_00266,3,b_066,valid
r_00266,3,b_005,valid
r_00266,3,b_014,valid
r_00266,3,b_015,valid
r_00266,3,b_033,valid
r_00266,3,b_039,valid
r_00266,3,b_070,valid
r_00266,3,b_025,valid
r_00266,3,b_001,valid
r_00266,3,b_002,valid
r_00266,3,b_080,valid
r_00266,3,b_034,valid
r_00267,3,b_021,test
r_00267,3,b_048,test
r_00267,3,b_059,test
r_00267,3,b_014,test
r_00267,3,b_001,test
r_00267,3,b_045,test
r_00267,3,b_018,test
r_00267,3,b_012,test
r_00267,3,b_054,test
r_00267,3,b_043,test
r_00267,3,b_034,test
r_00267,3,b_052,test
r_00267,3,b_009,test
r_00267,3,b_064,test
r_00267,3,b_078,test
r_00267,3,b_017,test
r_00267,3,b_051,test
r_00267,3,b_073,test
r_00267,3,b_006,test
r_00267,3,b_032,test
r_00268,3,b_027,test
r_00268,3,b_016,test
r_00268,3,b_001,test
r_00268,3,b_005,test
r_00268,3,b_010,test
r_00268,3,b_045,test
r_00268,3,b_036,test
r_00268,3,b_069,test
r_00268,3,b_008,test
r_00268,3,b_025,test
r_00268,3,b_055,test
r_00268,3,b_059,test
r_00268,3,b_006,test
r_00268,3,b_017,test
r_00268,3,b_077,test
r_00268,3,b_024,test
r_00268,3,b_060,test
r_00268,3,b_012,test
r_00268,3,b_064,test
r_00268,3,b_035,test
r_00269,3,b_043,valid
r_00269,3,b_035,valid
r_00269,3,b_054,valid
r_00269,3,b_016,valid
r_00269,3,b_056,valid
r_00269,3,b_029,valid
r_00269,3,b_065,valid
r_00269,3,b_019,valid
r_00269,3,b_005,valid
r_00269,3,b_012,valid
r_00269,3,b_077,valid
r_00269,3,b_006,valid
r_00269,3,b_011,valid
r_00269,3,b_042,valid
r_00269,3,b_047,valid
r_00269,3,b_001,valid
r_00269,3,b_050,valid
r_00269,3,b_048,valid
r_00269,3,b_014,valid
r_00269,3,b_062,valid
r_00270,3,b_066,train
r_00270,3,b_073,train
r_00270,3,b_065,train
r_00270,3,b_015,train
r_00270,3,b_074,train
r_00270,3,b_050,train
r_00270,3,b_022,train
r_00270,3,b_071,train
r_00270,3,b_049,train
r_00270,3,b_008,train
r_00270,3,b_012,train
r_00270,3,b_026,train
r_00270,3,b_011,train
r_00270,3,b_007,train
r_00270,3,b_042,train
r_00270,3,b_014,train
r_00270,3,b_025,train
r_00270,3,b_024,train
r_00270,3,b_030,train
r_00270,3,b_056,train
r_00271,3,b_030,test
r_00271,3,b_035,test
r_00271,3,b_070,test
r_00271,3,b_049,test
r_00271,3,b_009,test
r_00271,3,b_004,test
r_00271,3,b_063,test
r_00271,3,b_050,test
r_00271,3,b_066,test
r_00271,3,b_057,test
r_00271,3,b_013,test
r_00271,3,b_028,test
r_00271,3,b_033,test
r_00271,3,b_031,test
r_00271,3,b_077,test
r_00271,3,b_042,test
r_00271,3,b_056,test
r_00271,3,b_038,test
r_00271,3,b_052,test
r_00271,3,b_079,test
r_00272,3,b_080,train
r_00272,3,b_030,train
r_00272,3,b_048,train
r_00272,3,b_010,train
r_00272,3,b_053,train
r_00272,3,b_024,train
r_00272,3,b_069,train
r_00272,3,b_003,train
r_00272,3,b_046,train
r_00272,3,b_047,train
r_00272,3,b_058,train
r_00272,3,b_051,train
r_00272,3,b_009,train
r_00272,3,b_070,train
r_00272,3,b_041,train
r_00272,3,b_008,train
r_00272,3,b_013,train
r_00272,3,b_040,train
r_00272,3,b_043,train
r_00272,3,b_057,train
r_00273,3,b_039,train
r_00273,3,b_058,train
r_00273,3,b_034,train
r_00273,3,b_001,train
r_00273,3,b_025,train
r_00273,3,b_012,train
r_00273,3,b_047,train
r_00273,3,b_037,train
r_00273,3,b_002,train
r_00273,3,b_052,train
r_00273,3,b_013,train
r_00273,3,b_007,train
r_00273,3,b_049,train
r_00273,3,b_068,train
r_00273,3,b_063,train
r_00273,3,b_041,train
r_00273,3,b_032,train
r_00273,3,b_072,train
r_00273,3,b_016,train
r_00273,3,b_040,train
r_00274,3,b_036,train
r_00274,3,b_026,train
r_00274,3,b_032,train
r_00274,3,b_003,train
r_00274,3,b_046,train
r_00274,3,b_021,train
r_00274,3,b_064,train
r_00274,3,b_035,train
r_00274,3,b_074,train
r_00274,3,b_019,train
r_00274,3,b_028,train
r_00274,3,b_030,train
r_00274,3,b_053,train
r_00274,3,b_041,train
r_00274,3,b_029,train
r_00274,3,b_022,train
r_00274,3,b_038,train
r_00274,3,b_034,train
r_00274,3,b_042,train
r_00274,3,b_009,train
r_00275,3,b_065,train
r_00275,3,b_031,train
r_00275,3,b_024,train
r_00275,3,b_041,train
r_00275,3,b_050,train
r_00275,3,b_044,train
r_00275,3,b_080,train
r_00275,3,b_053,train
r_00275,3,b_051,train
r_00275,3,b_013,train
r_00275,3,b_045,train
r_00275,3,b_048,train
r_00275,3,b_063,train
r_00275,3,b_020,train
r_00275,3,b_055,train
r_00275,3,b_068,train
r_00275,3,b_047,train
r_00275,3,b_016,train
r_00275,3,b_040,train
r_00275,3,b_042,train
r_00276,3,b_023,test
r_00276,3,b_002,test
r_00276,3,b_007,test
r_00276,3,b_025,test
r_00276,3,b_028,test
r_00276,3,b_024,test
r_00276,3,b_063,test
r_00276,3,b_048,test
r_00276,3,b_075,test
r_00276,3,b_057,test
r_00276,3,b_044,test
r_00276,3,b_053,test
r_00276,3,b_051,test
r_00276,3,b_045,test
r_00276,3,b_010,test
r_00276,3,b_064,test
r_00276,3,b_009,test
r_00276,3,b_003,test
r_00276,3,b_049,test
r_00276,3,b_034,test
r_00277,3,b_008,train
r_00277,3,b_033,train
r_00277,3,b_053,train
r_00277,3,b_024,train
r_00277,3,b_071,train
r_00277,3,b_032,train
r_00277,3,b_031,train
r_00277,3,b_037,train
r_00277,3,b_009,train
r_00277,3,b_080,train
r_00277,3,b_027,train
r_00277,3,b_063,train
r_00277,3,b_068,train
r_00277,3,b_019,train
r_00277,3,b_047,train
r_00277,3,b_050,train
r_00277,3,b_042,train
r_00277,3,b_018,train
r_00277,3,b_014,train
r_00277,3,b_002,train
r_00278,3,b_011,test
r_00278,3,b_010,test
r_00278,3,b_008,test
r_00278,3,b_018,test
r_00278,3,b_077,test
r_00278,3,b_009,test
r_00278,3,b_049,test
r_00278,3,b_075,test
r_00278,3,b_038,test
r_00278,3,b_073,test
r_00278,3,b_032,test
r_00278,3,b_012,test
r_00278,3,b_033,test
r_00278,3,b_063,test
r_00278,3,b_052,test
r_00278,3,b_067,test
r_00278,3,b_071,test
r_00278,3,b_022,test
r_00278,3,b_041,test
r_00278,3,b_060,test
r_00279,3,b_073,valid
r_00279,3,b_005,valid
r_00279,3,b_017,valid
r_00279,3,b_023,valid
r_00279,3,b_009,valid
r_00279,3,b_063,valid
r_00279,3,b_019,valid
r_00279,3,b_071,valid
r_00279,3,b_069,valid
r_00279,3,b_062,valid
r_00279,3,b_058,valid
r_00279,3,b_050,valid
r_00279,3,b_057,valid
r_00279,3,b_039,valid
r_00279,3,b_055,valid
r_00279,3,b_025,valid
r_00279,3,b_074,valid
r_00279,3,b_059,valid
r_00279,3,b_008,valid
r_00279,3,b_043,valid
r_00280,3,b_080,train
r_00280,3,b_010,train
r_00280,3,b_077,train
r_00280,3,b_058,train
r_00280,3,b_029,train
r_00280,3,b_052,train
r_00280,3,b_062,train
r_00280,3,b_072,train
r_00280,3,b_050,train
r_00280,3,b_049,train
r_00280,3,b_005,train
r_00280,3,b_079,train
r_00280,3,b_034,train
r_00280,3,b_061,train
r_00280,3,b_015,train
r_00280,3,b_003,train
r_00280,3,b_021,train
r_00280,3,b_064,train
r_00280,3,b_063,train
r_00280,3,b_044,train
r_00281,3,b_018,test
r_00281,3,b_025,test
r_00281,3,b_065,test
r_00281,3,b_070,test
r_00281,3,b_003,test
r_00281,3,b_008,test
r_00281,3,b_013,test
r_00281,3,b_039,test
r_00281,3,b_080,test
r_00281,3,b_062,test
r_00281,3,b_074,test
r_00281,3,b_071,test
r_00281,3,b_014,test
r_00281,3,b_027,test
r_00281,3,b_064,test
r_00281,3,b_017,test
r_00281,3,b_054,test
r_00281,3,b_034,test
r_00281,3,b_053,test
r_00281,3,b_076,test
r_00282,3,b_019,train
r_00282,3,b_054,train
r_00282,3,b_011,train
r_00282,3,b_015,train
r_00282,3,b_048,train
r_00282,3,b_040,train
r_00282,3,b_031,train
r_00282,3,b_026,train
r_00282,3,b_016,train
r_00282,3,b_013,train
r_00282,3,b_077,train
r_00282,3,b_009,train
r_00282,3,b_051,train
r_00282,3,b_061,train
r_00282,3,b_034,train
r_00282,3,b_023,train
r_00282,3,b_030,train
r_00282,3,b_041,train
r_00282,3,b_062,train
r_00282,3,b_059,train
r_00283,3,b_056,train
r_00283,3,b_021,train
r_00283,3,b_044,train
r_00283,3,b_001,train
r_00283,3,b_024,train
r_00283,3,b_073,train
r_00283,3,b_069,train
r_00283,3,b_061,train
r_00283,3,b_053,train
r_00283,3,b_033,train
r_00283,3,b_068,train
r_00283,3,b_062,train
r_00283,3,b_017,train
r_00283,3,b_030,train
r_00283,3,b_039,train
r_00283,3,b_010,train
r_00283,3,b_051,train
r_00283,3,b_079,train
r_00283,3,b_018,train
r_00283,3,b_025,train
r_00284,3,b_042,train
r_00284,3,b_053,train
r_00284,3,b_079,train
r_00284,3,b_024,train
r_00284,3,b_005,train
r_00284,3,b_022,train
r_00284,3,b_037,train
r_00284,3,b_016,train
r_00284,3,b_043,train
r_00284,3,b_001,train
r_00284,3,b_062,train
r_00284,3,b_061,train
r_00284,3,b_066,train
r_00284,3,b_014,train
r_00284,3,b_077,train
r_00284,3,b_074,train
r_00284,3,b_065,train
r_00284,3,b_029,train
r_00284,3,b_058,train
r_00284,3,b_035,train
r_00285,3,b_010,train
r_00285,3,b_029,train
r_00285,3,b_020,train
r_00285,3,b_077,train
r_00285,3,b_032,train
r_00285,3,b_075,train
r_00285,3,b_019,train
r_00285,3,b_023,train
r_00285,3,b_052,train
r_00285,3,b_060,train
r_00285,3,b_061,train
r_00285,3,b_071,train
r_00285,3,b_014,train
r_00285,3,b_069,train
r_00285,3,b_015,train
r_00285,3,b_001,train
r_00285,3,b_049,train
r_00285,3,b_036,train
r_00285,3,b_063,train
r_00285,3,b_058,train
r_00286,3,b_080,valid
r_00286,3,b_001,valid
r_00286,3,b_003,valid
r_00286,3,b_041,valid
r_00286,3,b_061,valid
r_00286,3,b_051,valid
r_00286,3,b_049,valid
r_00286,3,b_058,valid
r_00286,3,b_010,valid
r_00286,3,b_021,valid
r_00286,3,b_030,valid
r_00286,3,b_012,valid
r_00286,3,b_008,valid
r_00286,3,b_067,valid
r_00286,3,b_011,valid
r_00286,3,b_059,valid
r_00286,3,b_064,valid
r_00286,3,b_004,valid
r_00286,3,b_038,valid
r_00286,3,b_073,valid
r_00287,3,b_074,train
r_00287,3,b_010,train
r_00287,3,b_027,train
r_00287,3,b_079,train
r_00287,3,b_003,train
r_00287,3,b_033,train
r_00287,3,b_013,train
r_00287,3,b_030,train
r_00287,3,b_069,train
r_00287,3,b_045,train
r_00287,3,b_029,train
r_00287,3,b_042,train
r_00287,3,b_028,train
r_00287,3,b_020,train
r_00287,3,b_022,train
r_00287,3,b_064,train
r_00287,3,b_057,train
r_00287,3,b_015,train
r_00287,3,b_073,train
r_00287,3,b_036,train
r_00288,3,b_007,test
r_00288,3,b_054,test
r_00288,3,b_031,test
r_00288,3,b_052,test
r_00288,3,b_032,test
r_00288,3,b_036,test
r_00288,3,b_058,test
r_00288,3,b_005,test
r_00288,3,b_020,test
r_00288,3,b_033,test
r_00288,3,b_043,test
r_00288,3,b_018,test
r_00288,3,b_079,test
r_00288,3,b_067,test
r_00288,3,b_030,test
r_00288,3,b_019,test
r_00288,3,b_053,test
r_00288,3,b_021,test
r_00288,3,b_013,test
r_00288,3,b_011,test
r_00289,3,b_010,train
r_00289,3,b_072,train
r_00289,3,b_060,train
r_00289,3,b_040,train
r_00289,3,b_069,train
r_00289,3,b_001,train
r_00289,3,b_070,train
r_00289,3,b_023,train
r_00289,3,b_075,train
r_00289,3,b_055,train
r_00289,3,b_016,train
r_00289,3,b_063,train
r_00289,3,b_007,train
r_00289,3,b_058,train
r_00289,3,b_018,train
r_00289,3,b_029,train
r_00289,3,b_047,train
r_00289,3,b_061,train
r_00289,3,b_039,train
r_00289,3,b_043,train
r_00290,3,b_071,valid
r_00290,3,b_030,valid
r_00290,3,b_045,valid
r_00290,3,b_022,valid
r_00290,3,b_016,valid
r_00290,3,b_001,valid
r_00290,3,b_068,valid
r_00290,3,b_021,valid
r_00290,3,b_005,valid
r_00290,3,b_064,valid
r_00290,3,b_056,valid
r_00290,3,b_038,valid
r_00290,3,b_048,valid
r_00290,3,b_057,valid
r_00290,3,b_034,valid
r_00290,3,b_035,valid
r_00290,3,b_004,valid
r_00290,3,b_076,valid
r_00290,3,b_014,valid
r_00290,3,b_026,valid
r_00291,3,b_073,test
r_00291,3,b_006,test
r_00291,3,b_058,test
r_00291,3,b_023,test
r_00291,3,b_027,test
r_00291,3,b_051,test
r_00291,3,b_067,test
r_00291,3,b_021,test
r_00291,3,b_016,test
r_00291,3,b_019,test
r_00291,3,b_059,test
r_00291,3,b_026,test
r_00291,3,b_045,test
r_00291,3,b_013,test
r_00291,3,b_080,test
r_00291,3,b_030,test
r_00291,3,b_038,test
r_00291,3,b_070,test
r_00291,3,b_063,test
r_00291,3,b_014,test
r_00292,3,b_003,valid
r_00292,3,b_021,valid
r_00292,3,b_053,valid
r_00292,3,b_064,valid
r_00292,3,b_016,valid
r_00292,3,b_074,valid
r_00292,3,b_018,valid
r_00292,3,b_033,valid
r_00292,3,b_041,valid
r_00292,3,b_010,valid
r_00292,3,b_014,valid
r_00292,3,b_051,valid
r_00292,3,b_012,valid
r_00292,3,b_020,valid
r_00292,3,b_028,valid
r_00292,3,b_057,valid
r_00292,3,b_065,valid
r_00292,3,b_071,valid
r_00292,3,b_048,valid
r_00292,3,b_075,valid
r_00293,3,b_041,train
r_00293,3,b_015,train
r_00293,3,b_047,train
r_00293,3,b_075,train
r_00293,3,b_044,train
r_00293,3,b_050,train
r_00293,3,b_072,train
r_00293,3,b_052,train
r_00293,3,b_019,train
r_00293,3,b_011,train
r_00293,3,b_004,train
r_00293,3,b_032,train
r_00293,3,b_051,train
r_00293,3,b_054,train
r_00293,3,b_024,train
r_00293,3,b_059,train
r_00293,3,b_014,train
r_00293,3,b_030,train
r_00293,3,b_005,train
r_00293,3,b_002,train
r_00294,3,b_063,train
r_00294,3,b_046,train
r_00294,3,b_007,train
r_00294,3,b_032,train
r_00294,3,b_060,train
r_00294,3,b_078,train
r_00294,3,b_037,train
r_00294,3,b_001,train
r_00294,3,b_020,train
r_00294,3,b_004,train
r_00294,3,b_058,train
r_00294,3,b_038,train
r_00294,3,b_027,train
r_00294,3,b_043,train
r_00294,3,b_006,train
r_00294,3,b_031,train
r_00294,3,b_061,train
r_00294,3,b_034,train
r_00294,3,b_002,train
r_00294,3,b_073,train
r_00295,3,b_004,test
r_00295,3,b_045,test
r_00295,3,b_047,test
r_00295,3,b_046,test
r_00295,3,b_056,test
r_00295,3,b_029,test
r_00295,3,b_079,test
r_00295,3,b_026,test
r_00295,3,b_034,test
r_00295,3,b_057,test
r_00295,3,b_074,test
r_00295,3,b_075,test
r_00295,3,b_031,test
r_00295,3,b_063,test
r_00295,3,b_042,test
r_00295,3,b_012,test
r_00295,3,b_010,test
r_00295,3,b_006,test
r_00295,3,b_005,test
r_00295,3,b_054,test
r_00296,3,b_030,test
r_00296,3,b_013,test
r_00296,3,b_005,test
r_00296,3,b_055,test
r_00296,3,b_047,test
r_00296,3,b_057,test
r_00296,3,b_035,test
r_00296,3,b_037,test
r_00296,3,b_009,test
r_00296,3,b_018,test
r_00296,3,b_071,test
r_00296,3,b_079,test
r_00296,3,b_077,test
r_00296,3,b_048,test
r_00296,3,b_049,test
r_00296,3,b_042,test
r_00296,3,b_014,test
r_00296,3,b_034,test
r_00296,3,b_069,test
r_00296,3,b_063,test
r_00297,3,b_003,train
r_00297,3,b_073,train
r_00297,3,b_026,train
r_00297,3,b_075,train
r_00297,3,b_036,train
r_00297,3,b_056,train
r_00297,3,b_025,train
r_00297,3,b_035,train
r_00297,3,b_007,train
r_00297,3,b_027,train
r_00297,3,b_018,train
r_00297,3,b_013,train
r_00297,3,b_044,train
r_00297,3,b_061,train
r_00297,3,b_068,train
r_00297,3,b_028,train
r_00297,3,b_043,train
r_00297,3,b_065,train
r_00297,3,b_048,train
r_00297,3,b_047,train
r_00298,3,b_031,train
r_00298,3,b_058,train
r_00298,3,b_071,train
r_00298,3,b_025,train
r_00298,3,b_074,train
r_00298,3,b_020,train
r_00298,3,b_041,train
r_00298,3,b_034,train
r_00298,3,b_002,train
r_00298,3,b_056,train
r_00298,3,b_042,train
r_00298,3,b_054,train
r_00298,3,b_007,train
r_00298,3,b_023,train
r_00298,3,b_061,train
r_00298,3,b_072,train
r_00298,3,b_047,train
r_00298,3,b_065,train
r_00298,3,b_032,train
r_00298,3,b_063,train
r_00299,3,b_078,train
r_00299,3,b_050,train
r_00299,3,b_014,train
r_00299,3,b_006,train
r_00299,3,b_025,train
r_00299,3,b_011,train
r_00299,3,b_048,train
r_00299,3,b_075,train
r_00299,3,b_057,train
r_00299,3,b_055,train
r_00299,3,b_039,train
r_00299,3,b_071,train
r_00299,3,b_068,train
r_00299,3,b_018,train
r_00299,3,b_049,train
r_00299,3,b_053,train
r_00299,3,b_017,train
r_00299,3,b_013,train
r_00299,3,b_066,train
r_00299,3,b_019,train
r_00300,3,b_023,train
r_00300,3,b_077,train
r_00300,3,b_016,train
r_00300,3,b_060,train
r_00300,3,b_025,train
r_00300,3,b_021,train
r_00300,3,b_054,train
r_00300,3,b_037,train
r_00300,3,b_048,train
r_00300,3,b_063,train
r_00300,3,b_043,train
r_00300,3,b_027,train
r_00300,3,b_015,train
r_00300,3,b_044,train
r_00300,3,b_042,train
r_00300,3,b_045,train
r_00300,3,b_046,train
r_00300,3,b_061,train
r_00300,3,b_033,train
r_00300,3,b_056,train
r_00301,3,b_037,test
r_00301,3,b_066,test
r_00301,3,b_071,test
r_00301,3,b_054,test
r_00301,3,b_065,test
r_00301,3,b_004,test
r_00301,3,b_075,test
r_00301,3,b_040,test
r_00301,3,b_031,test
r_00301,3,b_078,test
r_00301,3,b_008,test
r_00301,3,b_041,test
r_00301,3,b_034,test
r_00301,3,b_032,test
r_00301,3,b_021,test
r_00301,3,b_029,test
r_00301,3,b_022,test
r_00301,3,b_013,test
r_00301,3,b_074,test
r_00301,3,b_079,test
r_00302,3,b_037,test
r_00302,3,b_015,test
r_00302,3,b_066,test
r_00302,3,b_023,test
r_00302,3,b_027,test
r_00302,3,b_019,test
r_00302,3,b_001,test
r_00302,3,b_060,test
r_00302,3,b_058,test
r_00302,3,b_036,test
r_00302,3,b_042,test
r_00302,3,b_076,test
r_00302,3,b_065,test
r_00302,3,b_033,test
r_00302,3,b_035,test
r_00302,3,b_007,test
r_00302,3,b_011,test
r_00302,3,b_040,test
r_00302,3,b_044,test
r_00302,3,b_046,test
r_00303,3,b_016,valid
r_00303,3,b_024,valid
r_00303,3,b_054,valid
r_00303,3,b_052,valid
r_00303,3,b_047,valid
r_00303,3,b_043,valid
r_00303,3,b_078,valid
r_00303,3,b_020,valid
r_00303,3,b_057,valid
r_00303,3,b_021,valid
r_00303,3,b_075,valid
r_00303,3,b_011,valid
r_00303,3,b_045,valid
r_00303,3,b_005,valid
r_00303,3,b_044,valid
r_00303,3,b_072,valid
r_00303,3,b_074,valid
r_00303,3,b_048,valid
r_00303,3,b_050,valid
r_00303,3,b_069,valid
r_00304,3,b_017,train
r_00304,3,b_007,train
r_00304,3,b_037,train
r_00304,3,b_069,train
r_00304,3,b_023,train
r_00304,3,b_015,train
r_00304,3,b_072,train
r_00304,3,b_009,train
r_00304,3,b_020,train
r_00304,3,b_024,train
r_00304,3,b_004,train
r_00304,3,b_044,train
r_00304,3,b_006,train
r_00304,3,b_018,train
r_00304,3,b_071,train
r_00304,3,b_064,train
r_00304,3,b_046,train
r_00304,3,b_041,train
r_00304,3,b_002,train
r_00304,3,b_076,train
r_00305,3,b_065,train
r_00305,3,b_003,train
r_00305,3,b_061,train
r_00305,3,b_077,train
r_00305,3,b_047,train
r_00305,3,b_046,train
r_00305,3,b_042,train
r_00305,3,b_037,train
r_00305,3,b_001,train
r_00305,3,b_027,train
r_00305,3,b_022,train
r_00305,3,b_069,train
r_00305,3,b_072,train
r_00305,3,b_048,train
r_00305,3,b_045,train
r_00305,3,b_043,train
r_00305,3,b_021,train
r_00305,3,b_024,train
r_00305,3,b_068,train
r_00305,3,b_060,train
r_00306,3,b_027,train
r_00306,3,b_021,train
r_00306,3,b_040,train
r_00306,3,b_011,train
r_00306,3,b_023,train
r_00306,3,b_054,train
r_00306,3,b_009,train
r_00306,3,b_048,train
r_00306,3,b_080,train
r_00306,3,b_002,train
r_00306,3,b_041,train
r_00306,3,b_001,train
r_00306,3,b_075,train
r_00306,3,b_051,train
r_00306,3,b_013,train
r_00306,3,b_037,train
r_00306,3,b_052,train
r_00306,3,b_034,train
r_00306,3,b_008,train
r_00306,3,b_029,train
r_00307,3,b_044,test
r_00307,3,b_032,test
r_00307,3,b_019,test
r_00307,3,b_061,test
r_00307,3,b_010,test
r_00307,3,b_017,test
r_00307,3,b_053,test
r_00307,3,b_070,test
r_00307,3,b_076,test
r_00307,3,b_054,test
r_00307,3,b_058,test
r_00307,3,b_036,test
r_00307,3,b_037,test
r_00307,3,b_035,test
r_00307,3,b_013,test
r_00307,3,b_069,test
r_00307,3,b_022,test
r_00307,3,b_068,test
r_00307,3,b_024,test
r_00307,3,b_072,test
r_00308,3,b_005,train
r_00308,3,b_078,train
r_00308,3,b_065,train
r_00308,3,b_073,train
r_00308,3,b_032,train
r_00308,3,b_003,train
r_00308,3,b_039,train
r_00308,3,b_025,train
r_00308,3,b_072,train
r_00308,3,b_070,train
r_00308,3,b_063,train
r_00308,3,b_061,train
r_00308,3,b_035,train
r_00308,3,b_046,train
r_00308,3,b_075,train
r_00308,3,b_058,train
r_00308,3,b_067,train
r_00308,3,b_034,train
r_00308,3,b_043,train
r_00308,3,b_071,train
r_00309,3,b_032,train
r_00309,3,b_051,train
r_00309,3,b_013,train
r_00309,3,b_006,train
r_00309,3,b_042,train
r_00309,3,b_037,train
r_00309,3,b_046,train
r_00309,3,b_019,train
r_00309,3,b_053,train
r_00309,3,b_009,train
r_00309,3,b_055,train
r_00309,3,b_078,train
r_00309,3,b_052,train
r_00309,3,b_080,train
r_00309,3,b_029,train
r_00309,3,b_073,train
r_00309,3,b_024,train
r_00309,3,b_034,train
r_00309,3,b_057,train
r_00309,3,b_049,train
r_00310,3,b_077,train
r_00310,3,b_068,train
r_00310,3,b_058,train
r_00310,3,b_062,train
r_00310,3,b_029,train
r_00310,3,b_027,train
r_00310,3,b_048,train
r_00310,3,b_042,train
r_00310,3,b_015,train
r_00310,3,b_072,train
r_00310,3,b_005,train
r_00310,3,b_075,train
r_00310,3,b_049,train
r_00310,3,b_028,train
r_00310,3,b_065,train
r_00310,3,b_026,train
r_00310,3,b_050,train
r_00310,3,b_001,train
r_00310,3,b_035,train
r_00310,3,b_020,train
r_00311,3,b_009,train
r_00311,3,b_022,train
r_00311,3,b_038,train
r_00311,3,b_034,train
r_00311,3,b_080,train
r_00311,3,b_006,train
r_00311,3,b_059,train
r_00311,3,b_041,train
r_00311,3,b_027,train
r_00311,3,b_021,train
r_00311,3,b_078,train
r_00311,3,b_019,train
r_00311,3,b_010,train
r_00311,3,b_049,train
r_00311,3,b_028,train
r_00311,3,b_003,train
r_00311,3,b_024,train
r_00311,3,b_050,train
r_00311,3,b_052,train
r_00311,3,b_079,train
r_00312,3,b_013,train
r_00312,3,b_040,train
r_00312,3,b_047,train
r_00312,3,b_025,train
r_00312,3,b_039,train
r_00312,3,b_051,train
r_00312,3,b_057,train
r_00312,3,b_063,train
r_00312,3,b_061,train
r_00312,3,b_067,train
r_00312,3,b_058,train
r_00312,3,b_032,train
r_00312,3,b_022,train
r_00312,3,b_064,train
r_00312,3,b_077,train
r_00312,3,b_068,train
r_00312,3,b_002,train
r_00312,3,b_038,train
r_00312,3,b_020,train
r_00312,3,b_027,train
r_00313,3,b_060,valid
r_00313,3,b_038,valid
r_00313,3,b_065,valid
r_00313,3,b_040,valid
r_00313,3,b_039,valid
r_00313,3,b_062,valid
r_00313,3,b_063,valid
r_00313,3,b_059,valid
r_00313,3,b_077,valid
r_00313,3,b_013,valid
r_00313,3,b_079,valid
r_00313,3,b_019,valid
r_00313,3,b_072,valid
r_00313,3,b_020,valid
r_00313,3,b_076,valid
r_00313,3,b_041,valid
r_00313,3,b_080,valid
r_00313,3,b_017,valid
r_00313,3,b_055,valid
r_00313,3,b_044,valid
r_00314,3,b_025,test
r_00314,3,b_071,test
r_00314,3,b_001,test
r_00314,3,b_034,test
r_00314,3,b_030,test
r_00314,3,b_015,test
r_00314,3,b_028,test
r_00314,3,b_021,test
r_00314,3,b_053,test
r_00314,3,b_074,test
r_00314,3,b_059,test
r_00314,3,b_048,test
r_00314,3,b_076,test
r_00314,3,b_050,test
r_00314,3,b_009,test
r_00314,3,b_033,test
r_00314,3,b_075,test
r_00314,3,b_045,test
r_00314,3,b_073,test
r_00314,3,b_058,test
r_00315,3,b_038,test
r_00315,3,b_023,test
r_00315,3,b_050,test
r_00315,3,b_064,test
r_00315,3,b_069,test
r_00315,3,b_026,test
r_00315,3,b_040,test
r_00315,3,b_062,test
r_00315,3,b_033,test
r_00315,3,b_008,test
r_00315,3,b_059,test
r_00315,3,b_002,test
r_00315,3,b_054,test
r_00315,3,b_036,test
r_00315,3,b_046,test
r_00315,3,b_044,test
r_00315,3,b_029,test
r_00315,3,b_074,test
r_00315,3,b_003,test
r_00315,3,b_077,test
r_00316,3,b_066,train
r_00316,3,b_075,train
r_00316,3,b_028,train
r_00316,3,b_017,train
r_00316,3,b_003,train
r_00316,3,b_016,train
r_00316,3,b_033,train
r_00316,3,b_046,train
r_00316,3,b_030,train
r_00316,3,b_078,train
r_00316,3,b_074,train
r_00316,3,b_010,train
r_00316,3,b_018,train
r_00316,3,b_027,train
r_00316,3,b_065,train
r_00316,3,b_029,train
r_00316,3,b_072,train
r_00316,3,b_031,train
r_00316,3,b_051,train
r_00316,3,b_053,train
r_00317,3,b_031,train
r_00317,3,b_024,train
r_00317,3,b_021,train
r_00317,3,b_030,train
r_00317,3,b_029,train
r_00317,3,b_042,train
r_00317,3,b_080,train
r_00317,3,b_063,train
r_00317,3,b_033,train
r_00317,3,b_058,train
r_00317,3,b_034,train
r_00317,3,b_028,train
r_00317,3,b_049,train
r_00317,3,b_074,train
r_00317,3,b_078,train
r_00317,3,b_066,train
r_00317,3,b_018,train
r_00317,3,b_069,train
r_00317,3,b_023,train
r_00317,3,b_053,train
r_00318,3,b_038,train
r_00318,3,b_047,train
r_00318,3,b_023,train
r_00318,3,b_063,train
r_00318,3,b_015,train
r_00318,3,b_066,train
r_00318,3,b_069,train
r_00318,3,b_019,train
r_00318,3,b_050,train
r_00318,3,b_044,train
r_00318,3,b_031,train
r_00318,3,b_043,train
r_00318,3,b_071,train
r_00318,3,b_080,train
r_00318,3,b_045,train
r_00318,3,b_021,train
r_00318,3,b_020,train
r_00318,3,b_078,train
r_00318,3,b_046,train
r_00318,3,b_076,train
r_00319,3,b_025,train
r_00319,3,b_036,train
r_00319,3,b_055,train
r_00319,3,b_080,train
r_00319,3,b_041,train
r_00319,3,b_042,train
r_00319,3,b_019,train
r_00319,3,b_024,train
r_00319,3,b_066,train
r_00319,3,b_028,train
r_00319,3,b_054,train
r_00319,3,b_013,train
r_00319,3,b_007,train
r_00319,3,b_078,train
r_00319,3,b_050,train
r_00319,3,b_069,train
r_00319,3,b_037,train
r_00319,3,b_048,train
r_00319,3,b_064,train
r_00319,3,b_003,train
r_00320,3,b_047,train
r_00320,3,b_005,train
r_00320,3,b_068,train
r_00320,3,b_013,train
r_00320,3,b_053,train
r_00320,3,b_007,train
r_00320,3,b_072,train
r_00320,3,b_054,train
r_00320,3,b_040,train
r_00320,3,b_018,train
r_00320,3,b_059,train
r_00320,3,b_079,train
r_00320,3,b_038,train
r_00320,3,b_021,train
r_00320,3,b_023,train
r_00320,3,b_039,train
r_00320,3,b_001,train
r_00320,3,b_056,train
r_00320,3,b_037,train
r_00320,3,b_016,train
r_00321,3,b_034,train
r_00321,3,b_027,train
r_00321,3,b_004,train
r_00321,3,b_015,train
r_00321,3,b_003,train
r_00321,3,b_021,train
r_00321,3,b_071,train
r_00321,3,b_001,train
r_00321,3,b_016,train
r_00321,3,b_012,train
r_00321,3,b_024,train
r_00321,3,b_007,train
r_00321,3,b_005,train
r_00321,3,b_026,train
r_00321,3,b_014,train
r_00321,3,b_028,train
r_00321,3,b_022,train
r_00321,3,b_008,train
r_00321,3,b_040,train
r_00321,3,b_062,train
r_00322,3,b_078,test
r_00322,3,b_033,test
r_00322,3,b_063,test
r_00322,3,b_050,test
r_00322,3,b_057,test
r_00322,3,b_007,test
r_00322,3,b_003,test
r_00322,3,b_013,test
r_00322,3,b_054,test
r_00322,3,b_035,test
r_00322,3,b_062,test
r_00322,3,b_079,test
r_00322,3,b_021,test
r_00322,3,b_042,test
r_00322,3,b_004,test
r_00322,3,b_047,test
r_00322,3,b_005,test
r_00322,3,b_053,test
r_00322,3,b_029,test
r_00322,3,b_019,test
r_00323,3,b_004,valid
r_00323,3,b_074,valid
r_00323,3,b_028,valid
r_00323,3,b_027,valid
r_00323,3,b_017,valid
r_00323,3,b_029,valid
r_00323,3,b_076,valid
r_00323,3,b_032,valid
r_00323,3,b_014,valid
r_00323,3,b_012,valid
r_00323,3,b_068,valid
r_00323,3,b_038,valid
r_00323,3,b_021,valid
r_00323,3,b_033,valid
r_00323,3,b_007,valid
r_00323,3,b_037,valid
r_00323,3,b_048,valid
r_00323,3,b_018,valid
r_00323,3,b_030,valid
r_00323,3,b_002,valid
r_00324,3,b_023,train
r_00324,3,b_004,train
r_00324,3,b_076,train
r_00324,3,b_058,train
r_00324,3,b_067,train
r_00324,3,b_070,train
r_00324,3,b_041,train
r_00324,3,b_079,train
r_00324,3,b_039,train
r_00324,3,b_052,train
r_00324,3,b_048,train
r_00324,3,b_022,train
r_00324,3,b_005,train
r_00324,3,b_074,train
r_00324,3,b_072,train
r_00324,3,b_002,train
r_00324,3,b_007,train
r_00324,3,b_014,train
r_00324,3,b_049,train
r_00324,3,b_068,train
r_00325,3,b_077,train
r_00325,3,b_068,train
r_00325,3,b_034,train
r_00325,3,b_002,train
r_00325,3,b_070,train
r_00325,3,b_011,train
r_00325,3,b_019,train
r_00325,3,b_066,train
r_00325,3,b_014,train
r_00325,3,b_063,train
r_00325,3,b_042,train
r_00325,3,b_043,train
r_00325,3,b_023,train
r_00325,3,b_004,train
r_00325,3,b_061,train
r_00325,3,b_005,train
r_00325,3,b_009,train
r_00325,3,b_013,train
r_00325,3,b_045,train
r_00325,3,b_076,train
r_00326,3,b_006,test
r_00326,3,b_063,test
r_00326,3,b_047,test
r_00326,3,b_053,test
r_00326,3,b_065,test
r_00326,3,b_037,test
r_00326,3,b_030,test
r_00326,3,b_003,test
r_00326,3,b_040,test
r_00326,3,b_012,test
r_00326,3,b_005,test
r_00326,3,b_078,test
r_00326,3,b_011,test
r_00326,3,b_059,test
r_00326,3,b_035,test
r_00326,3,b_073,test
r_00326,3,b_064,test
r_00326,3,b_010,test
r_00326,3,b_009,test
r_00326,3,b_051,test
r_00327,3,b_051,train
r_00327,3,b_009,train
r_00327,3,b_027,train
r_00327,3,b_073,train
r_00327,3,b_055,train
r_00327,3,b_007,train
r_00327,3,b_048,train
r_00327,3,b_030,train
r_00327,3,b_065,train
r_00327,3,b_032,train
r_00327,3,b_013,train
r_00327,3,b_017,train
r_00327,3,b_063,train
r_00327,3,b_028,train
r_00327,3,b_047,train
r_00327,3,b_058,train
r_00327,3,b_020,train
r_00327,3,b_080,train
r_00327,3,b_014,train
r_00327,3,b_050,train
r_00328,3,b_044,test
r_00328,3,b_015,test
r_00328,3,b_026,test
r_00328,3,b_009,test
r_00328,3,b_050,test
r_00328,3,b_078,test
r_00328,3,b_036,test
r_00328,3,b_061,test
r_00328,3,b_054,test
r_00328,3,b_051,test
r_00328,3,b_076,test
r_00328,3,b_043,test
r_00328,3,b_005,test
r_00328,3,b_007,test
r_00328,3,b_057,test
r_00328,3,b_001,test
r_00328,3,b_019,test
r_00328,3,b_052,test
r_00328,3,b_059,test
r_00328,3,b_033,test
r_00329,3,b_078,train
r_00329,3,b_038,train
r_00329,3,b_071,train
r_00329,3,b_064,train
r_00329,3,b_014,train
r_00329,3,b_031,train
r_00329,3,b_063,train
r_00329,3,b_077,train
r_00329,3,b_059,train
r_00329,3,b_004,train
r_00329,3,b_066,train
r_00329,3,b_027,train
r_00329,3,b_062,train
r_00329,3,b_005,train
r_00329,3,b_025,train
r_00329,3,b_011,train
r_00329,3,b_006,train
r_00329,3,b_030,train
r_00329,3,b_024,train
r_00329,3,b_075,train
r_00330,3,b_028,test
r_00330,3,b_011,test
r_00330,3,b_033,test
r_00330,3,b_008,test
r_00330,3,b_006,test
r_00330,3,b_027,test
r_00330,3,b_012,test
r_00330,3,b_022,test
r_00330,3,b_078,test
r_00330,3,b_060,test
r_00330,3,b_015,test
r_00330,3,b_076,test
r_00330,3,b_044,test
r_00330,3,b_024,test
r_00330,3,b_080,test
r_00330,3,b_040,test
r_00330,3,b_007,test
r_00330,3,b_034,test
r_00330,3,b_072,test
r_00330,3,b_037,test
r_00331,3,b_029,train
r_00331,3,b_004,train
r_00331,3,b_064,train
r_00331,3,b_056,train
r_00331,3,b_013,train
r_00331,3,b_021,train
r_00331,3,b_061,train
r_00331,3,b_063,train
r_00331,3,b_036,train
r_00331,3,b_035,train
r_00331,3,b_031,train
r_00331,3,b_033,train
r_00331,3,b_070,train
r_00331,3,b_025,train
r_00331,3,b_076,train
r_00331,3,b_054,train
r_00331,3,b_048,train
r_00331,3,b_002,train
r_00331,3,b_008,train
r_00331,3,b_015,train
r_00332,3,b_042,train
r_00332,3,b_075,train
r_00332,3,b_011,train
r_00332,3,b_061,train
r_00332,3,b_071,train
r_00332,3,b_049,train
r_00332,3,b_018,train
r_00332,3,b_019,train
r_00332,3,b_057,train
r_00332,3,b_068,train
r_00332,3,b_016,train
r_00332,3,b_062,train
r_00332,3,b_032,train
r_00332,3,b_026,train
r_00332,3,b_072,train
r_00332,3,b_080,train
r_00332,3,b_012,train
r_00332,3,b_027,train
r_00332,3,b_038,train
r_00332,3,b_022,train
r_00333,3,b_061,train
r_00333,3,b_075,train
r_00333,3,b_072,train
r_00333,3,b_052,train
r_00333,3,b_013,train
r_00333,3,b_053,train
r_00333,3,b_078,train
r_00333,3,b_011,train
r_00333,3,b_012,train
r_00333,3,b_049,train
r_00333,3,b_067,train
r_00333,3,b_001,train
r_00333,3,b_025,train
r_00333,3,b_006,train
r_00333,3,b_046,train
r_00333,3,b_069,train
r_00333,3,b_070,train
r_00333,3,b_032,train
r_00333,3,b_036,train
r_00333,3,b_060,train
r_00334,3,b_052,train
r_00334,3,b_045,train
r_00334,3,b_063,train
r_00334,3,b_038,train
r_00334,3,b_059,train
r_00334,3,b_047,train
r_00334,3,b_071,train
r_00334,3,b_041,train
r_00334,3,b_077,train
r_00334,3,b_055,train
r_00334,3,b_022,train
r_00334,3,b_051,train
r_00334,3,b_001,train
r_00334,3,b_068,train
r_00334,3,b_043,train
r_00334,3,b_005,train
r_00334,3,b_080,train
r_00334,3,b_024,train
r_00334,3,b_028,train
r_00334,3,b_057,train
r_00335,3,b_026,train
r_00335,3,b_064,train
r_00335,3,b_022,train
r_00335,3,b_040,train
r_00335,3,b_025,train
r_00335,3,b_027,train
r_00335,3,b_078,train
r_00335,3,b_055,train
r_00335,3,b_056,train
r_00335,3,b_009,train
r_00335,3,b_044,train
r_00335,3,b_023,train
r_00335,3,b_067,train
r_00335,3,b_017,train
r_00335,3,b_061,train
r_00335,3,b_051,train
r_00335,3,b_041,train
r_00335,3,b_060,train
r_00335,3,b_010,train
r_00335,3,b_014,train
r_00336,3,b_075,test
r_00336,3,b_034,test
r_00336,3,b_001,test
r_00336,3,b_018,test
r_00336,3,b_038,test
r_00336,3,b_012,test
r_00336,3,b_006,test
r_00336,3,b_072,test
r_00336,3,b_005,test
r_00336,3,b_022,test
r_00336,3,b_017,test
r_00336,3,b_068,test
r_00336,3,b_064,test
r_00336,3,b_028,test
r_00336,3,b_030,test
r_00336,3,b_054,test
r_00336,3,b_020,test
r_00336,3,b_039,test
r_00336,3,b_053,test
r_00336,3,b_033,test
r_00337,3,b_071,test
r_00337,3,b_022,test
r_00337,3,b_005,test
r_00337,3,b_009,test
r_00337,3,b_060,test
r_00337,3,b_066,test
r_00337,3,b_004,test
r_00337,3,b_047,test
r_00337,3,b_034,test
r_00337,3,b_038,test
r_00337,3,b_053,test
r_00337,3,b_059,test
r_00337,3,b_039,test
r_00337,3,b_033,test
r_00337,3,b_035,test
r_00337,3,b_064,test
r_00337,3,b_023,test
r_00337,3,b_020,test
r_00337,3,b_058,test
r_00337,3,b_046,test
r_00338,3,b_069,test
r_00338,3,b_034,test
r_00338,3,b_059,test
r_00338,3,b_077,test
r_00338,3,b_071,test
r_00338,3,b_013,test
r_00338,3,b_047,test
r_00338,3,b_006,test
r_00338,3,b_026,test
r_00338,3,b_016,test
r_00338,3,b_074,test
r_00338,3,b_015,test
r_00338,3,b_061,test
r_00338,3,b_003,test
r_00338,3,b_001,test
r_00338,3,b_018,test
r_00338,3,b_057,test
r_00338,3,b_050,test
r_00338,3,b_019,test
r_00338,3,b_037,test
r_00339,3,b_048,train
r_00339,3,b_076,train
r_00339,3,b_077,train
r_00339,3,b_068,train
r_00339,3,b_035,train
r_00339,3,b_052,train
r_00339,3,b_043,train
r_00339,3,b_059,train
r_00339,3,b_036,train
r_00339,3,b_022,train
r_00339,3,b_005,train
r_00339,3,b_020,train
r_00339,3,b_016,train
r_00339,3,b_072,train
r_00339,3,b_003,train
r_00339,3,b_028,train
r_00339,3,b_017,train
r_00339,3,b_069,train
r_00339,3,b_074,train
r_00339,3,b_026,train
r_00340,3,b_035,train
r_00340,3,b_038,train
r_00340,3,b_042,train
r_00340,3,b_028,train
r_00340,3,b_012,train
r_00340,3,b_058,train
r_00340,3,b_002,train
r_00340,3,b_078,train
r_00340,3,b_034,train
r_00340,3,b_072,train
r_00340,3,b_031,train
r_00340,3,b_049,train
r_00340,3,b_040,train
r_00340,3,b_075,train
r_00340,3,b_056,train
r_00340,3,b_037,train
r_00340,3,b_057,train
r_00340,3,b_001,train
r_00340,3,b_033,train
r_00340,3,b_027,train
r_00341,3,b_007,test
r_00341,3,b_057,test
r_00341,3,b_047,test
r_00341,3,b_052,test
r_00341,3,b_050,test
r_00341,3,b_061,test
r_00341,3,b_065,test
r_00341,3,b_049,test
r_00341,3,b_036,test
r_00341,3,b_077,test
r_00341,3,b_072,test
r_00341,3,b_054,test
r_00341,3,b_004,test
r_00341,3,b_048,test
r_00341,3,b_017,test
r_00341,3,b_071,test
r_00341,3,b_045,test
r_00341,3,b_063,test
r_00341,3,b_005,test
r_00341,3,b_068,test
r_00342,3,b_002,test
r_00342,3,b_035,test
r_00342,3,b_053,test
r_00342,3,b_033,test
r_00342,3,b_021,test
r_00342,3,b_061,test
r_00342,3,b_012,test
r_00342,3,b_045,test
r_00342,3,b_051,test
r_00342,3,b_020,test
r_00342,3,b_067,test
r_00342,3,b_004,test
r_00342,3,b_079,test
r_00342,3,b_039,test
r_00342,3,b_011,test
r_00342,3,b_068,test
r_00342,3,b_077,test
r_00342,3,b_057,test
r_00342,3,b_066,test
r_00342,3,b_075,test
r_00343,3,b_078,train
r_00343,3,b_009,train
r_00343,3,b_056,train
r_00343,3,b_059,train
r_00343,3,b_071,train
r_00343,3,b_010,train
r_00343,3,b_065,train
r_00343,3,b_074,train
r_00343,3,b_060,train
r_00343,3,b_034,train
r_00343,3,b_031,train
r_00343,3,b_013,train
r_00343,3,b_070,train
r_00343,3,b_027,train
r_00343,3,b_057,train
r_00343,3,b_003,train
r_00343,3,b_007,train
r_00343,3,b_023,train
r_00343,3,b_051,train
r_00343,3,b_021,train
r_00344,3,b_013,train
r_00344,3,b_004,train
r_00344,3,b_003,train
r_00344,3,b_073,train
r_00344,3,b_047,train
r_00344,3,b_023,train
r_00344,3,b_016,train
r_00344,3,b_048,train
r_00344,3,b_009,train
r_00344,3,b_055,train
r_00344,3,b_043,train
r_00344,3,b_060,train
r_00344,3,b_044,train
r_00344,3,b_080,train
r_00344,3,b_024,train
r_00344,3,b_063,train
r_00344,3,b_032,train
r_00344,3,b_077,train
r_00344,3,b_028,train
r_00344,3,b_031,train
r_00345,3,b_050,test
r_00345,3,b_061,test
r_00345,3,b_049,test
r_00345,3,b_048,test
r_00345,3,b_023,test
r_00345,3,b_038,test
r_00345,3,b_070,test
r_00345,3,b_073,test
r_00345,3,b_062,test
r_00345,3,b_026,test
r_00345,3,b_033,test
r_00345,3,b_069,test
r_00345,3,b_012,test
r_00345,3,b_022,test
r_00345,3,b_002,test
r_00345,3,b_007,test
r_00345,3,b_058,test
r_00345,3,b_067,test
r_00345,3,b_013,test
r_00345,3,b_071,test
r_00346,3,b_010,train
r_00346,3,b_064,train
r_00346,3,b_074,train
r_00346,3,b_032,train
r_00346,3,b_012,train
r_00346,3,b_020,train
r_00346,3,b_036,train
r_00346,3,b_056,train
r_00346,3,b_055,train
r_00346,3,b_065,train
r_00346,3,b_071,train
r_00346,3,b_049,train
r_00346,3,b_009,train
r_00346,3,b_043,train
r_00346,3,b_025,train
r_00346,3,b_058,train
r_00346,3,b_075,train
r_00346,3,b_027,train
r_00346,3,b_045,train
r_00346,3,b_031,train
r_00347,3,b_032,test
r_00347,3,b_012,test
r_00347,3,b_050,test
r_00347,3,b_015,test
r_00347,3,b_064,test
r_00347,3,b_070,test
r_00347,3,b_078,test
r_00347,3,b_069,test
r_00347,3,b_030,test
r_00347,3,b_048,test
r_00347,3,b_065,test
r_00347,3,b_027,test
r_00347,3,b_068,test
r_00347,3,b_075,test
r_00347,3,b_016,test
r_00347,3,b_037,test
r_00347,3,b_011,test
r_00347,3,b_019,test
r_00347,3,b_046,test
r_00347,3,b_018,test
r_00348,3,b_080,train
r_00348,3,b_044,train
r_00348,3,b_043,train
r_00348,3,b_042,train
r_00348,3,b_067,train
r_00348,3,b_023,train
r_00348,3,b_004,train
r_00348,3,b_052,train
r_00348,3,b_020,train
r_00348,3,b_009,train
r_00348,3,b_001,train
r_00348,3,b_008,train
r_00348,3,b_037,train
r_00348,3,b_063,train
r_00348,3,b_045,train
r_00348,3,b_053,train
r_00348,3,b_030,train
r_00348,3,b_050,train
r_00348,3,b_036,train
r_00348,3,b_031,train
r_00349,3,b_037,train
r_00349,3,b_036,train
r_00349,3,b_065,train
r_00349,3,b_013,train
r_00349,3,b_060,train
r_00349,3,b_067,train
r_00349,3,b_070,train
r_00349,3,b_024,train
r_00349,3,b_044,train
r_00349,3,b_059,train
r_00349,3,b_011,train
r_00349,3,b_061,train
r_00349,3,b_069,train
r_00349,3,b_077,train
r_00349,3,b_063,train
r_00349,3,b_050,train
r_00349,3,b_080,train
r_00349,3,b_019,train
r_00349,3,b_048,train
r_00349,3,b_021,train
r_00350,3,b_023,train
r_00350,3,b_027,train
r_00350,3,b_004,train
r_00350,3,b_030,train
r_00350,3,b_035,train
r_00350,3,b_053,train
r_00350,3,b_039,train
r_00350,3,b_016,train
r_00350,3,b_052,train
r_00350,3,b_009,train
r_00350,3,b_055,train
r_00350,3,b_026,train
r_00350,3,b_049,train
r_00350,3,b_068,train
r_00350,3,b_063,train
r_00350,3,b_059,train
r_00350,3,b_072,train
r_00350,3,b_071,train
r_00350,3,b_047,train
r_00350,3,b_042,train
r_00351,3,b_042,train
r_00351,3,b_080,train
r_00351,3,b_022,train
r_00351,3,b_006,train
r_00351,3,b_055,train
r_00351,3,b_015,train
r_00351,3,b_045,train
r_00351,3,b_004,train
r_00351,3,b_050,train
r_00351,3,b_028,train
r_00351,3,b_019,train
r_00351,3,b_044,train
r_00351,3,b_031,train
r_00351,3,b_068,train
r_00351,3,b_069,train
r_00351,3,b_010,train
r_00351,3,b_073,train
r_00351,3,b_032,train
r_00351,3,b_008,train
r_00351,3,b_053,train
r_00352,3,b_056,train
r_00352,3,b_014,train
r_00352,3,b_017,train
r_00352,3,b_039,train
r_00352,3,b_007,train
r_00352,3,b_030,train
r_00352,3,b_048,train
r_00352,3,b_079,train
r_00352,3,b_060,train
r_00352,3,b_002,train
r_00352,3,b_024,train
r_00352,3,b_069,train
r_00352,3,b_008,train
r_00352,3,b_070,train
r_00352,3,b_035,train
r_00352,3,b_041,train
r_00352,3,b_015,train
r_00352,3,b_034,train
r_00352,3,b_057,train
r_00352,3,b_005,train
r_00353,3,b_001,test
r_00353,3,b_026,test
r_00353,3,b_071,test
r_00353,3,b_072,test
r_00353,3,b_053,test
r_00353,3,b_011,test
r_00353,3,b_041,test
r_00353,3,b_027,test
r_00353,3,b_005,test
r_00353,3,b_012,test
r_00353,3,b_002,test
r_00353,3,b_050,test
r_00353,3,b_080,test
r_00353,3,b_061,test
r_00353,3,b_043,test
r_00353,3,b_055,test
r_00353,3,b_064,test
r_00353,3,b_015,test
r_00353,3,b_059,test
r_00353,3,b_076,test
r_00354,3,b_002,valid
r_00354,3,b_062,valid
r_00354,3,b_058,valid
r_00354,3,b_024,valid
r_00354,3,b_042,valid
r_00354,3,b_039,valid
r_00354,3,b_075,valid
r_00354,3,b_035,valid
r_00354,3,b_064,valid
r_00354,3,b_030,valid
r_00354,3,b_059,valid
r_00354,3,b_017,valid
r_00354,3,b_034,valid
r_00354,3,b_045,valid
r_00354,3,b_037,valid
r_00354,3,b_001,valid
r_00354,3,b_015,valid
r_00354,3,b_041,valid
r_00354,3,b_012,valid
r_00354,3,b_026,valid
r_00355,3,b_009,train
r_00355,3,b_016,train
r_00355,3,b_004,train
r_00355,3,b_020,train
r_00355,3,b_007,train
r_00355,3,b_029,train
r_00355,3,b_021,train
r_00355,3,b_037,train
r_00355,3,b_043,train
r_00355,3,b_074,train
r_00355,3,b_039,train
r_00355,3,b_072,train
r_00355,3,b_060,train
r_00355,3,b_044,train
r_00355,3,b_066,train
r_00355,3,b_071,train
r_00355,3,b_075,train
r_00355,3,b_027,train
r_00355,3,b_034,train
r_00355,3,b_038,train
r_00356,3,b_043,train
r_00356,3,b_075,train
r_00356,3,b_063,train
r_00356,3,b_079,train
r_00356,3,b_045,train
r_00356,3,b_069,train
r_00356,3,b_018,train
r_00356,3,b_014,train
r_00356,3,b_033,train
r_00356,3,b_080,train
r_00356,3,b_005,train
r_00356,3,b_027,train
r_00356,3,b_046,train
r_00356,3,b_008,train
r_00356,3,b_065,train
r_00356,3,b_058,train
r_00356,3,b_060,train
r_00356,3,b_049,train
r_00356,3,b_059,train
r_00356,3,b_077,train
r_00357,3,b_067,train
r_00357,3,b_077,train
r_00357,3,b_001,train
r_00357,3,b_057,train
r_00357,3,b_021,train
r_00357,3,b_075,train
r_00357,3,b_014,train
r_00357,3,b_033,train
r_00357,3,b_026,train
r_00357,3,b_039,train
r_00357,3,b_030,train
r_00357,3,b_068,train
r_00357,3,b_076,train
r_00357,3,b_053,train
r_00357,3,b_042,train
r_00357,3,b_079,train
r_00357,3,b_032,train
r_00357,3,b_020,train
r_00357,3,b_025,train
r_00357,3,b_059,train
r_00358,3,b_006,train
r_00358,3,b_047,train
r_00358,3,b_019,train
r_00358,3,b_045,train
r_00358,3,b_067,train
r_00358,3,b_076,train
r_00358,3,b_069,train
r_00358,3,b_070,train
r_00358,3,b_052,train
r_00358,3,b_072,train
r_00358,3,b_033,train
r_00358,3,b_066,train
r_00358,3,b_030,train
r_00358,3,b_043,train
r_00358,3,b_023,train
r_00358,3,b_065,train
r_00358,3,b_062,train
r_00358,3,b_051,train
r_00358,3,b_021,train
r_00358,3,b_036,train
r_00359,3,b_070,train
r_00359,3,b_042,train
r_00359,3,b_080,train
r_00359,3,b_011,train
r_00359,3,b_047,train
r_00359,3,b_053,train
r_00359,3,b_033,train
r_00359,3,b_017,train
r_00359,3,b_068,train
r_00359,3,b_040,train
r_00359,3,b_058,train
r_00359,3,b_071,train
r_00359,3,b_067,train
r_00359,3,b_057,train
r_00359,3,b_021,train
r_00359,3,b_054,train
r_00359,3,b_041,train
r_00359,3,b_048,train
r_00359,3,b_001,train
r_00359,3,b_019,train
r_00360,3,b_018,train
r_00360,3,b_069,train
r_00360,3,b_057,train
r_00360,3,b_007,train
r_00360,3,b_067,train
r_00360,3,b_065,train
r_00360,3,b_061,train
r_00360,3,b_003,train
r_00360,3,b_021,train
r_00360,3,b_036,train
r_00360,3,b_028,train
r_00360,3,b_038,train
r_00360,3,b_045,train
r_00360,3,b_080,train
r_00360,3,b_054,train
r_00360,3,b_016,train
r_00360,3,b_030,train
r_00360,3,b_027,train
r_00360,3,b_014,train
r_00360,3,b_062,train
r_00361,3,b_051,train
r_00361,3,b_006,train
r_00361,3,b_068,train
r_00361,3,b_079,train
r_00361,3,b_037,train
r_00361,3,b_036,train
r_00361,3,b_018,train
r_00361,3,b_013,train
r_00361,3,b_069,train
r_00361,3,b_046,train
r_00361,3,b_043,train
r_00361,3,b_065,train
r_00361,3,b_064,train
r_00361,3,b_050,train
r_00361,3,b_016,train
r_00361,3,b_031,train
r_00361,3,b_029,train
r_00361,3,b_080,train
r_00361,3,b_035,train
r_00361,3,b_076,train
r_00362,3,b_032,train
r_00362,3,b_013,train
r_00362,3,b_068,train
r_00362,3,b_054,train
r_00362,3,b_001,train
r_00362,3,b_037,train
r_00362,3,b_062,train
r_00362,3,b_007,train
r_00362,3,b_004,train
r_00362,3,b_014,train
r_00362,3,b_053,train
r_00362,3,b_063,train
r_00362,3,b_031,train
r_00362,3,b_059,train
r_00362,3,b_009,train
r_00362,3,b_023,train
r_00362,3,b_021,train
r_00362,3,b_035,train
r_00362,3,b_074,train
r_00362,3,b_055,train
r_00363,3,b_009,train
r_00363,3,b_013,train
r_00363,3,b_034,train
r_00363,3,b_002,train
r_00363,3,b_063,train
r_00363,3,b_026,train
r_00363,3,b_074,train
r_00363,3,b_003,train
r_00363,3,b_066,train
r_00363,3,b_025,train
r_00363,3,b_001,train
r_00363,3,b_060,train
r_00363,3,b_022,train
r_00363,3,b_077,train
r_00363,3,b_005,train
r_00363,3,b_030,train
r_00363,3,b_052,train
r_00363,3,b_048,train
r_00363,3,b_019,train
r_00363,3,b_042,train
r_00364,3,b_071,train
r_00364,3,b_007,train
r_00364,3,b_008,train
r_00364,3,b_067,train
r_00364,3,b_047,train
r_00364,3,b_069,train
r_00364,3,b_046,train
r_00364,3,b_037,train
r_00364,3,b_024,train
r_00364,3,b_041,train
r_00364,3,b_079,train
r_00364,3,b_029,train
r_00364,3,b_028,train
r_00364,3,b_023,train
r_00364,3,b_035,train
r_00364,3,b_049,train
r_00364,3,b_012,train
r_00364,3,b_014,train
r_00364,3,b_060,train
r_00364,3,b_009,train
r_00365,3,b_005,train
r_00365,3,b_002,train
r_00365,3,b_030,train
r_00365,3,b_052,train
r_00365,3,b_018,train
r_00365,3,b_066,train
r_00365,3,b_073,train
r_00365,3,b_001,train
r_00365,3,b_059,train
r_00365,3,b_020,train
r_00365,3,b_054,train
r_00365,3,b_078,train
r_00365,3,b_062,train
r_00365,3,b_075,train
r_00365,3,b_049,train
r_00365,3,b_045,train
r_00365,3,b_022,train
r_00365,3,b_061,train
r_00365,3,b_009,train
r_00365,3,b_044,train
r_00366,3,b_071,valid
r_00366,3,b_016,valid
r_00366,3,b_073,valid
r_00366,3,b_060,valid
r_00366,3,b_026,valid
r_00366,3,b_005,valid
r_00366,3,b_066,valid
r_00366,3,b_037,valid
r_00366,3,b_012,valid
r_00366,3,b_070,valid
r_00366,3,b_028,valid
r_00366,3,b_034,valid
r_00366,3,b_040,valid
r_00366,3,b_050,valid
r_00366,3,b_059,valid
r_00366,3,b_069,valid
r_00366,3,b_022,valid
r_00366,3,b_051,valid
r_00366,3,b_030,valid
r_00366,3,b_020,valid
r_00367,3,b_048,train
r_00367,3,b_057,train
r_00367,3,b_022,train
r_00367,3,b_025,train
r_00367,3,b_036,train
r_00367,3,b_077,train
r_00367,3,b_009,train
r_00367,3,b_065,train
r_00367,3,b_067,train
r_00367,3,b_072,train
r_00367,3,b_030,train
r_00367,3,b_073,train
r_00367,3,b_012,train
r_00367,3,b_051,train
r_00367,3,b_007,train
r_00367,3,b_015,train
r_00367,3,b_024,train
r_00367,3,b_080,train
r_00367,3,b_026,train
r_00367,3,b_074,train
r_00368,3,b_014,train
r_00368,3,b_012,train
r_00368,3,b_070,train
r_00368,3,b_002,train
r_00368,3,b_078,train
r_00368,3,b_040,train
r_00368,3,b_019,train
r_00368,3,b_069,train
r_00368,3,b_077,train
r_00368,3,b_033,train
r_00368,3,b_045,train
r_00368,3,b_029,train
r_00368,3,b_003,train
r_00368,3,b_047,train
r_00368,3,b_023,train
r_00368,3,b_028,train
r_00368,3,b_056,train
r_00368,3,b_068,train
r_00368,3,b_050,train
r_00368,3,b_020,train
r_00369,3,b_024,valid
r_00369,3,b_023,valid
r_00369,3,b_055,valid
r_00369,3,b_022,valid
r_00369,3,b_077,valid
r_00369,3,b_080,valid
r_00369,3,b_027,valid
r_00369,3,b_054,valid
r_00369,3,b_037,valid
r_00369,3,b_031,valid
r_00369,3,b_046,valid
r_00369,3,b_069,valid
r_00369,3,b_008,valid
r_00369,3,b_056,valid
r_00369,3,b_042,valid
r_00369,3,b_066,valid
r_00369,3,b_026,valid
r_00369,3,b_043,valid
r_00369,3,b_020,valid
r_00369,3,b_074,valid
r_00370,3,b_062,test
r_00370,3,b_055,test
r_00370,3,b_042,test
r_00370,3,b_077,test
r_00370,3,b_070,test
r_00370,3,b_039,test
r_00370,3,b_079,test
r_00370,3,b_041,test
r_00370,3,b_036,test
r_00370,3,b_015,test
r_00370,3,b_012,test
r_00370,3,b_073,test
r_00370,3,b_057,test
r_00370,3,b_059,test
r_00370,3,b_051,test
r_00370,3,b_011,test
r_00370,3,b_034,test
r_00370,3,b_030,test
r_00370,3,b_080,test
r_00370,3,b_040,test
r_00371,3,b_037,train
r_00371,3,b_077,train
r_00371,3,b_056,train
r_00371,3,b_034,train
r_00371,3,b_063,train
r_00371,3,b_061,train
r_00371,3,b_021,train
r_00371,3,b_005,train
r_00371,3,b_054,train
r_00371,3,b_045,train
r_00371,3,b_009,train
r_00371,3,b_041,train
r_00371,3,b_048,train
r_00371,3,b_042,train
r_00371,3,b_052,train
r_00371,3,b_066,train
r_00371,3,b_018,train
r_00371,3,b_079,train
r_00371,3,b_080,train
r_00371,3,b_074,train
r_00372,3,b_017,train
r_00372,3,b_074,train
r_00372,3,b_040,train
r_00372,3,b_054,train
r_00372,3,b_075,train
r_00372,3,b_028,train
r_00372,3,b_055,train
r_00372,3,b_010,train
r_00372,3,b_070,train
r_00372,3,b_060,train
r_00372,3,b_023,train
r_00372,3,b_067,train
r_00372,3,b_020,train
r_00372,3,b_065,train
r_00372,3,b_008,train
r_00372,3,b_025,train
r_00372,3,b_004,train
r_00372,3,b_078,train
r_00372,3,b_015,train
r_00372,3,b_061,train
r_00373,3,b_009,train
r_00373,3,b_063,train
r_00373,3,b_049,train
r_00373,3,b_036,train
r_00373,3,b_027,train
r_00373,3,b_067,train
r_00373,3,b_047,train
r_00373,3,b_078,train
r_00373,3,b_032,train
r_00373,3,b_042,train
r_00373,3,b_016,train
r_00373,3,b_003,train
r_00373,3,b_013,train
r_00373,3,b_054,train
r_00373,3,b_039,train
r_00373,3,b_030,train
r_00373,3,b_026,train
r_00373,3,b_080,train
r_00373,3,b_068,train
r_00373,3,b_035,train
r_00374,3,b_074,train
r_00374,3,b_015,train
r_00374,3,b_007,train
r_00374,3,b_080,train
r_00374,3,b_042,train
r_00374,3,b_073,train
r_00374,3,b_046,train
r_00374,3,b_013,train
r_00374,3,b_021,train
r_00374,3,b_041,train
r_00374,3,b_045,train
r_00374,3,b_030,train
r_00374,3,b_003,train
r_00374,3,b_023,train
r_00374,3,b_018,train
r_00374,3,b_022,train
r_00374,3,b_072,train
r_00374,3,b_028,train
r_00374,3,b_064,train
r_00374,3,b_048,train
r_00375,3,b_042,test
r_00375,3,b_008,test
r_00375,3,b_010,test
r_00375,3,b_023,test
r_00375,3,b_019,test
r_00375,3,b_027,test
r_00375,3,b_033,test
r_00375,3,b_005,test
r_00375,3,b_048,test
r_00375,3,b_080,test
r_00375,3,b_072,test
r_00375,3,b_018,test
r_00375,3,b_041,test
r_00375,3,b_053,test
r_00375,3,b_025,test
r_00375,3,b_039,test
r_00375,3,b_044,test
r_00375,3,b_006,test
r_00375,3,b_077,test
r_00375,3,b_013,test
r_00376,3,b_007,test
r_00376,3,b_076,test
r_00376,3,b_020,test
r_00376,3,b_056,test
r_00376,3,b_032,test
r_00376,3,b_019,test
r_00376,3,b_002,test
r_00376,3,b_054,test
r_00376,3,b_053,test
r_00376,3,b_080,test
r_00376,3,b_074,test
r_00376,3,b_048,test
r_00376,3,b_024,test
r_00376,3,b_027,test
r_00376,3,b_028,test
r_00376,3,b_041,test
r_00376,3,b_072,test
r_00376,3,b_022,test
r_00376,3,b_079,test
r_00376,3,b_058,test
r_00377,3,b_062,test
r_00377,3,b_063,test
r_00377,3,b_004,test
r_00377,3,b_001,test
r_00377,3,b_080,test
r_00377,3,b_007,test
r_00377,3,b_076,test
r_00377,3,b_018,test
r_00377,3,b_049,test
r_00377,3,b_022,test
r_00377,3,b_053,test
r_00377,3,b_012,test
r_00377,3,b_061,test
r_00377,3,b_064,test
r_00377,3,b_050,test
r_00377,3,b_073,test
r_00377,3,b_021,test
r_00377,3,b_023,test
r_00377,3,b_024,test
r_00377,3,b_020,test
r_00378,3,b_059,test
r_00378,3,b_029,test
r_00378,3,b_042,test
r_00378,3,b_009,test
r_00378,3,b_076,test
r_00378,3,b_051,test
r_00378,3,b_041,test
r_00378,3,b_003,test
r_00378,3,b_006,test
r_00378,3,b_047,test
r_00378,3,b_050,test
r_00378,3,b_024,test
r_00378,3,b_066,test
r_00378,3,b_018,test
r_00378,3,b_045,test
r_00378,3,b_011,test
r_00378,3,b_064,test
r_00378,3,b_061,test
r_00378,3,b_027,test
r_00378,3,b_020,test
r_00379,3,b_061,test
r_00379,3,b_028,test
r_00379,3,b_072,test
r_00379,3,b_009,test
r_00379,3,b_004,test
r_00379,3,b_014,test
r_00379,3,b_027,test
r_00379,3,b_067,test
r_00379,3,b_007,test
r_00379,3,b_065,test
r_00379,3,b_053,test
r_00379,3,b_054,test
r_00379,3,b_019,test
r_00379,3,b_011,test
r_00379,3,b_034,test
r_00379,3,b_025,test
r_00379,3,b_035,test
r_00379,3,b_043,test
r_00379,3,b_066,test
r_00379,3,b_048,test
r_00380,3,b_022,valid
r_00380,3,b_051,valid
r_00380,3,b_041,valid
r_00380,3,b_052,valid
r_00380,3,b_014,valid
r_00380,3,b_069,valid
r_00380,3,b_005,valid
r_00380,3,b_019,valid
r_00380,3,b_026,valid
r_00380,3,b_031,valid
r_00380,3,b_057,valid
r_00380,3,b_055,valid
r_00380,3,b_009,valid
r_00380,3,b_030,valid
r_00380,3,b_023,valid
r_00380,3,b_047,valid
r_00380,3,b_054,valid
r_00380,3,b_065,valid
r_00380,3,b_004,valid
r_00380,3,b_064,valid
r_00381,3,b_064,train
r_00381,3,b_043,train
r_00381,3,b_054,train
r_00381,3,b_037,train
r_00381,3,b_005,train
r_00381,3,b_032,train
r_00381,3,b_049,train
r_00381,3,b_020,train
r_00381,3,b_034,train
r_00381,3,b_038,train
r_00381,3,b_056,train
r_00381,3,b_041,train
r_00381,3,b_031,train
r_00381,3,b_062,train
r_00381,3,b_024,train
r_00381,3,b_063,train
r_00381,3,b_058,train
r_00381,3,b_035,train
r_00381,3,b_050,train
r_00381,3,b_039,train
r_00382,3,b_062,test
r_00382,3,b_071,test
r_00382,3,b_073,test
r_00382,3,b_066,test
r_00382,3,b_008,test
r_00382,3,b_006,test
r_00382,3,b_061,test
r_00382,3,b_016,test
r_00382,3,b_018,test
r_00382,3,b_078,test
r_00382,3,b_031,test
r_00382,3,b_045,test
r_00382,3,b_014,test
r_00382,3,b_028,test
r_00382,3,b_042,test
r_00382,3,b_022,test
r_00382,3,b_072,test
r_00382,3,b_015,test
r_00382,3,b_075,test
r_00382,3,b_011,test
r_00383,3,b_001,train
r_00383,3,b_076,train
r_00383,3,b_052,train
r_00383,3,b_054,train
r_00383,3,b_007,train
r_00383,3,b_048,train
r_00383,3,b_070,train
r_00383,3,b_024,train
r_00383,3,b_065,train
r_00383,3,b_047,train
r_00383,3,b_028,train
r_00383,3,b_074,train
r_00383,3,b_061,train
r_00383,3,b_015,train
r_00383,3,b_022,train
r_00383,3,b_058,train
r_00383,3,b_042,train
r_00383,3,b_033,train
r_00383,3,b_003,train
r_00383,3,b_063,train
r_00384,3,b_006,valid
r_00384,3,b_022,valid
r_00384,3,b_070,valid
r_00384,3,b_064,valid
r_00384,3,b_010,valid
r_00384,3,b_011,valid
r_00384,3,b_043,valid
r_00384,3,b_053,valid
r_00384,3,b_056,valid
r_00384,3,b_069,valid
r_00384,3,b_041,valid
r_00384,3,b_033,valid
r_00384,3,b_066,valid
r_00384,3,b_032,valid
r_00384,3,b_028,valid
r_00384,3,b_075,valid
r_00384,3,b_065,valid
r_00384,3,b_001,valid
r_00384,3,b_012,valid
r_00384,3,b_078,valid
r_00385,3,b_063,train
r_00385,3,b_054,train
r_00385,3,b_041,train
r_00385,3,b_047,train
r_00385,3,b_068,train
r_00385,3,b_016,train
r_00385,3,b_020,train
r_00385,3,b_015,train
r_00385,3,b_033,train
r_00385,3,b_012,train
r_00385,3,b_070,train
r_00385,3,b_017,train
r_00385,3,b_064,train
r_00385,3,b_051,train
r_00385,3,b_006,train
r_00385,3,b_026,train
r_00385,3,b_075,train
r_00385,3,b_052,train
r_00385,3,b_056,train
r_00385,3,b_045,train
r_00386,3,b_053,train
r_00386,3,b_038,train
r_00386,3,b_016,train
r_00386,3,b_077,train
r_00386,3,b_008,train
r_00386,3,b_058,train
r_00386,3,b_039,train
r_00386,3,b_054,train
r_00386,3,b_041,train
r_00386,3,b_067,train
r_00386,3,b_045,train
r_00386,3,b_020,train
r_00386,3,b_009,train
r_00386,3,b_015,train
r_00386,3,b_010,train
r_00386,3,b_044,train
r_00386,3,b_034,train
r_00386,3,b_033,train
r_00386,3,b_037,train
r_00386,3,b_014,train
r_00387,3,b_061,test
r_00387,3,b_060,test
r_00387,3,b_040,test
r_00387,3,b_056,test
r_00387,3,b_033,test
r_00387,3,b_042,test
r_00387,3,b_069,test
r_00387,3,b_027,test
r_00387,3,b_026,test
r_00387,3,b_012,test
r_00387,3,b_065,test
r_00387,3,b_074,test
r_00387,3,b_062,test
r_00387,3,b_075,test
r_00387,3,b_050,test
r_00387,3,b_079,test
r_00387,3,b_023,test
r_00387,3,b_059,test
r_00387,3,b_001,test
r_00387,3,b_005,test
r_00388,3,b_035,train
r_00388,3,b_070,train
r_00388,3,b_011,train
r_00388,3,b_048,train
r_00388,3,b_034,train
r_00388,3,b_003,train
r_00388,3,b_007,train
r_00388,3,b_063,train
r_00388,3,b_049,train
r_00388,3,b_025,train
r_00388,3,b_047,train
r_00388,3,b_031,train
r_00388,3,b_023,train
r_00388,3,b_033,train
r_00388,3,b_076,train
r_00388,3,b_075,train
r_00388,3,b_061,train
r_00388,3,b_038,train
r_00388,3,b_006,train
r_00388,3,b_020,train
r_00389,3,b_021,train
r_00389,3,b_063,train
r_00389,3,b_050,train
r_00389,3,b_074,train
r_00389,3,b_077,train
r_00389,3,b_039,train
r_00389,3,b_005,train
r_00389,3,b_028,train
r_00389,3,b_053,train
r_00389,3,b_040,train
r_00389,3,b_071,train
r_00389,3,b_068,train
r_00389,3,b_001,train
r_00389,3,b_037,train
r_00389,3,b_003,train
r_00389,3,b_007,train
r_00389,3,b_015,train
r_00389,3,b_064,train
r_00389,3,b_057,train
r_00389,3,b_016,train
r_00390,3,b_017,valid
r_00390,3,b_033,valid
r_00390,3,b_047,valid
r_00390,3,b_048,valid
r_00390,3,b_055,valid
r_00390,3,b_076,valid
r_00390,3,b_005,valid
r_00390,3,b_022,valid
r_00390,3,b_080,valid
r_00390,3,b_069,valid
r_00390,3,b_012,valid
r_00390,3,b_050,valid
r_00390,3,b_070,valid
r_00390,3,b_018,valid
r_00390,3,b_058,valid
r_00390,3,b_015,valid
r_00390,3,b_010,valid
r_00390,3,b_062,valid
r_00390,3,b_016,valid
r_00390,3,b_030,valid
r_00391,3,b_027,test
r_00391,3,b_054,test
r_00391,3,b_024,test
r_00391,3,b_050,test
r_00391,3,b_008,test
r_00391,3,b_039,test
r_00391,3,b_044,test
r_00391,3,b_057,test
r_00391,3,b_051,test
r_00391,3,b_013,test
r_00391,3,b_014,test
r_00391,3,b_042,test
r_00391,3,b_067,test
r_00391,3,b_036,test
r_00391,3,b_072,test
r_00391,3,b_076,test
r_00391,3,b_070,test
r_00391,3,b_033,test
r_00391,3,b_058,test
r_00391,3,b_031,test
r_00392,3,b_074,train
r_00392,3,b_027,train
r_00392,3,b_036,train
r_00392,3,b_015,train
r_00392,3,b_035,train
r_00392,3,b_076,train
r_00392,3,b_060,train
r_00392,3,b_061,train
r_00392,3,b_064,train
r_00392,3,b_013,train
r_00392,3,b_039,train
r_00392,3,b_006,train
r_00392,3,b_017,train
r_00392,3,b_048,train
r_00392,3,b_047,train
r_00392,3,b_051,train
r_00392,3,b_041,train
r_00392,3,b_043,train
r_00392,3,b_059,train
r_00392,3,b_067,train
r_00393,3,b_028,valid
r_00393,3,b_005,valid
r_00393,3,b_017,valid
r_00393,3,b_051,valid
r_00393,3,b_069,valid
r_00393,3,b_049,valid
r_00393,3,b_001,valid
r_00393,3,b_031,valid
r_00393,3,b_066,valid
r_00393,3,b_040,valid
r_00393,3,b_022,valid
r_00393,3,b_023,valid
r_00393,3,b_076,valid
r_00393,3,b_039,valid
r_00393,3,b_032,valid
r_00393,3,b_019,valid
r_00393,3,b_073,valid
r_00393,3,b_038,valid
r_00393,3,b_002,valid
r_00393,3,b_011,valid
r_00394,3,b_017,train
r_00394,3,b_036,train
r_00394,3,b_049,train
r_00394,3,b_064,train
r_00394,3,b_045,train
r_00394,3,b_077,train
r_00394,3,b_055,train
r_00394,3,b_032,train
r_00394,3,b_066,train
r_00394,3,b_065,train
r_00394,3,b_056,train
r_00394,3,b_003,train
r_00394,3,b_075,train
r_00394,3,b_024,train
r_00394,3,b_040,train
r_00394,3,b_046,train
r_00394,3,b_001,train
r_00394,3,b_074,train
r_00394,3,b_006,train
r_00394,3,b_039,train
r_00395,3,b_076,train
r_00395,3,b_036,train
r_00395,3,b_030,train
r_00395,3,b_043,train
r_00395,3,b_059,train
r_00395,3,b_080,train
r_00395,3,b_073,train
r_00395,3,b_050,train
r_00395,3,b_014,train
r_00395,3,b_012,train
r_00395,3,b_028,train
r_00395,3,b_020,train
r_00395,3,b_035,train
r_00395,3,b_075,train
r_00395,3,b_042,train
r_00395,3,b_066,train
r_00395,3,b_056,train
r_00395,3,b_034,train
r_00395,3,b_047,train
r_00395,3,b_003,train
r_00396,3,b_033,train
r_00396,3,b_061,train
r_00396,3,b_005,train
r_00396,3,b_056,train
r_00396,3,b_047,train
r_00396,3,b_080,train
r_00396,3,b_011,train
r_00396,3,b_059,train
r_00396,3,b_045,train
r_00396,3,b_076,train
r_00396,3,b_035,train
r_00396,3,b_013,train
r_00396,3,b_014,train
r_00396,3,b_026,train
r_00396,3,b_065,train
r_00396,3,b_032,train
r_00396,3,b_071,train
r_00396,3,b_054,train
r_00396,3,b_072,train
r_00396,3,b_042,train
r_00397,3,b_031,train
r_00397,3,b_033,train
r_00397,3,b_026,train
r_00397,3,b_070,train
r_00397,3,b_010,train
r_00397,3,b_080,train
r_00397,3,b_039,train
r_00397,3,b_050,train
r_00397,3,b_001,train
r_00397,3,b_047,train
r_00397,3,b_044,train
r_00397,3,b_029,train
r_00397,3,b_055,train
r_00397,3,b_034,train
r_00397,3,b_006,train
r_00397,3,b_020,train
r_00397,3,b_078,train
r_00397,3,b_057,train
r_00397,3,b_011,train
r_00397,3,b_054,train
r_00398,3,b_005,train
r_00398,3,b_010,train
r_00398,3,b_080,train
r_00398,3,b_079,train
r_00398,3,b_025,train
r_00398,3,b_054,train
r_00398,3,b_035,train
r_00398,3,b_067,train
r_00398,3,b_020,train
r_00398,3,b_071,train
r_00398,3,b_070,train
r_00398,3,b_061,train
r_00398,3,b_051,train
r_00398,3,b_044,train
r_00398,3,b_068,train
r_00398,3,b_030,train
r_00398,3,b_015,train
r_00398,3,b_019,train
r_00398,3,b_058,train
r_00398,3,b_038,train
r_00399,3,b_049,train
r_00399,3,b_051,train
r_00399,3,b_039,train
r_00399,3,b_016,train
r_00399,3,b_066,train
r_00399,3,b_004,train
r_00399,3,b_063,train
r_00399,3,b_064,train
r_00399,3,b_013,train
r_00399,3,b_022,train
r_00399,3,b_076,train
r_00399,3,b_007,train
r_00399,3,b_027,train
r_00399,3,b_077,train
r_00399,3,b_073,train
r_00399,3,b_031,train
r_00399,3,b_062,train
r_00399,3,b_080,train
r_00399,3,b_011,train
r_00399,3,b_035,train
r_00400,3,b_053,train
r_00400,3,b_028,train
r_00400,3,b_045,train
r_00400,3,b_024,train
r_00400,3,b_019,train
r_00400,3,b_042,train
r_00400,3,b_041,train
r_00400,3,b_070,train
r_00400,3,b_037,train
r_00400,3,b_068,train
r_00400,3,b_027,train
r_00400,3,b_036,train
r_00400,3,b_072,train
r_00400,3,b_005,train
r_00400,3,b_043,train
r_00400,3,b_039,train
r_00400,3,b_062,train
r_00400,3,b_050,train
r_00400,3,b_080,train
r_00400,3,b_022,train
r_00401,3,b_022,train
r_00401,3,b_077,train
r_00401,3,b_042,train
r_00401,3,b_008,train
r_00401,3,b_024,train
r_00401,3,b_067,train
r_00401,3,b_032,train
r_00401,3,b_062,train
r_00401,3,b_075,train
r_00401,3,b_074,train
r_00401,3,b_069,train
r_00401,3,b_021,train
r_00401,3,b_028,train
r_00401,3,b_078,train
r_00401,3,b_055,train
r_00401,3,b_011,train
r_00401,3,b_034,train
r_00401,3,b_058,train
r_00401,3,b_065,train
r_00401,3,b_017,train
r_00402,3,b_013,train
r_00402,3,b_075,train
r_00402,3,b_019,train
r_00402,3,b_071,train
r_00402,3,b_009,train
r_00402,3,b_051,train
r_00402,3,b_018,train
r_00402,3,b_058,train
r_00402,3,b_031,train
r_00402,3,b_055,train
r_00402,3,b_060,train
r_00402,3,b_053,train
r_00402,3,b_057,train
r_00402,3,b_063,train
r_00402,3,b_023,train
r_00402,3,b_036,train
r_00402,3,b_062,train
r_00402,3,b_033,train
r_00402,3,b_040,train
r_00402,3,b_027,train
r_00403,3,b_063,train
r_00403,3,b_034,train
r_00403,3,b_023,train
r_00403,3,b_009,train
r_00403,3,b_052,train
r_00403,3,b_067,train
r_00403,3,b_061,train
r_00403,3,b_057,train
r_00403,3,b_037,train
r_00403,3,b_021,train
r_00403,3,b_059,train
r_00403,3,b_013,train
r_00403,3,b_043,train
r_00403,3,b_001,train
r_00403,3,b_005,train
r_00403,3,b_022,train
r_00403,3,b_048,train
r_00403,3,b_072,train
r_00403,3,b_066,train
r_00403,3,b_047,train
r_00404,3,b_033,test
r_00404,3,b_012,test
r_00404,3,b_004,test
r_00404,3,b_067,test
r_00404,3,b_052,test
r_00404,3,b_060,test
r_00404,3,b_048,test
r_00404,3,b_076,test
r_00404,3,b_011,test
r_00404,3,b_049,test
r_00404,3,b_026,test
r_00404,3,b_029,test
r_00404,3,b_020,test
r_00404,3,b_062,test
r_00404,3,b_058,test
r_00404,3,b_071,test
r_00404,3,b_044,test
r_00404,3,b_065,test
r_00404,3,b_059,test
r_00404,3,b_010,test
r_00405,3,b_076,train
r_00405,3,b_071,train
r_00405,3,b_055,train
r_00405,3,b_033,train
r_00405,3,b_006,train
r_00405,3,b_027,train
r_00405,3,b_040,train
r_00405,3,b_064,train
r_00405,3,b_004,train
r_00405,3,b_054,train
r_00405,3,b_031,train
r_00405,3,b_009,train
r_00405,3,b_044,train
r_00405,3,b_070,train
r_00405,3,b_018,train
r_00405,3,b_052,train
r_00405,3,b_038,train
r_00405,3,b_036,train
r_00405,3,b_073,train
r_00405,3,b_069,train
r_00406,3,b_011,train
r_00406,3,b_080,train
r_00406,3,b_058,train
r_00406,3,b_061,train
r_00406,3,b_041,train
r_00406,3,b_074,train
r_00406,3,b_057,train
r_00406,3,b_016,train
r_00406,3,b_071,train
r_00406,3,b_024,train
r_00406,3,b_012,train
r_00406,3,b_073,train
r_00406,3,b_023,train
r_00406,3,b_077,train
r_00406,3,b_047,train
r_00406,3,b_065,train
r_00406,3,b_005,train
r_00406,3,b_076,train
r_00406,3,b_070,train
r_00406,3,b_050,train
r_00407,3,b_037,train
r_00407,3,b_018,train
r_00407,3,b_014,train
r_00407,3,b_059,train
r_00407,3,b_003,train
r_00407,3,b_044,train
r_00407,3,b_043,train
r_00407,3,b_001,train
r_00407,3,b_061,train
r_00407,3,b_005,train
r_00407,3,b_050,train
r_00407,3,b_026,train
r_00407,3,b_022,train
r_00407,3,b_058,train
r_00407,3,b_010,train
r_00407,3,b_079,train
r_00407,3,b_056,train
r_00407,3,b_080,train
r_00407,3,b_052,train
r_00407,3,b_038,train
r_00408,3,b_018,train
r_00408,3,b_041,train
r_00408,3,b_067,train
r_00408,3,b_057,train
r_00408,3,b_016,train
r_00408,3,b_011,train
r_00408,3,b_009,train
r_00408,3,b_031,train
r_00408,3,b_023,train
r_00408,3,b_028,train
r_00408,3,b_004,train
r_00408,3,b_051,train
r_00408,3,b_069,train
r_00408,3,b_037,train
r_00408,3,b_033,train
r_00408,3,b_007,train
r_00408,3,b_003,train
r_00408,3,b_019,train
r_00408,3,b_065,train
r_00408,3,b_050,train
r_00409,3,b_059,test
r_00409,3,b_064,test
r_00409,3,b_046,test
r_00409,3,b_043,test
r_00409,3,b_065,test
r_00409,3,b_016,test
r_00409,3,b_005,test
r_00409,3,b_013,test
r_00409,3,b_075,test
r_00409,3,b_032,test
r_00409,3,b_001,test
r_00409,3,b_022,test
r_00409,3,b_045,test
r_00409,3,b_056,test
r_00409,3,b_074,test
r_00409,3,b_025,test
r_00409,3,b_004,test
r_00409,3,b_023,test
r_00409,3,b_067,test
r_00409,3,b_063,test
r_00410,3,b_077,train
r_00410,3,b_051,train
r_00410,3,b_069,train
r_00410,3,b_012,train
r_00410,3,b_062,train
r_00410,3,b_053,train
r_00410,3,b_064,train
r_00410,3,b_039,train
r_00410,3,b_034,train
r_00410,3,b_032,train
r_00410,3,b_038,train
r_00410,3,b_011,train
r_00410,3,b_070,train
r_00410,3,b_055,train
r_00410,3,b_002,train
r_00410,3,b_071,train
r_00410,3,b_008,train
r_00410,3,b_048,train
r_00410,3,b_007,train
r_00410,3,b_021,train
r_00411,3,b_022,test
r_00411,3,b_020,test
r_00411,3,b_070,test
r_00411,3,b_052,test
r_00411,3,b_016,test
r_00411,3,b_053,test
r_00411,3,b_024,test
r_00411,3,b_012,test
r_00411,3,b_080,test
r_00411,3,b_069,test
r_00411,3,b_009,test
r_00411,3,b_068,test
r_00411,3,b_002,test
r_00411,3,b_062,test
r_00411,3,b_018,test
r_00411,3,b_055,test
r_00411,3,b_028,test
r_00411,3,b_004,test
r_00411,3,b_060,test
r_00411,3,b_036,test
r_00412,3,b_028,valid
r_00412,3,b_012,valid
r_00412,3,b_035,valid
r_00412,3,b_066,valid
r_00412,3,b_053,valid
r_00412,3,b_033,valid
r_00412,3,b_006,valid
r_00412,3,b_026,valid
r_00412,3,b_063,valid
r_00412,3,b_057,valid
r_00412,3,b_068,valid
r_00412,3,b_077,valid
r_00412,3,b_069,valid
r_00412,3,b_078,valid
r_00412,3,b_024,valid
r_00412,3,b_055,valid
r_00412,3,b_027,valid
r_00412,3,b_029,valid
r_00412,3,b_017,valid
r_00412,3,b_030,valid
r_00413,3,b_010,valid
r_00413,3,b_059,valid
r_00413,3,b_042,valid
r_00413,3,b_079,valid
r_00413,3,b_025,valid
r_00413,3,b_004,valid
r_00413,3,b_026,valid
r_00413,3,b_045,valid
r_00413,3,b_070,valid
r_00413,3,b_052,valid
r_00413,3,b_080,valid
r_00413,3,b_003,valid
r_00413,3,b_074,valid
r_00413,3,b_030,valid
r_00413,3,b_061,valid
r_00413,3,b_051,valid
r_00413,3,b_069,valid
r_00413,3,b_035,valid
r_00413,3,b_049,valid
r_00413,3,b_021,valid
r_00414,3,b_058,valid
r_00414,3,b_026,valid
r_00414,3,b_010,valid
r_00414,3,b_064,valid
r_00414,3,b_051,valid
r_00414,3,b_041,valid
r_00414,3,b_047,valid
r_00414,3,b_030,valid
r_00414,3,b_033,valid
r_00414,3,b_023,valid
r_00414,3,b_034,valid
r_00414,3,b_016,valid
r_00414,3,b_068,valid
r_00414,3,b_003,valid
r_00414,3,b_042,valid
r_00414,3,b_035,valid
r_00414,3,b_070,valid
r_00414,3,b_052,valid
r_00414,3,b_059,valid
r_00414,3,b_006,valid
r_00415,3,b_022,train
r_00415,3,b_055,train
r_00415,3,b_057,train
r_00415,3,b_003,train
r_00415,3,b_027,train
r_00415,3,b_046,train
r_00415,3,b_079,train
r_00415,3,b_037,train
r_00415,3,b_060,train
r_00415,3,b_080,train
r_00415,3,b_067,train
r_00415,3,b_042,train
r_00415,3,b_002,train
r_00415,3,b_010,train
r_00415,3,b_031,train
r_00415,3,b_017,train
r_00415,3,b_036,train
r_00415,3,b_053,train
r_00415,3,b_056,train
r_00415,3,b_039,train
r_00416,3,b_068,train
r_00416,3,b_042,train
r_00416,3,b_080,train
r_00416,3,b_061,train
r_00416,3,b_064,train
r_00416,3,b_056,train
r_00416,3,b_047,train
r_00416,3,b_040,train
r_00416,3,b_009,train
r_00416,3,b_011,train
r_00416,3,b_029,train
r_00416,3,b_034,train
r_00416,3,b_038,train
r_00416,3,b_050,train
r_00416,3,b_057,train
r_00416,3,b_014,train
r_00416,3,b_053,train
r_00416,3,b_059,train
r_00416,3,b_020,train
r_00416,3,b_015,train
r_00417,3,b_005,train
r_00417,3,b_014,train
r_00417,3,b_017,train
r_00417,3,b_043,train
r_00417,3,b_011,train
r_00417,3,b_079,train
r_00417,3,b_049,train
r_00417,3,b_066,train
r_00417,3,b_050,train
r_00417,3,b_061,train
r_00417,3,b_022,train
r_00417,3,b_016,train
r_00417,3,b_078,train
r_00417,3,b_028,train
r_00417,3,b_007,train
r_00417,3,b_040,train
r_00417,3,b_074,train
r_00417,3,b_077,train
r_00417,3,b_034,train
r_00417,3,b_006,train
r_00418,3,b_048,train
r_00418,3,b_004,train
r_00418,3,b_047,train
r_00418,3,b_063,train
r_00418,3,b_078,train
r_00418,3,b_019,train
r_00418,3,b_011,train
r_00418,3,b_029,train
r_00418,3,b_039,train
r_00418,3,b_055,train
r_00418,3,b_062,train
r_00418,3,b_010,train
r_00418,3,b_026,train
r_00418,3,b_035,train
r_00418,3,b_014,train
r_00418,3,b_037,train
r_00418,3,b_044,train
r_00418,3,b_030,train
r_00418,3,b_053,train
r_00418,3,b_066,train
r_00419,3,b_072,test
r_00419,3,b_003,test
r_00419,3,b_066,test
r_00419,3,b_008,test
r_00419,3,b_030,test
r_00419,3,b_080,test
r_00419,3,b_020,test
r_00419,3,b_034,test
r_00419,3,b_045,test
r_00419,3,b_025,test
r_00419,3,b_023,test
r_00419,3,b_068,test
r_00419,3,b_029,test
r_00419,3,b_048,test
r_00419,3,b_060,test
r_00419,3,b_013,test
r_00419,3,b_071,test
r_00419,3,b_018,test
r_00419,3,b_036,test
r_00419,3,b_073,test
r_00420,3,b_035,test
r_00420,3,b_009,test
r_00420,3,b_012,test
r_00420,3,b_079,test
r_00420,3,b_053,test
r_00420,3,b_055,test
r_00420,3,b_047,test
r_00420,3,b_065,test
r_00420,3,b_040,test
r_00420,3,b_021,test
r_00420,3,b_046,test
r_00420,3,b_058,test
r_00420,3,b_014,test
r_00420,3,b_059,test
r_00420,3,b_038,test
r_00420,3,b_063,test
r_00420,3,b_020,test
r_00420,3,b_019,test
r_00420,3,b_048,test
r_00420,3,b_022,test
r_00421,3,b_060,train
r_00421,3,b_016,train
r_00421,3,b_011,train
r_00421,3,b_053,train
r_00421,3,b_037,train
r_00421,3,b_079,train
r_00421,3,b_068,train
r_00421,3,b_042,train
r_00421,3,b_009,train
r_00421,3,b_067,train
r_00421,3,b_026,train
r_00421,3,b_039,train
r_00421,3,b_055,train
r_00421,3,b_019,train
r_00421,3,b_012,train
r_00421,3,b_040,train
r_00421,3,b_049,train
r_00421,3,b_025,train
r_00421,3,b_075,train
r_00421,3,b_080,train
r_00422,3,b_027,train
r_00422,3,b_063,train
r_00422,3,b_005,train
r_00422,3,b_026,train
r_00422,3,b_056,train
r_00422,3,b_078,train
r_00422,3,b_041,train
r_00422,3,b_067,train
r_00422,3,b_014,train
r_00422,3,b_051,train
r_00422,3,b_037,train
r_00422,3,b_053,train
r_00422,3,b_068,train
r_00422,3,b_062,train
r_00422,3,b_074,train
r_00422,3,b_079,train
r_00422,3,b_032,train
r_00422,3,b_075,train
r_00422,3,b_038,train
r_00422,3,b_060,train
r_00423,3,b_064,train
r_00423,3,b_056,train
r_00423,3,b_067,train
r_00423,3,b_077,train
r_00423,3,b_013,train
r_00423,3,b_025,train
r_00423,3,b_058,train
r_00423,3,b_053,train
r_00423,3,b_028,train
r_00423,3,b_051,train
r_00423,3,b_062,train
r_00423,3,b_050,train
r_00423,3,b_017,train
r_00423,3,b_003,train
r_00423,3,b_080,train
r_00423,3,b_060,train
r_00423,3,b_009,train
r_00423,3,b_078,train
r_00423,3,b_018,train
r_00423,3,b_010,train
r_00424,3,b_003,test
r_00424,3,b_039,test
r_00424,3,b_054,test
r_00424,3,b_051,test
r_00424,3,b_023,test
r_00424,3,b_067,test
r_00424,3,b_060,test
r_00424,3,b_035,test
r_00424,3,b_074,test
r_00424,3,b_010,test
r_00424,3,b_069,test
r_00424,3,b_030,test
r_00424,3,b_078,test
r_00424,3,b_037,test
r_00424,3,b_049,test
r_00424,3,b_025,test
r_00424,3,b_073,test
r_00424,3,b_062,test
r_00424,3,b_038,test
r_00424,3,b_048,test
r_00425,3,b_054,train
r_00425,3,b_012,train
r_00425,3,b_068,train
r_00425,3,b_016,train
r_00425,3,b_039,train
r_00425,3,b_033,train
r_00425,3,b_006,train
r_00425,3,b_028,train
r_00425,3,b_009,train
r_00425,3,b_048,train
r_00425,3,b_005,train
r_00425,3,b_074,train
r_00425,3,b_063,train
r_00425,3,b_043,train
r_00425,3,b_034,train
r_00425,3,b_007,train
r_00425,3,b_031,train
r_00425,3,b_051,train
r_00425,3,b_004,train
r_00425,3,b_047,train
r_00426,3,b_074,train
r_00426,3,b_015,train
r_00426,3,b_024,train
r_00426,3,b_007,train
r_00426,3,b_004,train
r_00426,3,b_031,train
r_00426,3,b_011,train
r_00426,3,b_049,train
r_00426,3,b_053,train
r_00426,3,b_037,train
r_00426,3,b_052,train
r_00426,3,b_080,train
r_00426,3,b_019,train
r_00426,3,b_075,train
r_00426,3,b_059,train
r_00426,3,b_050,train
r_00426,3,b_064,train
r_00426,3,b_077,train
r_00426,3,b_045,train
r_00426,3,b_027,train
r_00427,3,b_061,train
r_00427,3,b_070,train
r_00427,3,b_080,train
r_00427,3,b_016,train
r_00427,3,b_066,train
r_00427,3,b_023,train
r_00427,3,b_025,train
r_00427,3,b_043,train
r_00427,3,b_019,train
r_00427,3,b_012,train
r_00427,3,b_057,train
r_00427,3,b_032,train
r_00427,3,b_034,train
r_00427,3,b_075,train
r_00427,3,b_039,train
r_00427,3,b_046,train
r_00427,3,b_047,train
r_00427,3,b_026,train
r_00427,3,b_015,train
r_00427,3,b_033,train
r_00428,3,b_038,train
r_00428,3,b_004,train
r_00428,3,b_071,train
r_00428,3,b_067,train
r_00428,3,b_026,train
r_00428,3,b_078,train
r_00428,3,b_060,train
r_00428,3,b_059,train
r_00428,3,b_054,train
r_00428,3,b_007,train
r_00428,3,b_036,train
r_00428,3,b_065,train
r_00428,3,b_079,train
r_00428,3,b_018,train
r_00428,3,b_053,train
r_00428,3,b_066,train
r_00428,3,b_016,train
r_00428,3,b_080,train
r_00428,3,b_017,train
r_00428,3,b_035,train
r_00429,3,b_004,test
r_00429,3,b_077,test
r_00429,3,b_023,test
r_00429,3,b_064,test
r_00429,3,b_080,test
r_00429,3,b_067,test
r_00429,3,b_006,test
r_00429,3,b_060,test
r_00429,3,b_027,test
r_00429,3,b_055,test
r_00429,3,b_009,test
r_00429,3,b_013,test
r_00429,3,b_062,test
r_00429,3,b_065,test
r_00429,3,b_054,test
r_00429,3,b_036,test
r_00429,3,b_034,test
r_00429,3,b_072,test
r_00429,3,b_029,test
r_00429,3,b_063,test
r_00430,3,b_001,valid
r_00430,3,b_020,valid
r_00430,3,b_026,valid
r_00430,3,b_032,valid
r_00430,3,b_073,valid
r_00430,3,b_064,valid
r_00430,3,b_008,valid
r_00430,3,b_044,valid
r_00430,3,b_018,valid
r_00430,3,b_023,valid
r_00430,3,b_069,valid
r_00430,3,b_016,valid
r_00430,3,b_014,valid
r_00430,3,b_055,valid
r_00430,3,b_050,valid
r_00430,3,b_053,valid
r_00430,3,b_030,valid
r_00430,3,b_070,valid
r_00430,3,b_037,valid
r_00430,3,b_042,valid
r_00431,3,b_016,train
r_00431,3,b_063,train
r_00431,3,b_068,train
r_00431,3,b_059,train
r_00431,3,b_062,train
r_00431,3,b_017,train
r_00431,3,b_013,train
r_00431,3,b_042,train
r_00431,3,b_043,train
r_00431,3,b_079,train
r_00431,3,b_020,train
r_00431,3,b_002,train
r_00431,3,b_073,train
r_00431,3,b_011,train
r_00431,3,b_045,train
r_00431,3,b_054,train
r_00431,3,b_018,train
r_00431,3,b_012,train
r_00431,3,b_014,train
r_00431,3,b_010,train
r_00432,3,b_053,test
r_00432,3,b_031,test
r_00432,3,b_037,test
r_00432,3,b_036,test
r_00432,3,b_061,test
r_00432,3,b_032,test
r_00432,3,b_048,test
r_00432,3,b_006,test
r_00432,3,b_020,test
r_00432,3,b_028,test
r_00432,3,b_080,test
r_00432,3,b_038,test
r_00432,3,b_003,test
r_00432,3,b_044,test
r_00432,3,b_067,test
r_00432,3,b_062,test
r_00432,3,b_019,test
r_00432,3,b_011,test
r_00432,3,b_049,test
r_00432,3,b_022,test
r_00433,3,b_005,train
r_00433,3,b_065,train
r_00433,3,b_036,train
r_00433,3,b_010,train
r_00433,3,b_023,train
r_00433,3,b_022,train
r_00433,3,b_044,train
r_00433,3,b_026,train
r_00433,3,b_050,train
r_00433,3,b_052,train
r_00433,3,b_030,train
r_00433,3,b_039,train
r_00433,3,b_047,train
r_00433,3,b_029,train
r_00433,3,b_059,train
r_00433,3,b_064,train
r_00433,3,b_008,train
r_00433,3,b_016,train
r_00433,3,b_076,train
r_00433,3,b_068,train
r_00434,3,b_015,train
r_00434,3,b_035,train
r_00434,3,b_060,train
r_00434,3,b_046,train
r_00434,3,b_070,train
r_00434,3,b_074,train
r_00434,3,b_078,train
r_00434,3,b_012,train
r_00434,3,b_009,train
r_00434,3,b_062,train
r_00434,3,b_072,train
r_00434,3,b_031,train
r_00434,3,b_048,train
r_00434,3,b_050,train
r_00434,3,b_001,train
r_00434,3,b_007,train
r_00434,3,b_036,train
r_00434,3,b_065,train
r_00434,3,b_021,train
r_00434,3,b_044,train
r_00435,3,b_017,train
r_00435,3,b_074,train
r_00435,3,b_027,train
r_00435,3,b_033,train
r_00435,3,b_060,train
r_00435,3,b_038,train
r_00435,3,b_041,train
r_00435,3,b_051,train
r_00435,3,b_005,train
r_00435,3,b_013,train
r_00435,3,b_012,train
r_00435,3,b_045,train
r_00435,3,b_066,train
r_00435,3,b_015,train
r_00435,3,b_049,train
r_00435,3,b_077,train
r_00435,3,b_065,train
r_00435,3,b_071,train
r_00435,3,b_025,train
r_00435,3,b_011,train
r_00436,3,b_040,train
r_00436,3,b_049,train
r_00436,3,b_047,train
r_00436,3,b_026,train
r_00436,3,b_010,train
r_00436,3,b_055,train
r_00436,3,b_028,train
r_00436,3,b_023,train
r_00436,3,b_043,train
r_00436,3,b_019,train
r_00436,3,b_058,train
r_00436,3,b_033,train
r_00436,3,b_014,train
r_00436,3,b_020,train
r_00436,3,b_034,train
r_00436,3,b_045,train
r_00436,3,b_024,train
r_00436,3,b_036,train
r_00436,3,b_068,train
r_00436,3,b_011,train
r_00437,3,b_005,train
r_00437,3,b_026,train
r_00437,3,b_025,train
r_00437,3,b_047,train
r_00437,3,b_057,train
r_00437,3,b_034,train
r_00437,3,b_074,train
r_00437,3,b_048,train
r_00437,3,b_031,train
r_00437,3,b_030,train
r_00437,3,b_056,train
r_00437,3,b_028,train
r_00437,3,b_076,train
r_00437,3,b_043,train
r_00437,3,b_055,train
r_00437,3,b_029,train
r_00437,3,b_052,train
r_00437,3,b_051,train
r_00437,3,b_001,train
r_00437,3,b_016,train
r_00438,3,b_060,test
r_00438,3,b_047,test
r_00438,3,b_061,test
r_00438,3,b_039,test
r_00438,3,b_079,test
r_00438,3,b_020,test
r_00438,3,b_069,test
r_00438,3,b_027,test
r_00438,3,b_034,test
r_00438,3,b_076,test
r_00438,3,b_010,test
r_00438,3,b_037,test
r_00438,3,b_063,test
r_00438,3,b_068,test
r_00438,3,b_018,test
r_00438,3,b_065,test
r_00438,3,b_053,test
r_00438,3,b_048,test
r_00438,3,b_035,test
r_00438,3,b_057,test
r_00439,3,b_039,train
r_00439,3,b_010,train
r_00439,3,b_019,train
r_00439,3,b_075,train
r_00439,3,b_016,train
r_00439,3,b_026,train
r_00439,3,b_070,train
r_00439,3,b_002,train
r_00439,3,b_035,train
r_00439,3,b_030,train
r_00439,3,b_006,train
r_00439,3,b_066,train
r_00439,3,b_077,train
r_00439,3,b_072,train
r_00439,3,b_028,train
r_00439,3,b_012,train
r_00439,3,b_005,train
r_00439,3,b_079,train
r_00439,3,b_073,train
r_00439,3,b_009,train
r_00440,3,b_044,train
r_00440,3,b_072,train
r_00440,3,b_067,train
r_00440,3,b_042,train
r_00440,3,b_073,train
r_00440,3,b_007,train
r_00440,3,b_054,train
r_00440,3,b_012,train
r_00440,3,b_063,train
r_00440,3,b_046,train
r_00440,3,b_002,train
r_00440,3,b_033,train
r_00440,3,b_035,train
r_00440,3,b_064,train
r_00440,3,b_031,train
r_00440,3,b_075,train
r_00440,3,b_030,train
r_00440,3,b_051,train
r_00440,3,b_080,train
r_00440,3,b_019,train
r_00441,3,b_066,test
r_00441,3,b_036,test
r_00441,3,b_040,test
r_00441,3,b_067,test
r_00441,3,b_009,test
r_00441,3,b_046,test
r_00441,3,b_068,test
r_00441,3,b_031,test
r_00441,3,b_013,test
r_00441,3,b_045,test
r_00441,3,b_019,test
r_00441,3,b_002,test
r_00441,3,b_048,test
r_00441,3,b_072,test
r_00441,3,b_070,test
r_00441,3,b_069,test
r_00441,3,b_063,test
r_00441,3,b_037,test
r_00441,3,b_077,test
r_00441,3,b_003,test
r_00442,3,b_068,train
r_00442,3,b_074,train
r_00442,3,b_062,train
r_00442,3,b_005,train
r_00442,3,b_076,train
r_00442,3,b_008,train
r_00442,3,b_037,train
r_00442,3,b_054,train
r_00442,3,b_012,train
r_00442,3,b_075,train
r_00442,3,b_004,train
r_00442,3,b_013,train
r_00442,3,b_079,train
r_00442,3,b_064,train
r_00442,3,b_069,train
r_00442,3,b_009,train
r_00442,3,b_063,train
r_00442,3,b_010,train
r_00442,3,b_072,train
r_00442,3,b_018,train
r_00443,3,b_053,train
r_00443,3,b_048,train
r_00443,3,b_049,train
r_00443,3,b_015,train
r_00443,3,b_020,train
r_00443,3,b_069,train
r_00443,3,b_068,train
r_00443,3,b_007,train
r_00443,3,b_034,train
r_00443,3,b_052,train
r_00443,3,b_001,train
r_00443,3,b_061,train
r_00443,3,b_029,train
r_00443,3,b_037,train
r_00443,3,b_062,train
r_00443,3,b_041,train
r_00443,3,b_004,train
r_00443,3,b_080,train
r_00443,3,b_046,train
r_00443,3,b_027,train
r_00444,3,b_041,valid
r_00444,3,b_022,valid
r_00444,3,b_042,valid
r_00444,3,b_004,valid
r_00444,3,b_031,valid
r_00444,3,b_039,valid
r_00444,3,b_044,valid
r_00444,3,b_015,valid
r_00444,3,b_026,valid
r_00444,3,b_068,valid
r_00444,3,b_075,valid
r_00444,3,b_065,valid
r_00444,3,b_021,valid
r_00444,3,b_054,valid
r_00444,3,b_018,valid
r_00444,3,b_060,valid
r_00444,3,b_027,valid
r_00444,3,b_058,valid
r_00444,3,b_034,valid
r_00444,3,b_013,valid
r_00445,3,b_014,train
r_00445,3,b_032,train
r_00445,3,b_059,train
r_00445,3,b_027,train
r_00445,3,b_034,train
r_00445,3,b_050,train
r_00445,3,b_058,train
r_00445,3,b_026,train
r_00445,3,b_039,train
r_00445,3,b_047,train
r_00445,3,b_028,train
r_00445,3,b_057,train
r_00445,3,b_080,train
r_00445,3,b_061,train
r_00445,3,b_003,train
r_00445,3,b_070,train
r_00445,3,b_066,train
r_00445,3,b_051,train
r_00445,3,b_056,train
r_00445,3,b_073,train
r_00446,3,b_024,train
r_00446,3,b_038,train
r_00446,3,b_030,train
r_00446,3,b_004,train
r_00446,3,b_018,train
r_00446,3,b_049,train
r_00446,3,b_015,train
r_00446,3,b_056,train
r_00446,3,b_079,train
r_00446,3,b_041,train
r_00446,3,b_068,train
r_00446,3,b_058,train
r_00446,3,b_053,train
r_00446,3,b_063,train
r_00446,3,b_048,train
r_00446,3,b_052,train
r_00446,3,b_044,train
r_00446,3,b_075,train
r_00446,3,b_059,train
r_00446,3,b_032,train
r_00447,3,b_005,train
r_00447,3,b_001,train
r_00447,3,b_065,train
r_00447,3,b_021,train
r_00447,3,b_038,train
r_00447,3,b_061,train
r_00447,3,b_052,train
r_00447,3,b_048,train
r_00447,3,b_049,train
r_00447,3,b_003,train
r_00447,3,b_028,train
r_00447,3,b_006,train
r_00447,3,b_007,train
r_00447,3,b_023,train
r_00447,3,b_053,train
r_00447,3,b_051,train
r_00447,3,b_019,train
r_00447,3,b_033,train
r_00447,3,b_045,train
r_00447,3,b_080,train
r_00448,3,b_060,test
r_00448,3,b_015,test
r_00448,3,b_045,test
r_00448,3,b_012,test
r_00448,3,b_024,test
r_00448,3,b_033,test
r_00448,3,b_005,test
r_00448,3,b_048,test
r_00448,3,b_006,test
r_00448,3,b_007,test
r_00448,3,b_032,test
r_00448,3,b_066,test
r_00448,3,b_028,test
r_00448,3,b_019,test
r_00448,3,b_044,test
r_00448,3,b_058,test
r_00448,3,b_061,test
r_00448,3,b_077,test
r_00448,3,b_080,test
r_00448,3,b_052,test
r_00449,3,b_063,test
r_00449,3,b_038,test
r_00449,3,b_025,test
r_00449,3,b_007,test
r_00449,3,b_026,test
r_00449,3,b_065,test
r_00449,3,b_053,test
r_00449,3,b_070,test
r_00449,3,b_072,test
r_00449,3,b_077,test
r_00449,3,b_056,test
r_00449,3,b_017,test
r_00449,3,b_080,test
r_00449,3,b_021,test
r_00449,3,b_060,test
r_00449,3,b_046,test
r_00449,3,b_041,test
r_00449,3,b_009,test
r_00449,3,b_058,test
r_00449,3,b_029,test
r_00450,3,b_068,valid
r_00450,3,b_053,valid
r_00450,3,b_017,valid
r_00450,3,b_023,valid
r_00450,3,b_038,valid
r_00450,3,b_067,valid
r_00450,3,b_033,valid
r_00450,3,b_040,valid
r_00450,3,b_065,valid
r_00450,3,b_019,valid
r_00450,3,b_003,valid
r_00450,3,b_027,valid
r_00450,3,b_079,valid
r_00450,3,b_051,valid
r_00450,3,b_034,valid
r_00450,3,b_022,valid
r_00450,3,b_039,valid
r_00450,3,b_020,valid
r_00450,3,b_069,valid
r_00450,3,b_070,valid
r_00451,3,b_009,train
r_00451,3,b_064,train
r_00451,3,b_050,train
r_00451,3,b_002,train
r_00451,3,b_066,train
r_00451,3,b_015,train
r_00451,3,b_026,train
r_00451,3,b_069,train
r_00451,3,b_007,train
r_00451,3,b_041,train
r_00451,3,b_012,train
r_00451,3,b_048,train
r_00451,3,b_072,train
r_00451,3,b_067,train
r_00451,3,b_054,train
r_00451,3,b_032,train
r_00451,3,b_004,train
r_00451,3,b_058,train
r_00451,3,b_001,train
r_00451,3,b_059,train
r_00452,3,b_009,train
r_00452,3,b_059,train
r_00452,3,b_066,train
r_00452,3,b_064,train
r_00452,3,b_067,train
r_00452,3,b_013,train
r_00452,3,b_056,train
r_00452,3,b_031,train
r_00452,3,b_025,train
r_00452,3,b_030,train
r_00452,3,b_065,train
r_00452,3,b_070,train
r_00452,3,b_043,train
r_00452,3,b_074,train
r_00452,3,b_062,train
r_00452,3,b_050,train
r_00452,3,b_075,train
r_00452,3,b_044,train
r_00452,3,b_046,train
r_00452,3,b_023,train
r_00453,3,b_028,train
r_00453,3,b_036,train
r_00453,3,b_015,train
r_00453,3,b_044,train
r_00453,3,b_009,train
r_00453,3,b_049,train
r_00453,3,b_056,train
r_00453,3,b_032,train
r_00453,3,b_010,train
r_00453,3,b_022,train
r_00453,3,b_061,train
r_00453,3,b_011,train
r_00453,3,b_002,train
r_00453,3,b_023,train
r_00453,3,b_034,train
r_00453,3,b_068,train
r_00453,3,b_031,train
r_00453,3,b_057,train
r_00453,3,b_035,train
r_00453,3,b_033,train
r_00454,3,b_080,valid
r_00454,3,b_069,valid
r_00454,3,b_047,valid
r_00454,3,b_052,valid
r_00454,3,b_046,valid
r_00454,3,b_038,valid
r_00454,3,b_074,valid
r_00454,3,b_054,valid
r_00454,3,b_021,valid
r_00454,3,b_008,valid
r_00454,3,b_027,valid
r_00454,3,b_020,valid
r_00454,3,b_055,valid
r_00454,3,b_005,valid
r_00454,3,b_018,valid
r_00454,3,b_073,valid
r_00454,3,b_032,valid
r_00454,3,b_039,valid
r_00454,3,b_066,valid
r_00454,3,b_007,valid
r_00455,3,b_013,train
r_00455,3,b_014,train
r_00455,3,b_074,train
r_00455,3,b_021,train
r_00455,3,b_049,train
r_00455,3,b_079,train
r_00455,3,b_057,train
r_00455,3,b_061,train
r_00455,3,b_055,train
r_00455,3,b_064,train
r_00455,3,b_025,train
r_00455,3,b_048,train
r_00455,3,b_044,train
r_00455,3,b_071,train
r_00455,3,b_016,train
r_00455,3,b_023,train
r_00455,3,b_067,train
r_00455,3,b_027,train
r_00455,3,b_038,train
r_00455,3,b_045,train
r_00456,3,b_016,train
r_00456,3,b_055,train
r_00456,3,b_052,train
r_00456,3,b_041,train
r_00456,3,b_036,train
r_00456,3,b_026,train
r_00456,3,b_020,train
r_00456,3,b_004,train
r_00456,3,b_019,train
r_00456,3,b_030,train
r_00456,3,b_003,train
r_00456,3,b_046,train
r_00456,3,b_080,train
r_00456,3,b_048,train
r_00456,3,b_008,train
r_00456,3,b_070,train
r_00456,3,b_074,train
r_00456,3,b_018,train
r_00456,3,b_053,train
r_00456,3,b_079,train
r_00457,3,b_001,train
r_00457,3,b_058,train
r_00457,3,b_008,train
r_00457,3,b_062,train
r_00457,3,b_032,train
r_00457,3,b_016,train
r_00457,3,b_034,train
r_00457,3,b_011,train
r_00457,3,b_080,train
r_00457,3,b_076,train
r_00457,3,b_003,train
r_00457,3,b_049,train
r_00457,3,b_069,train
r_00457,3,b_079,train
r_00457,3,b_020,train
r_00457,3,b_013,train
r_00457,3,b_031,train
r_00457,3,b_035,train
r_00457,3,b_064,train
r_00457,3,b_073,train
r_00458,3,b_074,test
r_00458,3,b_027,test
r_00458,3,b_023,test
r_00458,3,b_011,test
r_00458,3,b_042,test
r_00458,3,b_050,test
r_00458,3,b_018,test
r_00458,3,b_015,test
r_00458,3,b_077,test
r_00458,3,b_010,test
r_00458,3,b_078,test
r_00458,3,b_040,test
r_00458,3,b_067,test
r_00458,3,b_064,test
r_00458,3,b_030,test
r_00458,3,b_072,test
r_00458,3,b_021,test
r_00458,3,b_007,test
r_00458,3,b_001,test
r_00458,3,b_013,test
r_00459,3,b_033,test
r_00459,3,b_013,test
r_00459,3,b_001,test
r_00459,3,b_053,test
r_00459,3,b_030,test
r_00459,3,b_077,test
r_00459,3,b_075,test
r_00459,3,b_011,test
r_00459,3,b_068,test
r_00459,3,b_073,test
r_00459,3,b_040,test
r_00459,3,b_072,test
r_00459,3,b_051,test
r_00459,3,b_048,test
r_00459,3,b_050,test
r_00459,3,b_024,test
r_00459,3,b_038,test
r_00459,3,b_039,test
r_00459,3,b_014,test
r_00459,3,b_006,test
r_00460,3,b_018,test
r_00460,3,b_080,test
r_00460,3,b_064,test
r_00460,3,b_076,test
r_00460,3,b_048,test
r_00460,3,b_044,test
r_00460,3,b_053,test
r_00460,3,b_067,test
r_00460,3,b_056,test
r_00460,3,b_051,test
r_00460,3,b_027,test
r_00460,3,b_047,test
r_00460,3,b_008,test
r_00460,3,b_021,test
r_00460,3,b_013,test
r_00460,3,b_003,test
r_00460,3,b_045,test
r_00460,3,b_070,test
r_00460,3,b_001,test
r_00460,3,b_072,test
r_00461,3,b_005,train
r_00461,3,b_061,train
r_00461,3,b_019,train
r_00461,3,b_060,train
r_00461,3,b_032,train
r_00461,3,b_016,train
r_00461,3,b_014,train
r_00461,3,b_004,train
r_00461,3,b_077,train
r_00461,3,b_063,train
r_00461,3,b_054,train
r_00461,3,b_035,train
r_00461,3,b_023,train
r_00461,3,b_044,train
r_00461,3,b_029,train
r_00461,3,b_076,train
r_00461,3,b_011,train
r_00461,3,b_056,train
r_00461,3,b_021,train
r_00461,3,b_010,train
r_00462,3,b_052,valid
r_00462,3,b_026,valid
r_00462,3,b_040,valid
r_00462,3,b_066,valid
r_00462,3,b_056,valid
r_00462,3,b_018,valid
r_00462,3,b_024,valid
r_00462,3,b_001,valid
r_00462,3,b_053,valid
r_00462,3,b_049,valid
r_00462,3,b_069,valid
r_00462,3,b_007,valid
r_00462,3,b_043,valid
r_00462,3,b_005,valid
r_00462,3,b_075,valid
r_00462,3,b_028,valid
r_00462,3,b_077,valid
r_00462,3,b_079,valid
r_00462,3,b_071,valid
r_00462,3,b_059,valid
r_00463,3,b_079,test
r_00463,3,b_011,test
r_00463,3,b_070,test
r_00463,3,b_059,test
r_00463,3,b_074,test
r_00463,3,b_022,test
r_00463,3,b_047,test
r_00463,3,b_024,test
r_00463,3,b_046,test
r_00463,3,b_072,test
r_00463,3,b_075,test
r_00463,3,b_035,test
r_00463,3,b_025,test
r_00463,3,b_017,test
r_00463,3,b_054,test
r_00463,3,b_021,test
r_00463,3,b_031,test
r_00463,3,b_058,test
r_00463,3,b_057,test
r_00463,3,b_004,test
r_00464,3,b_066,test
r_00464,3,b_038,test
r_00464,3,b_031,test
r_00464,3,b_025,test
r_00464,3,b_007,test
r_00464,3,b_022,test
r_00464,3,b_059,test
r_00464,3,b_027,test
r_00464,3,b_018,test
r_00464,3,b_055,test
r_00464,3,b_078,test
r_00464,3,b_054,test
r_00464,3,b_072,test
r_00464,3,b_052,test
r_00464,3,b_032,test
r_00464,3,b_001,test
r_00464,3,b_057,test
r_00464,3,b_012,test
r_00464,3,b_080,test
r_00464,3,b_051,test
r_00465,3,b_009,test
r_00465,3,b_017,test
r_00465,3,b_012,test
r_00465,3,b_073,test
r_00465,3,b_039,test
r_00465,3,b_059,test
r_00465,3,b_046,test
r_00465,3,b_069,test
r_00465,3,b_048,test
r_00465,3,b_055,test
r_00465,3,b_075,test
r_00465,3,b_023,test
r_00465,3,b_072,test
r_00465,3,b_005,test
r_00465,3,b_043,test
r_00465,3,b_035,test
r_00465,3,b_024,test
r_00465,3,b_018,test
r_00465,3,b_065,test
r_00465,3,b_031,test
r_00466,3,b_079,train
r_00466,3,b_023,train
r_00466,3,b_070,train
r_00466,3,b_047,train
r_00466,3,b_073,train
r_00466,3,b_069,train
r_00466,3,b_009,train
r_00466,3,b_031,train
r_00466,3,b_006,train
r_00466,3,b_046,train
r_00466,3,b_030,train
r_00466,3,b_014,train
r_00466,3,b_034,train
r_00466,3,b_063,train
r_00466,3,b_027,train
r_00466,3,b_067,train
r_00466,3,b_003,train
r_00466,3,b_025,train
r_00466,3,b_028,train
r_00466,3,b_021,train
r_00467,3,b_073,train
r_00467,3,b_020,train
r_00467,3,b_013,train
r_00467,3,b_006,train
r_00467,3,b_037,train
r_00467,3,b_009,train
r_00467,3,b_045,train
r_00467,3,b_024,train
r_00467,3,b_060,train
r_00467,3,b_010,train
r_00467,3,b_018,train
r_00467,3,b_066,train
r_00467,3,b_001,train
r_00467,3,b_034,train
r_00467,3,b_038,train
r_00467,3,b_016,train
r_00467,3,b_032,train
r_00467,3,b_074,train
r_00467,3,b_017,train
r_00467,3,b_068,train
r_00468,3,b_075,train
r_00468,3,b_069,train
r_00468,3,b_038,train
r_00468,3,b_019,train
r_00468,3,b_056,train
r_00468,3,b_030,train
r_00468,3,b_058,train
r_00468,3,b_002,train
r_00468,3,b_077,train
r_00468,3,b_034,train
r_00468,3,b_041,train
r_00468,3,b_006,train
r_00468,3,b_070,train
r_00468,3,b_024,train
r_00468,3,b_051,train
r_00468,3,b_053,train
r_00468,3,b_055,train
r_00468,3,b_061,train
r_00468,3,b_054,train
r_00468,3,b_046,train
r_00469,3,b_049,train
r_00469,3,b_032,train
r_00469,3,b_036,train
r_00469,3,b_016,train
r_00469,3,b_074,train
r_00469,3,b_070,train
r_00469,3,b_023,train
r_00469,3,b_006,train
r_00469,3,b_021,train
r_00469,3,b_013,train
r_00469,3,b_004,train
r_00469,3,b_072,train
r_00469,3,b_056,train
r_00469,3,b_005,train
r_00469,3,b_019,train
r_00469,3,b_007,train
r_00469,3,b_046,train
r_00469,3,b_026,train
r_00469,3,b_061,train
r_00469,3,b_073,train
r_00470,3,b_065,train
r_00470,3,b_024,train
r_00470,3,b_008,train
r_00470,3,b_031,train
r_00470,3,b_050,train
r_00470,3,b_061,train
r_00470,3,b_039,train
r_00470,3,b_069,train
r_00470,3,b_037,train
r_00470,3,b_046,train
r_00470,3,b_025,train
r_00470,3,b_080,train
r_00470,3,b_076,train
r_00470,3,b_057,train
r_00470,3,b_018,train
r_00470,3,b_051,train
r_00470,3,b_071,train
r_00470,3,b_049,train
r_00470,3,b_028,train
r_00470,3,b_075,train
r_00471,3,b_061,test
r_00471,3,b_030,test
r_00471,3,b_042,test
r_00471,3,b_041,test
r_00471,3,b_023,test
r_00471,3,b_007,test
r_00471,3,b_028,test
r_00471,3,b_003,test
r_00471,3,b_056,test
r_00471,3,b_068,test
r_00471,3,b_058,test
r_00471,3,b_004,test
r_00471,3,b_060,test
r_00471,3,b_026,test
r_00471,3,b_035,test
r_00471,3,b_050,test
r_00471,3,b_059,test
r_00471,3,b_005,test
r_00471,3,b_027,test
r_00471,3,b_046,test
r_00472,3,b_031,train
r_00472,3,b_033,train
r_00472,3,b_013,train
r_00472,3,b_034,train
r_00472,3,b_074,train
r_00472,3,b_061,train
r_00472,3,b_028,train
r_00472,3,b_039,train
r_00472,3,b_008,train
r_00472,3,b_063,train
r_00472,3,b_054,train
r_00472,3,b_073,train
r_00472,3,b_067,train
r_00472,3,b_049,train
r_00472,3,b_076,train
r_00472,3,b_026,train
r_00472,3,b_080,train
r_00472,3,b_062,train
r_00472,3,b_050,train
r_00472,3,b_012,train
r_00473,3,b_007,train
r_00473,3,b_036,train
r_00473,3,b_047,train
r_00473,3,b_001,train
r_00473,3,b_038,train
r_00473,3,b_046,train
r_00473,3,b_044,train
r_00473,3,b_053,train
r_00473,3,b_067,train
r_00473,3,b_012,train
r_00473,3,b_049,train
r_00473,3,b_010,train
r_00473,3,b_078,train
r_00473,3,b_066,train
r_00473,3,b_003,train
r_00473,3,b_055,train
r_00473,3,b_027,train
r_00473,3,b_071,train
r_00473,3,b_075,train
r_00473,3,b_009,train
r_00474,3,b_080,test
r_00474,3,b_062,test
r_00474,3,b_008,test
r_00474,3,b_020,test
r_00474,3,b_052,test
r_00474,3,b_023,test
r_00474,3,b_022,test
r_00474,3,b_078,test
r_00474,3,b_029,test
r_00474,3,b_040,test
r_00474,3,b_049,test
r_00474,3,b_074,test
r_00474,3,b_012,test
r_00474,3,b_027,test
r_00474,3,b_046,test
r_00474,3,b_036,test
r_00474,3,b_014,test
r_00474,3,b_065,test
r_00474,3,b_011,test
r_00474,3,b_079,test
r_00475,3,b_071,train
r_00475,3,b_014,train
r_00475,3,b_063,train
r_00475,3,b_010,train
r_00475,3,b_051,train
r_00475,3,b_068,train
r_00475,3,b_049,train
r_00475,3,b_052,train
r_00475,3,b_031,train
r_00475,3,b_018,train
r_00475,3,b_034,train
r_00475,3,b_072,train
r_00475,3,b_045,train
r_00475,3,b_025,train
r_00475,3,b_043,train
r_00475,3,b_069,train
r_00475,3,b_055,train
r_00475,3,b_038,train
r_00475,3,b_062,train
r_00475,3,b_057,train
r_00476,3,b_051,train
r_00476,3,b_050,train
r_00476,3,b_008,train
r_00476,3,b_023,train
r_00476,3,b_049,train
r_00476,3,b_065,train
r_00476,3,b_012,train
r_00476,3,b_018,train
r_00476,3,b_069,train
r_00476,3,b_053,train
r_00476,3,b_046,train
r_00476,3,b_080,train
r_00476,3,b_032,train
r_00476,3,b_003,train
r_00476,3,b_017,train
r_00476,3,b_005,train
r_00476,3,b_022,train
r_00476,3,b_072,train
r_00476,3,b_044,train
r_00476,3,b_048,train
r_00477,3,b_027,test
r_00477,3,b_036,test
r_00477,3,b_024,test
r_00477,3,b_064,test
r_00477,3,b_011,test
r_00477,3,b_010,test
r_00477,3,b_057,test
r_00477,3,b_078,test
r_00477,3,b_049,test
r_00477,3,b_016,test
r_00477,3,b_032,test
r_00477,3,b_070,test
r_00477,3,b_053,test
r_00477,3,b_065,test
r_00477,3,b_012,test
r_00477,3,b_015,test
r_00477,3,b_029,test
r_00477,3,b_009,test
r_00477,3,b_058,test
r_00477,3,b_055,test
r_00478,3,b_017,train
r_00478,3,b_065,train
r_00478,3,b_051,train
r_00478,3,b_036,train
r_00478,3,b_013,train
r_00478,3,b_041,train
r_00478,3,b_008,train
r_00478,3,b_079,train
r_00478,3,b_070,train
r_00478,3,b_020,train
r_00478,3,b_073,train
r_00478,3,b_022,train
r_00478,3,b_023,train
r_00478,3,b_015,train
r_00478,3,b_078,train
r_00478,3,b_030,train
r_00478,3,b_039,train
r_00478,3,b_072,train
r_00478,3,b_037,train
r_00478,3,b_076,train
r_00479,3,b_010,train
r_00479,3,b_013,train
r_00479,3,b_051,train
r_00479,3,b_046,train
r_00479,3,b_059,train
r_00479,3,b_069,train
r_00479,3,b_011,train
r_00479,3,b_054,train
r_00479,3,b_031,train
r_00479,3,b_053,train
r_00479,3,b_017,train
r_00479,3,b_045,train
r_00479,3,b_063,train
r_00479,3,b_047,train
r_00479,3,b_025,train
r_00479,3,b_058,train
r_00479,3,b_038,train
r_00479,3,b_028,train
r_00479,3,b_075,train
r_00479,3,b_076,train
r_00480,3,b_014,train
r_00480,3,b_049,train
r_00480,3,b_080,train
r_00480,3,b_041,train
r_00480,3,b_038,train
r_00480,3,b_066,train
r_00480,3,b_073,train
r_00480,3,b_002,train
r_00480,3,b_054,train
r_00480,3,b_067,train
r_00480,3,b_069,train
r_00480,3,b_043,train
r_00480,3,b_011,train
r_00480,3,b_023,train
r_00480,3,b_039,train
r_00480,3,b_062,train
r_00480,3,b_046,train
r_00480,3,b_012,train
r_00480,3,b_007,train
r_00480,3,b_071,train
r_00481,3,b_001,train
r_00481,3,b_007,train
r_00481,3,b_009,train
r_00481,3,b_051,train
r_00481,3,b_041,train
r_00481,3,b_059,train
r_00481,3,b_016,train
r_00481,3,b_020,train
r_00481,3,b_078,train
r_00481,3,b_069,train
r_00481,3,b_021,train
r_00481,3,b_070,train
r_00481,3,b_026,train
r_00481,3,b_054,train
r_00481,3,b_045,train
r_00481,3,b_029,train
r_00481,3,b_077,train
r_00481,3,b_046,train
r_00481,3,b_036,train
r_00481,3,b_067,train
r_00482,3,b_017,test
r_00482,3,b_062,test
r_00482,3,b_035,test
r_00482,3,b_032,test
r_00482,3,b_011,test
r_00482,3,b_078,test
r_00482,3,b_023,test
r_00482,3,b_002,test
r_00482,3,b_068,test
r_00482,3,b_072,test
r_00482,3,b_061,test
r_00482,3,b_052,test
r_00482,3,b_054,test
r_00482,3,b_012,test
r_00482,3,b_036,test
r_00482,3,b_026,test
r_00482,3,b_004,test
r_00482,3,b_020,test
r_00482,3,b_038,test
r_00482,3,b_009,test
r_00483,3,b_001,valid
r_00483,3,b_024,valid
r_00483,3,b_017,valid
r_00483,3,b_032,valid
r_00483,3,b_056,valid
r_00483,3,b_028,valid
r_00483,3,b_060,valid
r_00483,3,b_080,valid
r_00483,3,b_070,valid
r_00483,3,b_008,valid
r_00483,3,b_044,valid
r_00483,3,b_077,valid
r_00483,3,b_004,valid
r_00483,3,b_021,valid
r_00483,3,b_049,valid
r_00483,3,b_078,valid
r_00483,3,b_066,valid
r_00483,3,b_005,valid
r_00483,3,b_057,valid
r_00483,3,b_003,valid
r_00484,3,b_001,train
r_00484,3,b_011,train
r_00484,3,b_008,train
r_00484,3,b_080,train
r_00484,3,b_006,train
r_00484,3,b_045,train
r_00484,3,b_065,train
r_00484,3,b_037,train
r_00484,3,b_024,train
r_00484,3,b_044,train
r_00484,3,b_072,train
r_00484,3,b_033,train
r_00484,3,b_017,train
r_00484,3,b_055,train
r_00484,3,b_034,train
r_00484,3,b_049,train
r_00484,3,b_004,train
r_00484,3,b_014,train
r_00484,3,b_056,train
r_00484,3,b_068,train
r_00485,3,b_029,train
r_00485,3,b_080,train
r_00485,3,b_033,train
r_00485,3,b_053,train
r_00485,3,b_061,train
r_00485,3,b_037,train
r_00485,3,b_048,train
r_00485,3,b_006,train
r_00485,3,b_069,train
r_00485,3,b_013,train
r_00485,3,b_017,train
r_00485,3,b_028,train
r_00485,3,b_072,train
r_00485,3,b_011,train
r_00485,3,b_042,train
r_00485,3,b_020,train
r_00485,3,b_025,train
r_00485,3,b_065,train
r_00485,3,b_016,train
r_00485,3,b_073,train
r_00486,3,b_001,train
r_00486,3,b_048,train
r_00486,3,b_008,train
r_00486,3,b_032,train
r_00486,3,b_080,train
r_00486,3,b_006,train
r_00486,3,b_016,train
r_00486,3,b_075,train
r_00486,3,b_027,train
r_00486,3,b_074,train
r_00486,3,b_077,train
r_00486,3,b_040,train
r_00486,3,b_064,train
r_00486,3,b_060,train
r_00486,3,b_076,train
r_00486,3,b_073,train
r_00486,3,b_039,train
r_00486,3,b_067,train
r_00486,3,b_010,train
r_00486,3,b_047,train
r_00487,3,b_034,train
r_00487,3,b_057,train
r_00487,3,b_007,train
r_00487,3,b_080,train
r_00487,3,b_063,train
r_00487,3,b_030,train
r_00487,3,b_068,train
r_00487,3,b_022,train
r_00487,3,b_038,train
r_00487,3,b_064,train
r_00487,3,b_041,train
r_00487,3,b_079,train
r_00487,3,b_031,train
r_00487,3,b_072,train
r_00487,3,b_033,train
r_00487,3,b_014,train
r_00487,3,b_058,train
r_00487,3,b_017,train
r_00487,3,b_055,train
r_00487,3,b_073,train
r_00488,3,b_075,train
r_00488,3,b_057,train
r_00488,3,b_002,train
r_00488,3,b_040,train
r_00488,3,b_046,train
r_00488,3,b_036,train
r_00488,3,b_072,train
r_00488,3,b_071,train
r_00488,3,b_026,train
r_00488,3,b_011,train
r_00488,3,b_027,train
r_00488,3,b_035,train
r_00488,3,b_030,train
r_00488,3,b_067,train
r_00488,3,b_045,train
r_00488,3,b_079,train
r_00488,3,b_008,train
r_00488,3,b_074,train
r_00488,3,b_012,train
r_00488,3,b_007,train
r_00489,3,b_063,valid
r_00489,3,b_045,valid
r_00489,3,b_031,valid
r_00489,3,b_013,valid
r_00489,3,b_025,valid
r_00489,3,b_024,valid
r_00489,3,b_070,valid
r_00489,3,b_007,valid
r_00489,3,b_037,valid
r_00489,3,b_076,valid
r_00489,3,b_004,valid
r_00489,3,b_022,valid
r_00489,3,b_012,valid
r_00489,3,b_009,valid
r_00489,3,b_027,valid
r_00489,3,b_017,valid
r_00489,3,b_058,valid
r_00489,3,b_018,valid
r_00489,3,b_032,valid
r_00489,3,b_079,valid
r_00490,3,b_006,valid
r_00490,3,b_069,valid
r_00490,3,b_034,valid
r_00490,3,b_077,valid
r_00490,3,b_072,valid
r_00490,3,b_041,valid
r_00490,3,b_008,valid
r_00490,3,b_009,valid
r_00490,3,b_001,valid
r_00490,3,b_052,valid
r_00490,3,b_036,valid
r_00490,3,b_017,valid
r_00490,3,b_076,valid
r_00490,3,b_079,valid
r_00490,3,b_029,valid
r_00490,3,b_058,valid
r_00490,3,b_038,valid
r_00490,3,b_027,valid
r_00490,3,b_053,valid
r_00490,3,b_044,valid
r_00491,3,b_044,train
r_00491,3,b_079,train
r_00491,3,b_059,train
r_00491,3,b_061,train
r_00491,3,b_020,train
r_00491,3,b_016,train
r_00491,3,b_039,train
r_00491,3,b_003,train
r_00491,3,b_080,train
r_00491,3,b_018,train
r_00491,3,b_047,train
r_00491,3,b_001,train
r_00491,3,b_011,train
r_00491,3,b_063,train
r_00491,3,b_057,train
r_00491,3,b_013,train
r_00491,3,b_042,train
r_00491,3,b_038,train
r_00491,3,b_031,train
r_00491,3,b_046,train
r_00492,3,b_013,test
r_00492,3,b_035,test
r_00492,3,b_047,test
r_00492,3,b_034,test
r_00492,3,b_072,test
r_00492,3,b_048,test
r_00492,3,b_046,test
r_00492,3,b_051,test
r_00492,3,b_033,test
r_00492,3,b_015,test
r_00492,3,b_052,test
r_00492,3,b_057,test
r_00492,3,b_045,test
r_00492,3,b_023,test
r_00492,3,b_076,test
r_00492,3,b_012,test
r_00492,3,b_011,test
r_00492,3,b_056,test
r_00492,3,b_028,test
r_00492,3,b_075,test
r_00493,3,b_021,test
r_00493,3,b_026,test
r_00493,3,b_019,test
r_00493,3,b_070,test
r_00493,3,b_003,test
r_00493,3,b_048,test
r_00493,3,b_043,test
r_00493,3,b_016,test
r_00493,3,b_013,test
r_00493,3,b_024,test
r_00493,3,b_023,test
r_00493,3,b_053,test
r_00493,3,b_060,test
r_00493,3,b_052,test
r_00493,3,b_074,test
r_00493,3,b_042,test
r_00493,3,b_078,test
r_00493,3,b_011,test
r_00493,3,b_017,test
r_00493,3,b_057,test
r_00494,3,b_004,train
r_00494,3,b_007,train
r_00494,3,b_060,train
r_00494,3,b_005,train
r_00494,3,b_022,train
r_00494,3,b_033,train
r_00494,3,b_057,train
r_00494,3,b_032,train
r_00494,3,b_012,train
r_00494,3,b_037,train
r_00494,3,b_014,train
r_00494,3,b_068,train
r_00494,3,b_058,train
r_00494,3,b_051,train
r_00494,3,b_065,train
r_00494,3,b_009,train
r_00494,3,b_028,train
r_00494,3,b_053,train
r_00494,3,b_017,train
r_00494,3,b_042,train
r_00495,3,b_010,train
r_00495,3,b_024,train
r_00495,3,b_025,train
r_00495,3,b_061,train
r_00495,3,b_041,train
r_00495,3,b_022,train
r_00495,3,b_069,train
r_00495,3,b_043,train
r_00495,3,b_078,train
r_00495,3,b_027,train
r_00495,3,b_028,train
r_00495,3,b_045,train
r_00495,3,b_077,train
r_00495,3,b_020,train
r_00495,3,b_019,train
r_00495,3,b_009,train
r_00495,3,b_026,train
r_00495,3,b_067,train
r_00495,3,b_005,train
r_00495,3,b_054,train
r_00496,3,b_051,train
r_00496,3,b_050,train
r_00496,3,b_011,train
r_00496,3,b_035,train
r_00496,3,b_029,train
r_00496,3,b_063,train
r_00496,3,b_056,train
r_00496,3,b_053,train
r_00496,3,b_026,train
r_00496,3,b_033,train
r_00496,3,b_018,train
r_00496,3,b_080,train
r_00496,3,b_008,train
r_00496,3,b_055,train
r_00496,3,b_015,train
r_00496,3,b_023,train
r_00496,3,b_064,train
r_00496,3,b_054,train
r_00496,3,b_021,train
r_00496,3,b_028,train
r_00497,3,b_027,valid
r_00497,3,b_010,valid
r_00497,3,b_044,valid
r_00497,3,b_063,valid
r_00497,3,b_025,valid
r_00497,3,b_001,valid
r_00497,3,b_066,valid
r_00497,3,b_046,valid
r_00497,3,b_038,valid
r_00497,3,b_061,valid
r_00497,3,b_018,valid
r_00497,3,b_073,valid
r_00497,3,b_062,valid
r_00497,3,b_070,valid
r_00497,3,b_057,valid
r_00497,3,b_067,valid
r_00497,3,b_078,valid
r_00497,3,b_050,valid
r_00497,3,b_079,valid
r_00497,3,b_024,valid
r_00498,3,b_011,test
r_00498,3,b_058,test
r_00498,3,b_051,test
r_00498,3,b_043,test
r_00498,3,b_064,test
r_00498,3,b_027,test
r_00498,3,b_069,test
r_00498,3,b_015,test
r_00498,3,b_039,test
r_00498,3,b_026,test
r_00498,3,b_037,test
r_00498,3,b_030,test
r_00498,3,b_002,test
r_00498,3,b_076,test
r_00498,3,b_077,test
r_00498,3,b_031,test
r_00498,3,b_070,test
r_00498,3,b_074,test
r_00498,3,b_066,test
r_00498,3,b_061,test
r_00499,3,b_054,train
r_00499,3,b_075,train
r_00499,3,b_065,train
r_00499,3,b_002,train
r_00499,3,b_015,train
r_00499,3,b_067,train
r_00499,3,b_019,train
r_00499,3,b_017,train
r_00499,3,b_028,train
r_00499,3,b_020,train
r_00499,3,b_070,train
r_00499,3,b_006,train
r_00499,3,b_071,train
r_00499,3,b_034,train
r_00499,3,b_077,train
r_00499,3,b_001,train
r_00499,3,b_048,train
r_00499,3,b_080,train
r_00499,3,b_066,train
r_00499,3,b_032,train
r_00500,3,b_072,test
r_00500,3,b_006,test
r_00500,3,b_025,test
r_00500,3,b_019,test
r_00500,3,b_061,test
r_00500,3,b_076,test
r_00500,3,b_045,test
r_00500,3,b_043,test
r_00500,3,b_011,test
r_00500,3,b_052,test
r_00500,3,b_033,test
r_00500,3,b_034,test
r_00500,3,b_002,test
r_00500,3,b_035,test
r_00500,3,b_071,test
r_00500,3,b_003,test
r_00500,3,b_060,test
r_00500,3,b_068,test
r_00500,3,b_044,test
r_00500,3,b_005,test
r_00501,3,b_034,train
r_00501,3,b_064,train
r_00501,3,b_015,train
r_00501,3,b_072,train
r_00501,3,b_027,train
r_00501,3,b_019,train
r_00501,3,b_028,train
r_00501,3,b_061,train
r_00501,3,b_052,train
r_00501,3,b_012,train
r_00501,3,b_079,train
r_00501,3,b_018,train
r_00501,3,b_037,train
r_00501,3,b_033,train
r_00501,3,b_047,train
r_00501,3,b_016,train
r_00501,3,b_006,train
r_00501,3,b_003,train
r_00501,3,b_068,train
r_00501,3,b_060,train
r_00502,3,b_058,valid
r_00502,3,b_002,valid
r_00502,3,b_072,valid
r_00502,3,b_004,valid
r_00502,3,b_077,valid
r_00502,3,b_035,valid
r_00502,3,b_066,valid
r_00502,3,b_067,valid
r_00502,3,b_038,valid
r_00502,3,b_005,valid
r_00502,3,b_023,valid
r_00502,3,b_041,valid
r_00502,3,b_076,valid
r_00502,3,b_025,valid
r_00502,3,b_078,valid
r_00502,3,b_075,valid
r_00502,3,b_036,valid
r_00502,3,b_010,valid
r_00502,3,b_022,valid
r_00502,3,b_028,valid
r_00503,3,b_057,test
r_00503,3,b_007,test
r_00503,3,b_046,test
r_00503,3,b_058,test
r_00503,3,b_032,test
r_00503,3,b_064,test
r_00503,3,b_047,test
r_00503,3,b_049,test
r_00503,3,b_066,test
r_00503,3,b_045,test
r_00503,3,b_065,test
r_00503,3,b_023,test
r_00503,3,b_071,test
r_00503,3,b_052,test
r_00503,3,b_014,test
r_00503,3,b_078,test
r_00503,3,b_036,test
r_00503,3,b_022,test
r_00503,3,b_069,test
r_00503,3,b_002,test
r_00504,3,b_016,test
r_00504,3,b_007,test
r_00504,3,b_052,test
r_00504,3,b_042,test
r_00504,3,b_073,test
r_00504,3,b_063,test
r_00504,3,b_031,test
r_00504,3,b_067,test
r_00504,3,b_039,test
r_00504,3,b_023,test
r_00504,3,b_021,test
r_00504,3,b_069,test
r_00504,3,b_062,test
r_00504,3,b_017,test
r_00504,3,b_074,test
r_00504,3,b_060,test
r_00504,3,b_001,test
r_00504,3,b_024,test
r_00504,3,b_002,test
r_00504,3,b_019,test
r_00505,3,b_022,valid
r_00505,3,b_001,valid
r_00505,3,b_006,valid
r_00505,3,b_056,valid
r_00505,3,b_061,valid
r_00505,3,b_072,valid
r_00505,3,b_010,valid
r_00505,3,b_069,valid
r_00505,3,b_025,valid
r_00505,3,b_035,valid
r_00505,3,b_016,valid
r_00505,3,b_058,valid
r_00505,3,b_023,valid
r_00505,3,b_021,valid
r_00505,3,b_005,valid
r_00505,3,b_068,valid
r_00505,3,b_039,valid
r_00505,3,b_078,valid
r_00505,3,b_042,valid
r_00505,3,b_048,valid
r_00506,3,b_036,train
r_00506,3,b_015,train
r_00506,3,b_013,train
r_00506,3,b_042,train
r_00506,3,b_040,train
r_00506,3,b_052,train
r_00506,3,b_077,train
r_00506,3,b_060,train
r_00506,3,b_030,train
r_00506,3,b_067,train
r_00506,3,b_020,train
r_00506,3,b_054,train
r_00506,3,b_051,train
r_00506,3,b_005,train
r_00506,3,b_073,train
r_00506,3,b_021,train
r_00506,3,b_076,train
r_00506,3,b_017,train
r_00506,3,b_065,train
r_00506,3,b_028,train
r_00507,3,b_031,train
r_00507,3,b_024,train
r_00507,3,b_037,train
r_00507,3,b_026,train
r_00507,3,b_057,train
r_00507,3,b_080,train
r_00507,3,b_061,train
r_00507,3,b_074,train
r_00507,3,b_030,train
r_00507,3,b_002,train
r_00507,3,b_045,train
r_00507,3,b_041,train
r_00507,3,b_055,train
r_00507,3,b_050,train
r_00507,3,b_018,train
r_00507,3,b_003,train
r_00507,3,b_054,train
r_00507,3,b_013,train
r_00507,3,b_072,train
r_00507,3,b_005,train
r_00508,3,b_051,train
r_00508,3,b_034,train
r_00508,3,b_033,train
r_00508,3,b_018,train
r_00508,3,b_060,train
r_00508,3,b_061,train
r_00508,3,b_037,train
r_00508,3,b_053,train
r_00508,3,b_017,train
r_00508,3,b_050,train
r_00508,3,b_046,train
r_00508,3,b_068,train
r_00508,3,b_063,train
r_00508,3,b_044,train
r_00508,3,b_023,train
r_00508,3,b_066,train
r_00508,3,b_075,train
r_00508,3,b_074,train
r_00508,3,b_001,train
r_00508,3,b_003,train
r_00509,3,b_073,valid
r_00509,3,b_051,valid
r_00509,3,b_024,valid
r_00509,3,b_009,valid
r_00509,3,b_019,valid
r_00509,3,b_023,valid
r_00509,3,b_016,valid
r_00509,3,b_027,valid
r_00509,3,b_063,valid
r_00509,3,b_012,valid
r_00509,3,b_048,valid
r_00509,3,b_029,valid
r_00509,3,b_021,valid
r_00509,3,b_072,valid
r_00509,3,b_008,valid
r_00509,3,b_038,valid
r_00509,3,b_030,valid
r_00509,3,b_064,valid
r_00509,3,b_037,valid
r_00509,3,b_042,valid
r_00510,3,b_049,train
r_00510,3,b_028,train
r_00510,3,b_075,train
r_00510,3,b_007,train
r_00510,3,b_020,train
r_00510,3,b_044,train
r_00510,3,b_051,train
r_00510,3,b_067,train
r_00510,3,b_027,train
r_00510,3,b_019,train
r_00510,3,b_070,train
r_00510,3,b_001,train
r_00510,3,b_058,train
r_00510,3,b_053,train
r_00510,3,b_003,train
r_00510,3,b_010,train
r_00510,3,b_068,train
r_00510,3,b_074,train
r_00510,3,b_025,train
r_00510,3,b_071,train
r_00511,3,b_015,train
r_00511,3,b_031,train
r_00511,3,b_056,train
r_00511,3,b_010,train
r_00511,3,b_022,train
r_00511,3,b_020,train
r_00511,3,b_061,train
r_00511,3,b_019,train
r_00511,3,b_053,train
r_00511,3,b_079,train
r_00511,3,b_065,train
r_00511,3,b_067,train
r_00511,3,b_076,train
r_00511,3,b_068,train
r_00511,3,b_004,train
r_00511,3,b_062,train
r_00511,3,b_038,train
r_00511,3,b_047,train
r_00511,3,b_077,train
r_00511,3,b_069,train
r_00512,3,b_025,test
r_00512,3,b_015,test
r_00512,3,b_077,test
r_00512,3,b_048,test
r_00512,3,b_075,test
r_00512,3,b_003,test
r_00512,3,b_060,test
r_00512,3,b_029,test
r_00512,3,b_063,test
r_00512,3,b_017,test
r_00512,3,b_058,test
r_00512,3,b_078,test
r_00512,3,b_037,test
r_00512,3,b_030,test
r_00512,3,b_034,test
r_00512,3,b_054,test
r_00512,3,b_044,test
r_00512,3,b_052,test
r_00512,3,b_055,test
r_00512,3,b_004,test
r_00513,3,b_033,test
r_00513,3,b_076,test
r_00513,3,b_023,test
r_00513,3,b_075,test
r_00513,3,b_063,test
r_00513,3,b_004,test
r_00513,3,b_045,test
r_00513,3,b_073,test
r_00513,3,b_021,test
r_00513,3,b_049,test
r_00513,3,b_059,test
r_00513,3,b_009,test
r_00513,3,b_028,test
r_00513,3,b_029,test
r_00513,3,b_043,test
r_00513,3,b_040,test
r_00513,3,b_055,test
r_00513,3,b_065,test
r_00513,3,b_031,test
r_00513,3,b_056,test
r_00514,3,b_056,test
r_00514,3,b_059,test
r_00514,3,b_074,test
r_00514,3,b_003,test
r_00514,3,b_020,test
r_00514,3,b_015,test
r_00514,3,b_070,test
r_00514,3,b_079,test
r_00514,3,b_045,test
r_00514,3,b_011,test
r_00514,3,b_010,test
r_00514,3,b_076,test
r_00514,3,b_027,test
r_00514,3,b_080,test
r_00514,3,b_041,test
r_00514,3,b_009,test
r_00514,3,b_021,test
r_00514,3,b_006,test
r_00514,3,b_031,test
r_00514,3,b_005,test
r_00515,3,b_052,train
r_00515,3,b_018,train
r_00515,3,b_074,train
r_00515,3,b_061,train
r_00515,3,b_046,train
r_00515,3,b_045,train
r_00515,3,b_060,train
r_00515,3,b_075,train
r_00515,3,b_050,train
r_00515,3,b_040,train
r_00515,3,b_027,train
r_00515,3,b_002,train
r_00515,3,b_080,train
r_00515,3,b_025,train
r_00515,3,b_042,train
r_00515,3,b_035,train
r_00515,3,b_008,train
r_00515,3,b_062,train
r_00515,3,b_003,train
r_00515,3,b_048,train
r_00516,3,b_076,train
r_00516,3,b_080,train
r_00516,3,b_054,train
r_00516,3,b_049,train
r_00516,3,b_048,train
r_00516,3,b_038,train
r_00516,3,b_022,train
r_00516,3,b_024,train
r_00516,3,b_026,train
r_00516,3,b_055,train
r_00516,3,b_034,train
r_00516,3,b_027,train
r_00516,3,b_077,train
r_00516,3,b_003,train
r_00516,3,b_066,train
r_00516,3,b_059,train
r_00516,3,b_075,train
r_00516,3,b_029,train
r_00516,3,b_017,train
r_00516,3,b_016,train
r_00517,3,b_046,valid
r_00517,3,b_008,valid
r_00517,3,b_070,valid
r_00517,3,b_007,valid
r_00517,3,b_005,valid
r_00517,3,b_015,valid
r_00517,3,b_054,valid
r_00517,3,b_013,valid
r_00517,3,b_025,valid
r_00517,3,b_009,valid
r_00517,3,b_032,valid
r_00517,3,b_023,valid
r_00517,3,b_006,valid
r_00517,3,b_004,valid
r_00517,3,b_074,valid
r_00517,3,b_030,valid
r_00517,3,b_068,valid
r_00517,3,b_012,valid
r_00517,3,b_075,valid
r_00517,3,b_051,valid
r_00518,3,b_053,train
r_00518,3,b_008,train
r_00518,3,b_039,train
r_00518,3,b_037,train
r_00518,3,b_038,train
r_00518,3,b_074,train
r_00518,3,b_031,train
r_00518,3,b_067,train
r_00518,3,b_011,train
r_00518,3,b_073,train
r_00518,3,b_076,train
r_00518,3,b_002,train
r_00518,3,b_080,train
r_00518,3,b_020,train
r_00518,3,b_063,train
r_00518,3,b_077,train
r_00518,3,b_057,train
r_00518,3,b_056,train
r_00518,3,b_004,train
r_00518,3,b_062,train
r_00519,3,b_077,train
r_00519,3,b_057,train
r_00519,3,b_003,train
r_00519,3,b_061,train
r_00519,3,b_065,train
r_00519,3,b_041,train
r_00519,3,b_042,train
r_00519,3,b_010,train
r_00519,3,b_053,train
r_00519,3,b_048,train
r_00519,3,b_058,train
r_00519,3,b_007,train
r_00519,3,b_067,train
r_00519,3,b_060,train
r_00519,3,b_074,train
r_00519,3,b_075,train
r_00519,3,b_005,train
r_00519,3,b_059,train
r_00519,3,b_073,train
r_00519,3,b_066,train
r_00520,3,b_061,train
r_00520,3,b_004,train
r_00520,3,b_037,train
r_00520,3,b_051,train
r_00520,3,b_073,train
r_00520,3,b_060,train
r_00520,3,b_020,train
r_00520,3,b_045,train
r_00520,3,b_055,train
r_00520,3,b_007,train
r_00520,3,b_077,train
r_00520,3,b_069,train
r_00520,3,b_011,train
r_00520,3,b_001,train
r_00520,3,b_031,train
r_00520,3,b_021,train
r_00520,3,b_080,train
r_00520,3,b_047,train
r_00520,3,b_036,train
r_00520,3,b_034,train
r_00521,3,b_012,train
r_00521,3,b_047,train
r_00521,3,b_028,train
r_00521,3,b_058,train
r_00521,3,b_036,train
r_00521,3,b_057,train
r_00521,3,b_025,train
r_00521,3,b_006,train
r_00521,3,b_016,train
r_00521,3,b_070,train
r_00521,3,b_020,train
r_00521,3,b_073,train
r_00521,3,b_053,train
r_00521,3,b_038,train
r_00521,3,b_079,train
r_00521,3,b_059,train
r_00521,3,b_060,train
r_00521,3,b_001,train
r_00521,3,b_064,train
r_00521,3,b_040,train
r_00522,3,b_029,test
r_00522,3,b_007,test
r_00522,3,b_052,test
r_00522,3,b_026,test
r_00522,3,b_034,test
r_00522,3,b_074,test
r_00522,3,b_073,test
r_00522,3,b_050,test
r_00522,3,b_042,test
r_00522,3,b_004,test
r_00522,3,b_006,test
r_00522,3,b_012,test
r_00522,3,b_053,test
r_00522,3,b_032,test
r_00522,3,b_038,test
r_00522,3,b_075,test
r_00522,3,b_022,test
r_00522,3,b_021,test
r_00522,3,b_015,test
r_00522,3,b_054,test
r_00523,3,b_039,test
r_00523,3,b_035,test
r_00523,3,b_015,test
r_00523,3,b_005,test
r_00523,3,b_060,test
r_00523,3,b_033,test
r_00523,3,b_040,test
r_00523,3,b_011,test
r_00523,3,b_047,test
r_00523,3,b_051,test
r_00523,3,b_010,test
r_00523,3,b_008,test
r_00523,3,b_027,test
r_00523,3,b_022,test
r_00523,3,b_059,test
r_00523,3,b_012,test
r_00523,3,b_002,test
r_00523,3,b_073,test
r_00523,3,b_026,test
r_00523,3,b_064,test
r_00524,3,b_072,train
r_00524,3,b_018,train
r_00524,3,b_035,train
r_00524,3,b_038,train
r_00524,3,b_026,train
r_00524,3,b_076,train
r_00524,3,b_069,train
r_00524,3,b_062,train
r_00524,3,b_007,train
r_00524,3,b_037,train
r_00524,3,b_021,train
r_00524,3,b_073,train
r_00524,3,b_071,train
r_00524,3,b_028,train
r_00524,3,b_060,train
r_00524,3,b_027,train
r_00524,3,b_044,train
r_00524,3,b_022,train
r_00524,3,b_058,train
r_00524,3,b_075,train
r_00525,3,b_061,train
r_00525,3,b_045,train
r_00525,3,b_042,train
r_00525,3,b_052,train
r_00525,3,b_010,train
r_00525,3,b_065,train
r_00525,3,b_002,train
r_00525,3,b_075,train
r_00525,3,b_044,train
r_00525,3,b_028,train
r_00525,3,b_073,train
r_00525,3,b_008,train
r_00525,3,b_056,train
r_00525,3,b_006,train
r_00525,3,b_048,train
r_00525,3,b_050,train
r_00525,3,b_035,train
r_00525,3,b_039,train
r_00525,3,b_066,train
r_00525,3,b_009,train
r_00526,3,b_038,valid
r_00526,3,b_074,valid
r_00526,3,b_036,valid
r_00526,3,b_016,valid
r_00526,3,b_034,valid
r_00526,3,b_006,valid
r_00526,3,b_014,valid
r_00526,3,b_031,valid
r_00526,3,b_062,valid
r_00526,3,b_001,valid
r_00526,3,b_012,valid
r_00526,3,b_041,valid
r_00526,3,b_072,valid
r_00526,3,b_022,valid
r_00526,3,b_077,valid
r_00526,3,b_024,valid
r_00526,3,b_019,valid
r_00526,3,b_032,valid
r_00526,3,b_057,valid
r_00526,3,b_007,valid
r_00527,3,b_002,test
r_00527,3,b_071,test
r_00527,3,b_006,test
r_00527,3,b_037,test
r_00527,3,b_024,test
r_00527,3,b_030,test
r_00527,3,b_039,test
r_00527,3,b_007,test
r_00527,3,b_068,test
r_00527,3,b_063,test
r_00527,3,b_067,test
r_00527,3,b_065,test
r_00527,3,b_078,test
r_00527,3,b_019,test
r_00527,3,b_066,test
r_00527,3,b_011,test
r_00527,3,b_047,test
r_00527,3,b_070,test
r_00527,3,b_046,test
r_00527,3,b_058,test
r_00528,3,b_015,test
r_00528,3,b_008,test
r_00528,3,b_045,test
r_00528,3,b_019,test
r_00528,3,b_044,test
r_00528,3,b_055,test
r_00528,3,b_066,test
r_00528,3,b_005,test
r_00528,3,b_017,test
r_00528,3,b_063,test
r_00528,3,b_030,test
r_00528,3,b_074,test
r_00528,3,b_009,test
r_00528,3,b_052,test
r_00528,3,b_036,test
r_00528,3,b_016,test
r_00528,3,b_011,test
r_00528,3,b_006,test
r_00528,3,b_033,test
r_00528,3,b_012,test
r_00529,3,b_072,valid
r_00529,3,b_056,valid
r_00529,3,b_047,valid
r_00529,3,b_041,valid
r_00529,3,b_040,valid
r_00529,3,b_028,valid
r_00529,3,b_021,valid
r_00529,3,b_022,valid
r_00529,3,b_018,valid
r_00529,3,b_017,valid
r_00529,3,b_019,valid
r_00529,3,b_059,valid
r_00529,3,b_033,valid
r_00529,3,b_036,valid
r_00529,3,b_011,valid
r_00529,3,b_054,valid
r_00529,3,b_020,valid
r_00529,3,b_071,valid
r_00529,3,b_063,valid
r_00529,3,b_025,valid
r_00530,3,b_049,test
r_00530,3,b_021,test
r_00530,3,b_012,test
r_00530,3,b_065,test
r_00530,3,b_010,test
r_00530,3,b_048,test
r_00530,3,b_071,test
r_00530,3,b_052,test
r_00530,3,b_009,test
r_00530,3,b_017,test
r_00530,3,b_008,test
r_00530,3,b_077,test
r_00530,3,b_050,test
r_00530,3,b_076,test
r_00530,3,b_063,test
r_00530,3,b_011,test
r_00530,3,b_054,test
r_00530,3,b_045,test
r_00530,3,b_057,test
r_00530,3,b_028,test
r_00531,3,b_014,test
r_00531,3,b_079,test
r_00531,3,b_058,test
r_00531,3,b_006,test
r_00531,3,b_031,test
r_00531,3,b_008,test
r_00531,3,b_068,test
r_00531,3,b_080,test
r_00531,3,b_035,test
r_00531,3,b_027,test
r_00531,3,b_056,test
r_00531,3,b_017,test
r_00531,3,b_040,test
r_00531,3,b_022,test
r_00531,3,b_078,test
r_00531,3,b_051,test
r_00531,3,b_053,test
r_00531,3,b_034,test
r_00531,3,b_050,test
r_00531,3,b_004,test
r_00532,3,b_077,test
r_00532,3,b_045,test
r_00532,3,b_037,test
r_00532,3,b_036,test
r_00532,3,b_021,test
r_00532,3,b_013,test
r_00532,3,b_057,test
r_00532,3,b_060,test
r_00532,3,b_040,test
r_00532,3,b_007,test
r_00532,3,b_027,test
r_00532,3,b_034,test
r_00532,3,b_025,test
r_00532,3,b_042,test
r_00532,3,b_048,test
r_00532,3,b_046,test
r_00532,3,b_033,test
r_00532,3,b_009,test
r_00532,3,b_056,test
r_00532,3,b_002,test
r_00533,3,b_020,test
r_00533,3,b_059,test
r_00533,3,b_071,test
r_00533,3,b_014,test
r_00533,3,b_024,test
r_00533,3,b_037,test
r_00533,3,b_077,test
r_00533,3,b_007,test
r_00533,3,b_040,test
r_00533,3,b_032,test
r_00533,3,b_079,test
r_00533,3,b_066,test
r_00533,3,b_080,test
r_00533,3,b_045,test
r_00533,3,b_001,test
r_00533,3,b_055,test
r_00533,3,b_034,test
r_00533,3,b_070,test
r_00533,3,b_009,test
r_00533,3,b_064,test
r_00534,3,b_066,train
r_00534,3,b_060,train
r_00534,3,b_005,train
r_00534,3,b_004,train
r_00534,3,b_069,train
r_00534,3,b_053,train
r_00534,3,b_010,train
r_00534,3,b_021,train
r_00534,3,b_067,train
r_00534,3,b_006,train
r_00534,3,b_042,train
r_00534,3,b_025,train
r_00534,3,b_059,train
r_00534,3,b_012,train
r_00534,3,b_077,train
r_00534,3,b_011,train
r_00534,3,b_018,train
r_00534,3,b_032,train
r_00534,3,b_056,train
r_00534,3,b_017,train
r_00535,3,b_066,train
r_00535,3,b_007,train
r_00535,3,b_023,train
r_00535,3,b_015,train
r_00535,3,b_047,train
r_00535,3,b_074,train
r_00535,3,b_072,train
r_00535,3,b_037,train
r_00535,3,b_019,train
r_00535,3,b_060,train
r_00535,3,b_010,train
r_00535,3,b_029,train
r_00535,3,b_041,train
r_00535,3,b_050,train
r_00535,3,b_078,train
r_00535,3,b_032,train
r_00535,3,b_073,train
r_00535,3,b_038,train
r_00535,3,b_018,train
r_00535,3,b_053,train
r_00536,3,b_034,valid
r_00536,3,b_070,valid
r_00536,3,b_012,valid
r_00536,3,b_026,valid
r_00536,3,b_073,valid
r_00536,3,b_017,valid
r_00536,3,b_047,valid
r_00536,3,b_077,valid
r_00536,3,b_061,valid
r_00536,3,b_029,valid
r_00536,3,b_024,valid
r_00536,3,b_049,valid
r_00536,3,b_065,valid
r_00536,3,b_068,valid
r_00536,3,b_035,valid
r_00536,3,b_043,valid
r_00536,3,b_032,valid
r_00536,3,b_059,valid
r_00536,3,b_066,valid
r_00536,3,b_023,valid
r_00537,3,b_034,train
r_00537,3,b_033,train
r_00537,3,b_017,train
r_00537,3,b_045,train
r_00537,3,b_063,train
r_00537,3,b_023,train
r_00537,3,b_026,train
r_00537,3,b_039,train
r_00537,3,b_060,train
r_00537,3,b_076,train
r_00537,3,b_070,train
r_00537,3,b_079,train
r_00537,3,b_007,train
r_00537,3,b_027,train
r_00537,3,b_046,train
r_00537,3,b_059,train
r_00537,3,b_041,train
r_00537,3,b_013,train
r_00537,3,b_043,train
r_00537,3,b_042,train
r_00538,3,b_012,train
r_00538,3,b_057,train
r_00538,3,b_047,train
r_00538,3,b_036,train
r_00538,3,b_001,train
r_00538,3,b_075,train
r_00538,3,b_028,train
r_00538,3,b_008,train
r_00538,3,b_023,train
r_00538,3,b_017,train
r_00538,3,b_061,train
r_00538,3,b_011,train
r_00538,3,b_031,train
r_00538,3,b_033,train
r_00538,3,b_078,train
r_00538,3,b_032,train
r_00538,3,b_077,train
r_00538,3,b_006,train
r_00538,3,b_004,train
r_00538,3,b_024,train
r_00539,3,b_024,train
r_00539,3,b_040,train
r_00539,3,b_052,train
r_00539,3,b_019,train
r_00539,3,b_069,train
r_00539,3,b_031,train
r_00539,3,b_032,train
r_00539,3,b_055,train
r_00539,3,b_065,train
r_00539,3,b_077,train
r_00539,3,b_066,train
r_00539,3,b_047,train
r_00539,3,b_067,train
r_00539,3,b_045,train
r_00539,3,b_023,train
r_00539,3,b_075,train
r_00539,3,b_002,train
r_00539,3,b_078,train
r_00539,3,b_029,train
r_00539,3,b_061,train
r_00540,3,b_050,train
r_00540,3,b_070,train
r_00540,3,b_041,train
r_00540,3,b_007,train
r_00540,3,b_053,train
r_00540,3,b_038,train
r_00540,3,b_036,train
r_00540,3,b_029,train
r_00540,3,b_002,train
r_00540,3,b_028,train
r_00540,3,b_076,train
r_00540,3,b_056,train
r_00540,3,b_061,train
r_00540,3,b_035,train
r_00540,3,b_024,train
r_00540,3,b_045,train
r_00540,3,b_039,train
r_00540,3,b_027,train
r_00540,3,b_059,train
r_00540,3,b_046,train
r_00541,3,b_079,test
r_00541,3,b_041,test
r_00541,3,b_003,test
r_00541,3,b_076,test
r_00541,3,b_071,test
r_00541,3,b_036,test
r_00541,3,b_056,test
r_00541,3,b_046,test
r_00541,3,b_078,test
r_00541,3,b_080,test
r_00541,3,b_011,test
r_00541,3,b_060,test
r_00541,3,b_048,test
r_00541,3,b_010,test
r_00541,3,b_063,test
r_00541,3,b_039,test
r_00541,3,b_064,test
r_00541,3,b_072,test
r_00541,3,b_047,test
r_00541,3,b_055,test
r_00542,3,b_074,test
r_00542,3,b_063,test
r_00542,3,b_065,test
r_00542,3,b_005,test
r_00542,3,b_003,test
r_00542,3,b_040,test
r_00542,3,b_076,test
r_00542,3,b_070,test
r_00542,3,b_037,test
r_00542,3,b_018,test
r_00542,3,b_016,test
r_00542,3,b_061,test
r_00542,3,b_020,test
r_00542,3,b_043,test
r_00542,3,b_072,test
r_00542,3,b_014,test
r_00542,3,b_077,test
r_00542,3,b_033,test
r_00542,3,b_006,test
r_00542,3,b_073,test
r_00543,3,b_071,train
r_00543,3,b_043,train
r_00543,3,b_002,train
r_00543,3,b_041,train
r_00543,3,b_044,train
r_00543,3,b_047,train
r_00543,3,b_011,train
r_00543,3,b_003,train
r_00543,3,b_058,train
r_00543,3,b_015,train
r_00543,3,b_032,train
r_00543,3,b_016,train
r_00543,3,b_028,train
r_00543,3,b_001,train
r_00543,3,b_022,train
r_00543,3,b_007,train
r_00543,3,b_074,train
r_00543,3,b_057,train
r_00543,3,b_027,train
r_00543,3,b_076,train
r_00544,3,b_044,train
r_00544,3,b_070,train
r_00544,3,b_059,train
r_00544,3,b_054,train
r_00544,3,b_022,train
r_00544,3,b_031,train
r_00544,3,b_061,train
r_00544,3,b_057,train
r_00544,3,b_064,train
r_00544,3,b_027,train
r_00544,3,b_012,train
r_00544,3,b_049,train
r_00544,3,b_075,train
r_00544,3,b_009,train
r_00544,3,b_025,train
r_00544,3,b_063,train
r_00544,3,b_069,train
r_00544,3,b_060,train
r_00544,3,b_014,train
r_00544,3,b_035,train
r_00545,3,b_012,test
r_00545,3,b_010,test
r_00545,3,b_049,test
r_00545,3,b_007,test
r_00545,3,b_023,test
r_00545,3,b_035,test
r_00545,3,b_022,test
r_00545,3,b_021,test
r_00545,3,b_017,test
r_00545,3,b_072,test
r_00545,3,b_066,test
r_00545,3,b_067,test
r_00545,3,b_038,test
r_00545,3,b_048,test
r_00545,3,b_045,test
r_00545,3,b_026,test
r_00545,3,b_006,test
r_00545,3,b_056,test
r_00545,3,b_069,test
r_00545,3,b_059,test
r_00546,3,b_078,test
r_00546,3,b_022,test
r_00546,3,b_049,test
r_00546,3,b_064,test
r_00546,3,b_047,test
r_00546,3,b_030,test
r_00546,3,b_061,test
r_00546,3,b_003,test
r_00546,3,b_015,test
r_00546,3,b_068,test
r_00546,3,b_033,test
r_00546,3,b_038,test
r_00546,3,b_013,test
r_00546,3,b_066,test
r_00546,3,b_032,test
r_00546,3,b_037,test
r_00546,3,b_031,test
r_00546,3,b_028,test
r_00546,3,b_004,test
r_00546,3,b_048,test
r_00547,3,b_038,train
r_00547,3,b_018,train
r_00547,3,b_012,train
r_00547,3,b_006,train
r_00547,3,b_063,train
r_00547,3,b_072,train
r_00547,3,b_019,train
r_00547,3,b_015,train
r_00547,3,b_002,train
r_00547,3,b_054,train
r_00547,3,b_022,train
r_00547,3,b_048,train
r_00547,3,b_009,train
r_00547,3,b_025,train
r_00547,3,b_033,train
r_00547,3,b_066,train
r_00547,3,b_076,train
r_00547,3,b_039,train
r_00547,3,b_043,train
r_00547,3,b_004,train
r_00548,3,b_010,valid
r_00548,3,b_076,valid
r_00548,3,b_038,valid
r_00548,3,b_044,valid
r_00548,3,b_022,valid
r_00548,3,b_014,valid
r_00548,3,b_045,valid
r_00548,3,b_077,valid
r_00548,3,b_072,valid
r_00548,3,b_011,valid
r_00548,3,b_067,valid
r_00548,3,b_006,valid
r_00548,3,b_054,valid
r_00548,3,b_004,valid
r_00548,3,b_016,valid
r_00548,3,b_020,valid
r_00548,3,b_079,valid
r_00548,3,b_030,valid
r_00548,3,b_024,valid
r_00548,3,b_026,valid
r_00549,3,b_059,train
r_00549,3,b_015,train
r_00549,3,b_011,train
r_00549,3,b_052,train
r_00549,3,b_038,train
r_00549,3,b_079,train
r_00549,3,b_012,train
r_00549,3,b_040,train
r_00549,3,b_017,train
r_00549,3,b_008,train
r_00549,3,b_049,train
r_00549,3,b_022,train
r_00549,3,b_003,train
r_00549,3,b_072,train
r_00549,3,b_046,train
r_00549,3,b_062,train
r_00549,3,b_020,train
r_00549,3,b_033,train
r_00549,3,b_001,train
r_00549,3,b_019,train
r_00550,3,b_065,test
r_00550,3,b_053,test
r_00550,3,b_016,test
r_00550,3,b_017,test
r_00550,3,b_050,test
r_00550,3,b_035,test
r_00550,3,b_009,test
r_00550,3,b_070,test
r_00550,3,b_038,test
r_00550,3,b_010,test
r_00550,3,b_061,test
r_00550,3,b_027,test
r_00550,3,b_076,test
r_00550,3,b_062,test
r_00550,3,b_026,test
r_00550,3,b_004,test
r_00550,3,b_048,test
r_00550,3,b_046,test
r_00550,3,b_064,test
r_00550,3,b_040,test
r_00551,3,b_071,train
r_00551,3,b_050,train
r_00551,3,b_042,train
r_00551,3,b_070,train
r_00551,3,b_046,train
r_00551,3,b_039,train
r_00551,3,b_014,train
r_00551,3,b_065,train
r_00551,3,b_059,train
r_00551,3,b_044,train
r_00551,3,b_078,train
r_00551,3,b_010,train
r_00551,3,b_038,train
r_00551,3,b_045,train
r_00551,3,b_006,train
r_00551,3,b_024,train
r_00551,3,b_079,train
r_00551,3,b_080,train
r_00551,3,b_015,train
r_00551,3,b_037,train
r_00552,3,b_002,train
r_00552,3,b_071,train
r_00552,3,b_067,train
r_00552,3,b_007,train
r_00552,3,b_032,train
r_00552,3,b_052,train
r_00552,3,b_028,train
r_00552,3,b_064,train
r_00552,3,b_080,train
r_00552,3,b_004,train
r_00552,3,b_021,train
r_00552,3,b_075,train
r_00552,3,b_026,train
r_00552,3,b_014,train
r_00552,3,b_024,train
r_00552,3,b_009,train
r_00552,3,b_022,train
r_00552,3,b_015,train
r_00552,3,b_013,train
r_00552,3,b_020,train
r_00553,3,b_008,train
r_00553,3,b_070,train
r_00553,3,b_016,train
r_00553,3,b_080,train
r_00553,3,b_068,train
r_00553,3,b_047,train
r_00553,3,b_057,train
r_00553,3,b_050,train
r_00553,3,b_026,train
r_00553,3,b_055,train
r_00553,3,b_014,train
r_00553,3,b_015,train
r_00553,3,b_061,train
r_00553,3,b_060,train
r_00553,3,b_079,train
r_00553,3,b_044,train
r_00553,3,b_003,train
r_00553,3,b_043,train
r_00553,3,b_002,train
r_00553,3,b_059,train
r_00554,3,b_027,test
r_00554,3,b_021,test
r_00554,3,b_033,test
r_00554,3,b_067,test
r_00554,3,b_050,test
r_00554,3,b_074,test
r_00554,3,b_042,test
r_00554,3,b_028,test
r_00554,3,b_012,test
r_00554,3,b_024,test
r_00554,3,b_059,test
r_00554,3,b_048,test
r_00554,3,b_044,test
r_00554,3,b_009,test
r_00554,3,b_035,test
r_00554,3,b_022,test
r_00554,3,b_039,test
r_00554,3,b_001,test
r_00554,3,b_061,test
r_00554,3,b_063,test
r_00555,3,b_069,train
r_00555,3,b_075,train
r_00555,3,b_072,train
r_00555,3,b_077,train
r_00555,3,b_050,train
r_00555,3,b_037,train
r_00555,3,b_023,train
r_00555,3,b_027,train
r_00555,3,b_055,train
r_00555,3,b_060,train
r_00555,3,b_035,train
r_00555,3,b_024,train
r_00555,3,b_062,train
r_00555,3,b_015,train
r_00555,3,b_045,train
r_00555,3,b_001,train
r_00555,3,b_038,train
r_00555,3,b_070,train
r_00555,3,b_007,train
r_00555,3,b_020,train
r_00556,3,b_030,train
r_00556,3,b_012,train
r_00556,3,b_003,train
r_00556,3,b_062,train
r_00556,3,b_020,train
r_00556,3,b_048,train
r_00556,3,b_070,train
r_00556,3,b_049,train
r_00556,3,b_050,train
r_00556,3,b_025,train
r_00556,3,b_072,train
r_00556,3,b_059,train
r_00556,3,b_061,train
r_00556,3,b_013,train
r_00556,3,b_079,train
r_00556,3,b_029,train
r_00556,3,b_010,train
r_00556,3,b_064,train
r_00556,3,b_027,train
r_00556,3,b_036,train
r_00557,3,b_011,train
r_00557,3,b_051,train
r_00557,3,b_060,train
r_00557,3,b_041,train
r_00557,3,b_073,train
r_00557,3,b_043,train
r_00557,3,b_024,train
r_00557,3,b_001,train
r_00557,3,b_069,train
r_00557,3,b_068,train
r_00557,3,b_034,train
r_00557,3,b_076,train
r_00557,3,b_029,train
r_00557,3,b_007,train
r_00557,3,b_023,train
r_00557,3,b_079,train
r_00557,3,b_025,train
r_00557,3,b_010,train
r_00557,3,b_031,train
r_00557,3,b_013,train
r_00558,3,b_039,train
r_00558,3,b_056,train
r_00558,3,b_069,train
r_00558,3,b_026,train
r_00558,3,b_013,train
r_00558,3,b_043,train
r_00558,3,b_041,train
r_00558,3,b_036,train
r_00558,3,b_061,train
r_00558,3,b_070,train
r_00558,3,b_019,train
r_00558,3,b_055,train
r_00558,3,b_027,train
r_00558,3,b_062,train
r_00558,3,b_024,train
r_00558,3,b_067,train
r_00558,3,b_010,train
r_00558,3,b_077,train
r_00558,3,b_011,train
r_00558,3,b_046,train
r_00559,3,b_014,train
r_00559,3,b_036,train
r_00559,3,b_042,train
r_00559,3,b_032,train
r_00559,3,b_065,train
r_00559,3,b_072,train
r_00559,3,b_030,train
r_00559,3,b_077,train
r_00559,3,b_013,train
r_00559,3,b_039,train
r_00559,3,b_045,train
r_00559,3,b_053,train
r_00559,3,b_034,train
r_00559,3,b_071,train
r_00559,3,b_023,train
r_00559,3,b_028,train
r_00559,3,b_073,train
r_00559,3,b_029,train
r_00559,3,b_079,train
r_00559,3,b_038,train
r_00560,3,b_079,train
r_00560,3,b_077,train
r_00560,3,b_047,train
r_00560,3,b_023,train
r_00560,3,b_063,train
r_00560,3,b_021,train
r_00560,3,b_020,train
r_00560,3,b_076,train
r_00560,3,b_011,train
r_00560,3,b_012,train
r_00560,3,b_042,train
r_00560,3,b_049,train
r_00560,3,b_002,train
r_00560,3,b_018,train
r_00560,3,b_033,train
r_00560,3,b_016,train
r_00560,3,b_058,train
r_00560,3,b_053,train
r_00560,3,b_010,train
r_00560,3,b_007,train
r_00561,3,b_071,train
r_00561,3,b_048,train
r_00561,3,b_050,train
r_00561,3,b_007,train
r_00561,3,b_018,train
r_00561,3,b_046,train
r_00561,3,b_053,train
r_00561,3,b_010,train
r_00561,3,b_054,train
r_00561,3,b_027,train
r_00561,3,b_032,train
r_00561,3,b_060,train
r_00561,3,b_047,train
r_00561,3,b_051,train
r_00561,3,b_080,train
r_00561,3,b_068,train
r_00561,3,b_011,train
r_00561,3,b_065,train
r_00561,3,b_034,train
r_00561,3,b_019,train
r_00562,3,b_064,test
r_00562,3,b_055,test
r_00562,3,b_006,test
r_00562,3,b_028,test
r_00562,3,b_037,test
r_00562,3,b_078,test
r_00562,3,b_068,test
r_00562,3,b_049,test
r_00562,3,b_046,test
r_00562,3,b_019,test
r_00562,3,b_024,test
r_00562,3,b_029,test
r_00562,3,b_009,test
r_00562,3,b_072,test
r_00562,3,b_074,test
r_00562,3,b_012,test
r_00562,3,b_034,test
r_00562,3,b_015,test
r_00562,3,b_071,test
r_00562,3,b_017,test
r_00563,3,b_034,train
r_00563,3,b_032,train
r_00563,3,b_041,train
r_00563,3,b_039,train
r_00563,3,b_014,train
r_00563,3,b_050,train
r_00563,3,b_025,train
r_00563,3,b_052,train
r_00563,3,b_045,train
r_00563,3,b_055,train
r_00563,3,b_072,train
r_00563,3,b_065,train
r_00563,3,b_070,train
r_00563,3,b_038,train
r_00563,3,b_058,train
r_00563,3,b_035,train
r_00563,3,b_079,train
r_00563,3,b_073,train
r_00563,3,b_075,train
r_00563,3,b_037,train
r_00564,3,b_027,train
r_00564,3,b_076,train
r_00564,3,b_035,train
r_00564,3,b_069,train
r_00564,3,b_048,train
r_00564,3,b_009,train
r_00564,3,b_008,train
r_00564,3,b_003,train
r_00564,3,b_067,train
r_00564,3,b_002,train
r_00564,3,b_018,train
r_00564,3,b_028,train
r_00564,3,b_030,train
r_00564,3,b_032,train
r_00564,3,b_060,train
r_00564,3,b_006,train
r_00564,3,b_024,train
r_00564,3,b_038,train
r_00564,3,b_061,train
r_00564,3,b_034,train
r_00565,3,b_024,train
r_00565,3,b_054,train
r_00565,3,b_039,train
r_00565,3,b_076,train
r_00565,3,b_056,train
r_00565,3,b_067,train
r_00565,3,b_052,train
r_00565,3,b_071,train
r_00565,3,b_036,train
r_00565,3,b_070,train
r_00565,3,b_033,train
r_00565,3,b_038,train
r_00565,3,b_031,train
r_00565,3,b_011,train
r_00565,3,b_005,train
r_00565,3,b_045,train
r_00565,3,b_027,train
r_00565,3,b_016,train
r_00565,3,b_065,train
r_00565,3,b_062,train
r_00566,3,b_002,test
r_00566,3,b_029,test
r_00566,3,b_080,test
r_00566,3,b_061,test
r_00566,3,b_065,test
r_00566,3,b_031,test
r_00566,3,b_054,test
r_00566,3,b_050,test
r_00566,3,b_075,test
r_00566,3,b_025,test
r_00566,3,b_023,test
r_00566,3,b_058,test
r_00566,3,b_041,test
r_00566,3,b_052,test
r_00566,3,b_007,test
r_00566,3,b_048,test
r_00566,3,b_068,test
r_00566,3,b_040,test
r_00566,3,b_019,test
r_00566,3,b_047,test
r_00567,3,b_003,valid
r_00567,3,b_022,valid
r_00567,3,b_055,valid
r_00567,3,b_036,valid
r_00567,3,b_069,valid
r_00567,3,b_053,valid
r_00567,3,b_021,valid
r_00567,3,b_080,valid
r_00567,3,b_078,valid
r_00567,3,b_001,valid
r_00567,3,b_030,valid
r_00567,3,b_065,valid
r_00567,3,b_050,valid
r_00567,3,b_057,valid
r_00567,3,b_026,valid
r_00567,3,b_020,valid
r_00567,3,b_077,valid
r_00567,3,b_062,valid
r_00567,3,b_005,valid
r_00567,3,b_046,valid
r_00568,3,b_067,test
r_00568,3,b_053,test
r_00568,3,b_076,test
r_00568,3,b_074,test
r_00568,3,b_038,test
r_00568,3,b_072,test
r_00568,3,b_022,test
r_00568,3,b_010,test
r_00568,3,b_013,test
r_00568,3,b_057,test
r_00568,3,b_029,test
r_00568,3,b_017,test
r_00568,3,b_008,test
r_00568,3,b_026,test
r_00568,3,b_064,test
r_00568,3,b_062,test
r_00568,3,b_004,test
r_00568,3,b_014,test
r_00568,3,b_041,test
r_00568,3,b_050,test
r_00569,3,b_049,test
r_00569,3,b_015,test
r_00569,3,b_070,test
r_00569,3,b_061,test
r_00569,3,b_039,test
r_00569,3,b_043,test
r_00569,3,b_074,test
r_00569,3,b_079,test
r_00569,3,b_068,test
r_00569,3,b_060,test
r_00569,3,b_076,test
r_00569,3,b_009,test
r_00569,3,b_019,test
r_00569,3,b_005,test
r_00569,3,b_012,test
r_00569,3,b_014,test
r_00569,3,b_038,test
r_00569,3,b_052,test
r_00569,3,b_018,test
r_00569,3,b_027,test
r_00570,3,b_040,train
r_00570,3,b_056,train
r_00570,3,b_071,train
r_00570,3,b_047,train
r_00570,3,b_072,train
r_00570,3,b_026,train
r_00570,3,b_069,train
r_00570,3,b_078,train
r_00570,3,b_010,train
r_00570,3,b_051,train
r_00570,3,b_080,train
r_00570,3,b_014,train
r_00570,3,b_076,train
r_00570,3,b_046,train
r_00570,3,b_052,train
r_00570,3,b_029,train
r_00570,3,b_030,train
r_00570,3,b_067,train
r_00570,3,b_002,train
r_00570,3,b_044,train
r_00571,3,b_018,test
r_00571,3,b_060,test
r_00571,3,b_015,test
r_00571,3,b_007,test
r_00571,3,b_017,test
r_00571,3,b_023,test
r_00571,3,b_008,test
r_00571,3,b_021,test
r_00571,3,b_048,test
r_00571,3,b_035,test
r_00571,3,b_025,test
r_00571,3,b_047,test
r_00571,3,b_029,test
r_00571,3,b_036,test
r_00571,3,b_043,test
r_00571,3,b_050,test
r_00571,3,b_079,test
r_00571,3,b_041,test
r_00571,3,b_022,test
r_00571,3,b_016,test
r_00572,3,b_073,test
r_00572,3,b_028,test
r_00572,3,b_015,test
r_00572,3,b_038,test
r_00572,3,b_021,test
r_00572,3,b_036,test
r_00572,3,b_065,test
r_00572,3,b_026,test
r_00572,3,b_008,test
r_00572,3,b_041,test
r_00572,3,b_014,test
r_00572,3,b_068,test
r_00572,3,b_033,test
r_00572,3,b_046,test
r_00572,3,b_005,test
r_00572,3,b_076,test
r_00572,3,b_006,test
r_00572,3,b_047,test
r_00572,3,b_017,test
r_00572,3,b_027,test
r_00573,3,b_067,train
r_00573,3,b_066,train
r_00573,3,b_008,train
r_00573,3,b_003,train
r_00573,3,b_065,train
r_00573,3,b_079,train
r_00573,3,b_020,train
r_00573,3,b_078,train
r_00573,3,b_070,train
r_00573,3,b_026,train
r_00573,3,b_048,train
r_00573,3,b_038,train
r_00573,3,b_061,train
r_00573,3,b_072,train
r_00573,3,b_013,train
r_00573,3,b_058,train
r_00573,3,b_004,train
r_00573,3,b_041,train
r_00573,3,b_049,train
r_00573,3,b_016,train
r_00574,3,b_002,test
r_00574,3,b_046,test
r_00574,3,b_063,test
r_00574,3,b_011,test
r_00574,3,b_079,test
r_00574,3,b_015,test
r_00574,3,b_060,test
r_00574,3,b_047,test
r_00574,3,b_053,test
r_00574,3,b_040,test
r_00574,3,b_049,test
r_00574,3,b_041,test
r_00574,3,b_022,test
r_00574,3,b_035,test
r_00574,3,b_017,test
r_00574,3,b_004,test
r_00574,3,b_039,test
r_00574,3,b_056,test
r_00574,3,b_059,test
r_00574,3,b_009,test
r_00575,3,b_011,test
r_00575,3,b_064,test
r_00575,3,b_077,test
r_00575,3,b_007,test
r_00575,3,b_074,test
r_00575,3,b_038,test
r_00575,3,b_015,test
r_00575,3,b_021,test
r_00575,3,b_066,test
r_00575,3,b_069,test
r_00575,3,b_018,test
r_00575,3,b_047,test
r_00575,3,b_063,test
r_00575,3,b_042,test
r_00575,3,b_079,test
r_00575,3,b_049,test
r_00575,3,b_051,test
r_00575,3,b_035,test
r_00575,3,b_061,test
r_00575,3,b_024,test
r_00576,3,b_004,train
r_00576,3,b_039,train
r_00576,3,b_017,train
r_00576,3,b_016,train
r_00576,3,b_070,train
r_00576,3,b_018,train
r_00576,3,b_064,train
r_00576,3,b_012,train
r_00576,3,b_038,train
r_00576,3,b_067,train
r_00576,3,b_052,train
r_00576,3,b_011,train
r_00576,3,b_071,train
r_00576,3,b_048,train
r_00576,3,b_068,train
r_00576,3,b_057,train
r_00576,3,b_019,train
r_00576,3,b_047,train
r_00576,3,b_080,train
r_00576,3,b_042,train
r_00577,3,b_072,train
r_00577,3,b_055,train
r_00577,3,b_037,train
r_00577,3,b_001,train
r_00577,3,b_015,train
r_00577,3,b_040,train
r_00577,3,b_009,train
r_00577,3,b_014,train
r_00577,3,b_021,train
r_00577,3,b_062,train
r_00577,3,b_064,train
r_00577,3,b_048,train
r_00577,3,b_065,train
r_00577,3,b_051,train
r_00577,3,b_075,train
r_00577,3,b_017,train
r_00577,3,b_054,train
r_00577,3,b_013,train
r_00577,3,b_004,train
r_00577,3,b_029,train
r_00578,3,b_028,train
r_00578,3,b_068,train
r_00578,3,b_007,train
r_00578,3,b_033,train
r_00578,3,b_001,train
r_00578,3,b_059,train
r_00578,3,b_022,train
r_00578,3,b_078,train
r_00578,3,b_042,train
r_00578,3,b_074,train
r_00578,3,b_048,train
r_00578,3,b_071,train
r_00578,3,b_035,train
r_00578,3,b_004,train
r_00578,3,b_030,train
r_00578,3,b_046,train
r_00578,3,b_038,train
r_00578,3,b_052,train
r_00578,3,b_049,train
r_00578,3,b_065,train
r_00579,3,b_030,test
r_00579,3,b_052,test
r_00579,3,b_002,test
r_00579,3,b_066,test
r_00579,3,b_037,test
r_00579,3,b_039,test
r_00579,3,b_022,test
r_00579,3,b_046,test
r_00579,3,b_075,test
r_00579,3,b_048,test
r_00579,3,b_026,test
r_00579,3,b_058,test
r_00579,3,b_074,test
r_00579,3,b_019,test
r_00579,3,b_062,test
r_00579,3,b_029,test
r_00579,3,b_016,test
r_00579,3,b_068,test
r_00579,3,b_044,test
r_00579,3,b_001,test
r_00580,3,b_009,train
r_00580,3,b_024,train
r_00580,3,b_036,train
r_00580,3,b_016,train
r_00580,3,b_010,train
r_00580,3,b_064,train
r_00580,3,b_068,train
r_00580,3,b_027,train
r_00580,3,b_026,train
r_00580,3,b_062,train
r_00580,3,b_015,train
r_00580,3,b_066,train
r_00580,3,b_044,train
r_00580,3,b_073,train
r_00580,3,b_046,train
r_00580,3,b_040,train
r_00580,3,b_060,train
r_00580,3,b_001,train
r_00580,3,b_056,train
r_00580,3,b_070,train
r_00581,3,b_079,train
r_00581,3,b_054,train
r_00581,3,b_067,train
r_00581,3,b_077,train
r_00581,3,b_068,train
r_00581,3,b_050,train
r_00581,3,b_071,train
r_00581,3,b_006,train
r_00581,3,b_070,train
r_00581,3,b_057,train
r_00581,3,b_014,train
r_00581,3,b_009,train
r_00581,3,b_059,train
r_00581,3,b_018,train
r_00581,3,b_064,train
r_00581,3,b_021,train
r_00581,3,b_011,train
r_00581,3,b_010,train
r_00581,3,b_024,train
r_00581,3,b_060,train
r_00582,3,b_053,train
r_00582,3,b_062,train
r_00582,3,b_003,train
r_00582,3,b_061,train
r_00582,3,b_014,train
r_00582,3,b_079,train
r_00582,3,b_044,train
r_00582,3,b_039,train
r_00582,3,b_002,train
r_00582,3,b_056,train
r_00582,3,b_048,train
r_00582,3,b_072,train
r_00582,3,b_020,train
r_00582,3,b_074,train
r_00582,3,b_018,train
r_00582,3,b_077,train
r_00582,3,b_065,train
r_00582,3,b_046,train
r_00582,3,b_059,train
r_00582,3,b_011,train
r_00583,3,b_065,train
r_00583,3,b_013,train
r_00583,3,b_060,train
r_00583,3,b_036,train
r_00583,3,b_026,train
r_00583,3,b_027,train
r_00583,3,b_080,train
r_00583,3,b_049,train
r_00583,3,b_012,train
r_00583,3,b_072,train
r_00583,3,b_050,train
r_00583,3,b_069,train
r_00583,3,b_002,train
r_00583,3,b_044,train
r_00583,3,b_078,train
r_00583,3,b_022,train
r_00583,3,b_056,train
r_00583,3,b_011,train
r_00583,3,b_038,train
r_00583,3,b_030,train
r_00584,3,b_008,valid
r_00584,3,b_064,valid
r_00584,3,b_023,valid
r_00584,3,b_053,valid
r_00584,3,b_014,valid
r_00584,3,b_047,valid
r_00584,3,b_063,valid
r_00584,3,b_069,valid
r_00584,3,b_074,valid
r_00584,3,b_018,valid
r_00584,3,b_080,valid
r_00584,3,b_044,valid
r_00584,3,b_070,valid
r_00584,3,b_050,valid
r_00584,3,b_009,valid
r_00584,3,b_025,valid
r_00584,3,b_001,valid
r_00584,3,b_005,valid
r_00584,3,b_061,valid
r_00584,3,b_072,valid
r_00585,3,b_037,train
r_00585,3,b_070,train
r_00585,3,b_073,train
r_00585,3,b_048,train
r_00585,3,b_011,train
r_00585,3,b_055,train
r_00585,3,b_064,train
r_00585,3,b_075,train
r_00585,3,b_056,train
r_00585,3,b_067,train
r_00585,3,b_010,train
r_00585,3,b_046,train
r_00585,3,b_061,train
r_00585,3,b_044,train
r_00585,3,b_079,train
r_00585,3,b_025,train
r_00585,3,b_038,train
r_00585,3,b_022,train
r_00585,3,b_040,train
r_00585,3,b_062,train
r_00586,3,b_077,valid
r_00586,3,b_028,valid
r_00586,3,b_059,valid
r_00586,3,b_016,valid
r_00586,3,b_009,valid
r_00586,3,b_058,valid
r_00586,3,b_062,valid
r_00586,3,b_003,valid
r_00586,3,b_020,valid
r_00586,3,b_047,valid
r_00586,3,b_011,valid
r_00586,3,b_014,valid
r_00586,3,b_034,valid
r_00586,3,b_002,valid
r_00586,3,b_067,valid
r_00586,3,b_039,valid
r_00586,3,b_001,valid
r_00586,3,b_075,valid
r_00586,3,b_079,valid
r_00586,3,b_012,valid
r_00587,3,b_029,train
r_00587,3,b_009,train
r_00587,3,b_040,train
r_00587,3,b_007,train
r_00587,3,b_070,train
r_00587,3,b_053,train
r_00587,3,b_067,train
r_00587,3,b_001,train
r_00587,3,b_030,train
r_00587,3,b_024,train
r_00587,3,b_047,train
r_00587,3,b_006,train
r_00587,3,b_015,train
r_00587,3,b_059,train
r_00587,3,b_051,train
r_00587,3,b_012,train
r_00587,3,b_075,train
r_00587,3,b_048,train
r_00587,3,b_050,train
r_00587,3,b_036,train
r_00588,3,b_073,test
r_00588,3,b_035,test
r_00588,3,b_047,test
r_00588,3,b_021,test
r_00588,3,b_062,test
r_00588,3,b_039,test
r_00588,3,b_080,test
r_00588,3,b_043,test
r_00588,3,b_003,test
r_00588,3,b_079,test
r_00588,3,b_023,test
r_00588,3,b_068,test
r_00588,3,b_070,test
r_00588,3,b_020,test
r_00588,3,b_064,test
r_00588,3,b_036,test
r_00588,3,b_071,test
r_00588,3,b_019,test
r_00588,3,b_007,test
r_00588,3,b_009,test
r_00589,3,b_055,train
r_00589,3,b_036,train
r_00589,3,b_071,train
r_00589,3,b_061,train
r_00589,3,b_002,train
r_00589,3,b_045,train
r_00589,3,b_029,train
r_00589,3,b_075,train
r_00589,3,b_079,train
r_00589,3,b_014,train
r_00589,3,b_001,train
r_00589,3,b_050,train
r_00589,3,b_021,train
r_00589,3,b_039,train
r_00589,3,b_037,train
r_00589,3,b_026,train
r_00589,3,b_067,train
r_00589,3,b_078,train
r_00589,3,b_010,train
r_00589,3,b_025,train
r_00590,3,b_029,valid
r_00590,3,b_078,valid
r_00590,3,b_057,valid
r_00590,3,b_015,valid
r_00590,3,b_048,valid
r_00590,3,b_019,valid
r_00590,3,b_036,valid
r_00590,3,b_064,valid
r_00590,3,b_066,valid
r_00590,3,b_045,valid
r_00590,3,b_034,valid
r_00590,3,b_068,valid
r_00590,3,b_009,valid
r_00590,3,b_013,valid
r_00590,3,b_049,valid
r_00590,3,b_075,valid
r_00590,3,b_001,valid
r_00590,3,b_020,valid
r_00590,3,b_039,valid
r_00590,3,b_003,valid
r_00591,3,b_001,train
r_00591,3,b_036,train
r_00591,3,b_017,train
r_00591,3,b_074,train
r_00591,3,b_014,train
r_00591,3,b_068,train
r_00591,3,b_070,train
r_00591,3,b_054,train
r_00591,3,b_023,train
r_00591,3,b_064,train
r_00591,3,b_053,train
r_00591,3,b_033,train
r_00591,3,b_063,train
r_00591,3,b_042,train
r_00591,3,b_021,train
r_00591,3,b_050,train
r_00591,3,b_056,train
r_00591,3,b_048,train
r_00591,3,b_049,train
r_00591,3,b_044,train
r_00592,3,b_068,train
r_00592,3,b_074,train
r_00592,3,b_073,train
r_00592,3,b_024,train
r_00592,3,b_076,train
r_00592,3,b_037,train
r_00592,3,b_020,train
r_00592,3,b_072,train
r_00592,3,b_042,train
r_00592,3,b_078,train
r_00592,3,b_014,train
r_00592,3,b_051,train
r_00592,3,b_040,train
r_00592,3,b_061,train
r_00592,3,b_038,train
r_00592,3,b_070,train
r_00592,3,b_059,train
r_00592,3,b_075,train
r_00592,3,b_035,train
r_00592,3,b_021,train
r_00593,3,b_013,test
r_00593,3,b_056,test
r_00593,3,b_050,test
r_00593,3,b_071,test
r_00593,3,b_044,test
r_00593,3,b_022,test
r_00593,3,b_078,test
r_00593,3,b_065,test
r_00593,3,b_030,test
r_00593,3,b_035,test
r_00593,3,b_015,test
r_00593,3,b_012,test
r_00593,3,b_036,test
r_00593,3,b_047,test
r_00593,3,b_011,test
r_00593,3,b_026,test
r_00593,3,b_069,test
r_00593,3,b_054,test
r_00593,3,b_053,test
r_00593,3,b_020,test
r_00594,3,b_050,test
r_00594,3,b_025,test
r_00594,3,b_026,test
r_00594,3,b_033,test
r_00594,3,b_008,test
r_00594,3,b_068,test
r_00594,3,b_031,test
r_00594,3,b_065,test
r_00594,3,b_052,test
r_00594,3,b_080,test
r_00594,3,b_036,test
r_00594,3,b_002,test
r_00594,3,b_066,test
r_00594,3,b_038,test
r_00594,3,b_063,test
r_00594,3,b_022,test
r_00594,3,b_017,test
r_00594,3,b_014,test
r_00594,3,b_045,test
r_00594,3,b_030,test
r_00595,3,b_021,valid
r_00595,3,b_005,valid
r_00595,3,b_058,valid
r_00595,3,b_022,valid
r_00595,3,b_001,valid
r_00595,3,b_032,valid
r_00595,3,b_071,valid
r_00595,3,b_057,valid
r_00595,3,b_079,valid
r_00595,3,b_067,valid
r_00595,3,b_031,valid
r_00595,3,b_053,valid
r_00595,3,b_035,valid
r_00595,3,b_060,valid
r_00595,3,b_039,valid
r_00595,3,b_030,valid
r_00595,3,b_018,valid
r_00595,3,b_066,valid
r_00595,3,b_003,valid
r_00595,3,b_068,valid
r_00596,3,b_020,train
r_00596,3,b_044,train
r_00596,3,b_068,train
r_00596,3,b_079,train
r_00596,3,b_023,train
r_00596,3,b_036,train
r_00596,3,b_028,train
r_00596,3,b_003,train
r_00596,3,b_077,train
r_00596,3,b_043,train
r_00596,3,b_045,train
r_00596,3,b_064,train
r_00596,3,b_014,train
r_00596,3,b_013,train
r_00596,3,b_049,train
r_00596,3,b_076,train
r_00596,3,b_021,train
r_00596,3,b_055,train
r_00596,3,b_040,train
r_00596,3,b_005,train
r_00597,3,b_033,train
r_00597,3,b_034,train
r_00597,3,b_017,train
r_00597,3,b_024,train
r_00597,3,b_009,train
r_00597,3,b_025,train
r_00597,3,b_014,train
r_00597,3,b_012,train
r_00597,3,b_072,train
r_00597,3,b_008,train
r_00597,3,b_075,train
r_00597,3,b_013,train
r_00597,3,b_067,train
r_00597,3,b_003,train
r_00597,3,b_006,train
r_00597,3,b_029,train
r_00597,3,b_061,train
r_00597,3,b_030,train
r_00597,3,b_050,train
r_00597,3,b_026,train
r_00598,3,b_014,test
r_00598,3,b_041,test
r_00598,3,b_076,test
r_00598,3,b_057,test
r_00598,3,b_040,test
r_00598,3,b_007,test
r_00598,3,b_037,test
r_00598,3,b_033,test
r_00598,3,b_048,test
r_00598,3,b_065,test
r_00598,3,b_013,test
r_00598,3,b_053,test
r_00598,3,b_029,test
r_00598,3,b_071,test
r_00598,3,b_073,test
r_00598,3,b_074,test
r_00598,3,b_054,test
r_00598,3,b_061,test
r_00598,3,b_002,test
r_00598,3,b_023,test
r_00599,3,b_007,test
r_00599,3,b_021,test
r_00599,3,b_072,test
r_00599,3,b_069,test
r_00599,3,b_052,test
r_00599,3,b_074,test
r_00599,3,b_054,test
r_00599,3,b_068,test
r_00599,3,b_035,test
r_00599,3,b_031,test
r_00599,3,b_071,test
r_00599,3,b_006,test
r_00599,3,b_009,test
r_00599,3,b_070,test
r_00599,3,b_012,test
r_00599,3,b_079,test
r_00599,3,b_003,test
r_00599,3,b_022,test
r_00599,3,b_015,test
r_00599,3,b_053,test
r_00600,3,b_029,valid
r_00600,3,b_003,valid
r_00600,3,b_058,valid
r_00600,3,b_030,valid
r_00600,3,b_008,valid
r_00600,3,b_069,valid
r_00600,3,b_074,valid
r_00600,3,b_049,valid
r_00600,3,b_027,valid
r_00600,3,b_011,valid
r_00600,3,b_070,valid
r_00600,3,b_028,valid
r_00600,3,b_026,valid
r_00600,3,b_043,valid
r_00600,3,b_023,valid
r_00600,3,b_077,valid
r_00600,3,b_031,valid
r_00600,3,b_014,valid
r_00600,3,b_079,valid
r_00600,3,b_041,valid
r_00601,3,b_021,train
r_00601,3,b_037,train
r_00601,3,b_064,train
r_00601,3,b_005,train
r_00601,3,b_047,train
r_00601,3,b_029,train
r_00601,3,b_028,train
r_00601,3,b_040,train
r_00601,3,b_003,train
r_00601,3,b_062,train
r_00601,3,b_076,train
r_00601,3,b_022,train
r_00601,3,b_014,train
r_00601,3,b_074,train
r_00601,3,b_044,train
r_00601,3,b_045,train
r_00601,3,b_070,train
r_00601,3,b_016,train
r_00601,3,b_006,train
r_00601,3,b_056,train
r_00602,3,b_046,train
r_00602,3,b_064,train
r_00602,3,b_031,train
r_00602,3,b_018,train
r_00602,3,b_003,train
r_00602,3,b_033,train
r_00602,3,b_041,train
r_00602,3,b_040,train
r_00602,3,b_004,train
r_00602,3,b_038,train
r_00602,3,b_034,train
r_00602,3,b_054,train
r_00602,3,b_069,train
r_00602,3,b_007,train
r_00602,3,b_002,train
r_00602,3,b_030,train
r_00602,3,b_045,train
r_00602,3,b_067,train
r_00602,3,b_010,train
r_00602,3,b_062,train
r_00603,3,b_057,train
r_00603,3,b_022,train
r_00603,3,b_046,train
r_00603,3,b_017,train
r_00603,3,b_014,train
r_00603,3,b_070,train
r_00603,3,b_003,train
r_00603,3,b_005,train
r_00603,3,b_034,train
r_00603,3,b_054,train
r_00603,3,b_006,train
r_00603,3,b_009,train
r_00603,3,b_039,train
r_00603,3,b_060,train
r_00603,3,b_079,train
r_00603,3,b_001,train
r_00603,3,b_072,train
r_00603,3,b_050,train
r_00603,3,b_064,train
r_00603,3,b_048,train
r_00604,3,b_036,valid
r_00604,3,b_074,valid
r_00604,3,b_069,valid
r_00604,3,b_053,valid
r_00604,3,b_045,valid
r_00604,3,b_046,valid
r_00604,3,b_029,valid
r_00604,3,b_021,valid
r_00604,3,b_060,valid
r_00604,3,b_071,valid
r_00604,3,b_002,valid
r_00604,3,b_001,valid
r_00604,3,b_068,valid
r_00604,3,b_056,valid
r_00604,3,b_010,valid
r_00604,3,b_008,valid
r_00604,3,b_030,valid
r_00604,3,b_023,valid
r_00604,3,b_005,valid
r_00604,3,b_015,valid
r_00605,3,b_070,train
r_00605,3,b_056,train
r_00605,3,b_021,train
r_00605,3,b_012,train
r_00605,3,b_025,train
r_00605,3,b_004,train
r_00605,3,b_042,train
r_00605,3,b_005,train
r_00605,3,b_057,train
r_00605,3,b_028,train
r_00605,3,b_037,train
r_00605,3,b_010,train
r_00605,3,b_043,train
r_00605,3,b_027,train
r_00605,3,b_031,train
r_00605,3,b_041,train
r_00605,3,b_046,train
r_00605,3,b_007,train
r_00605,3,b_016,train
r_00605,3,b_060,train
r_00606,3,b_050,valid
r_00606,3,b_046,valid
r_00606,3,b_069,valid
r_00606,3,b_018,valid
r_00606,3,b_053,valid
r_00606,3,b_034,valid
r_00606,3,b_006,valid
r_00606,3,b_068,valid
r_00606,3,b_020,valid
r_00606,3,b_040,valid
r_00606,3,b_045,valid
r_00606,3,b_032,valid
r_00606,3,b_066,valid
r_00606,3,b_028,valid
r_00606,3,b_026,valid
r_00606,3,b_027,valid
r_00606,3,b_019,valid
r_00606,3,b_025,valid
r_00606,3,b_070,valid
r_00606,3,b_062,valid
r_00607,3,b_050,valid
r_00607,3,b_053,valid
r_00607,3,b_063,valid
r_00607,3,b_029,valid
r_00607,3,b_035,valid
r_00607,3,b_060,valid
r_00607,3,b_080,valid
r_00607,3,b_075,valid
r_00607,3,b_071,valid
r_00607,3,b_047,valid
r_00607,3,b_059,valid
r_00607,3,b_069,valid
r_00607,3,b_078,valid
r_00607,3,b_030,valid
r_00607,3,b_074,valid
r_00607,3,b_006,valid
r_00607,3,b_040,valid
r_00607,3,b_025,valid
r_00607,3,b_033,valid
r_00607,3,b_002,valid
r_00608,3,b_007,test
r_00608,3,b_053,test
r_00608,3,b_060,test
r_00608,3,b_014,test
r_00608,3,b_033,test
r_00608,3,b_022,test
r_00608,3,b_071,test
r_00608,3,b_016,test
r_00608,3,b_050,test
r_00608,3,b_017,test
r_00608,3,b_011,test
r_00608,3,b_039,test
r_00608,3,b_021,test
r_00608,3,b_052,test
r_00608,3,b_035,test
r_00608,3,b_066,test
r_00608,3,b_078,test
r_00608,3,b_075,test
r_00608,3,b_073,test
r_00608,3,b_012,test
r_00609,3,b_002,train
r_00609,3,b_021,train
r_00609,3,b_065,train
r_00609,3,b_059,train
r_00609,3,b_034,train
r_00609,3,b_067,train
r_00609,3,b_013,train
r_00609,3,b_039,train
r_00609,3,b_062,train
r_00609,3,b_010,train
r_00609,3,b_003,train
r_00609,3,b_012,train
r_00609,3,b_079,train
r_00609,3,b_040,train
r_00609,3,b_054,train
r_00609,3,b_004,train
r_00609,3,b_048,train
r_00609,3,b_060,train
r_00609,3,b_070,train
r_00609,3,b_056,train
r_00610,3,b_067,train
r_00610,3,b_037,train
r_00610,3,b_002,train
r_00610,3,b_009,train
r_00610,3,b_054,train
r_00610,3,b_080,train
r_00610,3,b_068,train
r_00610,3,b_033,train
r_00610,3,b_028,train
r_00610,3,b_017,train
r_00610,3,b_069,train
r_00610,3,b_016,train
r_00610,3,b_005,train
r_00610,3,b_003,train
r_00610,3,b_059,train
r_00610,3,b_052,train
r_00610,3,b_013,train
r_00610,3,b_012,train
r_00610,3,b_058,train
r_00610,3,b_071,train
r_00611,3,b_037,train
r_00611,3,b_068,train
r_00611,3,b_063,train
r_00611,3,b_046,train
r_00611,3,b_044,train
r_00611,3,b_054,train
r_00611,3,b_052,train
r_00611,3,b_055,train
r_00611,3,b_040,train
r_00611,3,b_072,train
r_00611,3,b_051,train
r_00611,3,b_031,train
r_00611,3,b_016,train
r_00611,3,b_079,train
r_00611,3,b_014,train
r_00611,3,b_022,train
r_00611,3,b_078,train
r_00611,3,b_066,train
r_00611,3,b_050,train
r_00611,3,b_070,train
r_00612,3,b_053,train
r_00612,3,b_034,train
r_00612,3,b_003,train
r_00612,3,b_016,train
r_00612,3,b_040,train
r_00612,3,b_039,train
r_00612,3,b_038,train
r_00612,3,b_031,train
r_00612,3,b_037,train
r_00612,3,b_072,train
r_00612,3,b_030,train
r_00612,3,b_042,train
r_00612,3,b_061,train
r_00612,3,b_047,train
r_00612,3,b_007,train
r_00612,3,b_050,train
r_00612,3,b_074,train
r_00612,3,b_063,train
r_00612,3,b_051,train
r_00612,3,b_052,train
r_00613,3,b_065,train
r_00613,3,b_017,train
r_00613,3,b_051,train
r_00613,3,b_015,train
r_00613,3,b_008,train
r_00613,3,b_079,train
r_00613,3,b_054,train
r_00613,3,b_076,train
r_00613,3,b_027,train
r_00613,3,b_078,train
r_00613,3,b_077,train
r_00613,3,b_049,train
r_00613,3,b_035,train
r_00613,3,b_038,train
r_00613,3,b_067,train
r_00613,3,b_041,train
r_00613,3,b_059,train
r_00613,3,b_034,train
r_00613,3,b_071,train
r_00613,3,b_039,train
r_00614,3,b_016,valid
r_00614,3,b_023,valid
r_00614,3,b_001,valid
r_00614,3,b_037,valid
r_00614,3,b_034,valid
r_00614,3,b_018,valid
r_00614,3,b_041,valid
r_00614,3,b_038,valid
r_00614,3,b_036,valid
r_00614,3,b_069,valid
r_00614,3,b_040,valid
r_00614,3,b_014,valid
r_00614,3,b_063,valid
r_00614,3,b_080,valid
r_00614,3,b_035,valid
r_00614,3,b_051,valid
r_00614,3,b_012,valid
r_00614,3,b_067,valid
r_00614,3,b_017,valid
r_00614,3,b_011,valid
r_00615,3,b_019,train
r_00615,3,b_054,train
r_00615,3,b_002,train
r_00615,3,b_024,train
r_00615,3,b_033,train
r_00615,3,b_068,train
r_00615,3,b_009,train
r_00615,3,b_062,train
r_00615,3,b_049,train
r_00615,3,b_041,train
r_00615,3,b_021,train
r_00615,3,b_048,train
r_00615,3,b_066,train
r_00615,3,b_051,train
r_00615,3,b_045,train
r_00615,3,b_032,train
r_00615,3,b_026,train
r_00615,3,b_055,train
r_00615,3,b_017,train
r_00615,3,b_029,train
r_00616,3,b_009,train
r_00616,3,b_074,train
r_00616,3,b_055,train
r_00616,3,b_001,train
r_00616,3,b_006,train
r_00616,3,b_051,train
r_00616,3,b_008,train
r_00616,3,b_011,train
r_00616,3,b_032,train
r_00616,3,b_020,train
r_00616,3,b_079,train
r_00616,3,b_002,train
r_00616,3,b_023,train
r_00616,3,b_072,train
r_00616,3,b_063,train
r_00616,3,b_041,train
r_00616,3,b_010,train
r_00616,3,b_015,train
r_00616,3,b_026,train
r_00616,3,b_057,train
r_00617,3,b_070,test
r_00617,3,b_068,test
r_00617,3,b_019,test
r_00617,3,b_071,test
r_00617,3,b_011,test
r_00617,3,b_015,test
r_00617,3,b_075,test
r_00617,3,b_045,test
r_00617,3,b_055,test
r_00617,3,b_040,test
r_00617,3,b_036,test
r_00617,3,b_041,test
r_00617,3,b_014,test
r_00617,3,b_065,test
r_00617,3,b_059,test
r_00617,3,b_077,test
r_00617,3,b_018,test
r_00617,3,b_051,test
r_00617,3,b_056,test
r_00617,3,b_063,test
r_00618,3,b_045,test
r_00618,3,b_039,test
r_00618,3,b_080,test
r_00618,3,b_048,test
r_00618,3,b_062,test
r_00618,3,b_068,test
r_00618,3,b_002,test
r_00618,3,b_066,test
r_00618,3,b_052,test
r_00618,3,b_049,test
r_00618,3,b_013,test
r_00618,3,b_059,test
r_00618,3,b_005,test
r_00618,3,b_070,test
r_00618,3,b_022,test
r_00618,3,b_043,test
r_00618,3,b_050,test
r_00618,3,b_018,test
r_00618,3,b_079,test
r_00618,3,b_058,test
r_00619,3,b_060,valid
r_00619,3,b_014,valid
r_00619,3,b_030,valid
r_00619,3,b_065,valid
r_00619,3,b_013,valid
r_00619,3,b_038,valid
r_00619,3,b_045,valid
r_00619,3,b_005,valid
r_00619,3,b_044,valid
r_00619,3,b_072,valid
r_00619,3,b_034,valid
r_00619,3,b_032,valid
r_00619,3,b_068,valid
r_00619,3,b_054,valid
r_00619,3,b_047,valid
r_00619,3,b_006,valid
r_00619,3,b_017,valid
r_00619,3,b_080,valid
r_00619,3,b_043,valid
r_00619,3,b_059,valid
r_00620,3,b_028,train
r_00620,3,b_076,train
r_00620,3,b_025,train
r_00620,3,b_078,train
r_00620,3,b_036,train
r_00620,3,b_063,train
r_00620,3,b_012,train
r_00620,3,b_045,train
r_00620,3,b_007,train
r_00620,3,b_021,train
r_00620,3,b_055,train
r_00620,3,b_048,train
r_00620,3,b_035,train
r_00620,3,b_030,train
r_00620,3,b_013,train
r_00620,3,b_069,train
r_00620,3,b_037,train
r_00620,3,b_031,train
r_00620,3,b_019,train
r_00620,3,b_006,train
r_00621,3,b_054,train
r_00621,3,b_019,train
r_00621,3,b_003,train
r_00621,3,b_045,train
r_00621,3,b_035,train
r_00621,3,b_017,train
r_00621,3,b_047,train
r_00621,3,b_027,train
r_00621,3,b_012,train
r_00621,3,b_008,train
r_00621,3,b_010,train
r_00621,3,b_025,train
r_00621,3,b_032,train
r_00621,3,b_058,train
r_00621,3,b_077,train
r_00621,3,b_078,train
r_00621,3,b_046,train
r_00621,3,b_072,train
r_00621,3,b_064,train
r_00621,3,b_004,train
r_00622,3,b_070,test
r_00622,3,b_018,test
r_00622,3,b_025,test
r_00622,3,b_007,test
r_00622,3,b_049,test
r_00622,3,b_035,test
r_00622,3,b_061,test
r_00622,3,b_017,test
r_00622,3,b_030,test
r_00622,3,b_027,test
r_00622,3,b_023,test
r_00622,3,b_043,test
r_00622,3,b_053,test
r_00622,3,b_010,test
r_00622,3,b_008,test
r_00622,3,b_005,test
r_00622,3,b_011,test
r_00622,3,b_058,test
r_00622,3,b_041,test
r_00622,3,b_051,test
r_00623,3,b_042,valid
r_00623,3,b_048,valid
r_00623,3,b_074,valid
r_00623,3,b_079,valid
r_00623,3,b_013,valid
r_00623,3,b_044,valid
r_00623,3,b_030,valid
r_00623,3,b_061,valid
r_00623,3,b_033,valid
r_00623,3,b_078,valid
r_00623,3,b_038,valid
r_00623,3,b_053,valid
r_00623,3,b_054,valid
r_00623,3,b_014,valid
r_00623,3,b_073,valid
r_00623,3,b_024,valid
r_00623,3,b_005,valid
r_00623,3,b_039,valid
r_00623,3,b_021,valid
r_00623,3,b_016,valid
r_00624,3,b_064,test
r_00624,3,b_042,test
r_00624,3,b_033,test
r_00624,3,b_009,test
r_00624,3,b_004,test
r_00624,3,b_022,test
r_00624,3,b_036,test
r_00624,3,b_080,test
r_00624,3,b_071,test
r_00624,3,b_068,test
r_00624,3,b_056,test
r_00624,3,b_017,test
r_00624,3,b_060,test
r_00624,3,b_065,test
r_00624,3,b_001,test
r_00624,3,b_076,test
r_00624,3,b_047,test
r_00624,3,b_018,test
r_00624,3,b_020,test
r_00624,3,b_054,test
r_00625,3,b_005,test
r_00625,3,b_017,test
r_00625,3,b_033,test
r_00625,3,b_063,test
r_00625,3,b_077,test
r_00625,3,b_044,test
r_00625,3,b_054,test
r_00625,3,b_064,test
r_00625,3,b_027,test
r_00625,3,b_076,test
r_00625,3,b_067,test
r_00625,3,b_022,test
r_00625,3,b_056,test
r_00625,3,b_026,test
r_00625,3,b_020,test
r_00625,3,b_061,test
r_00625,3,b_066,test
r_00625,3,b_068,test
r_00625,3,b_070,test
r_00625,3,b_055,test
r_00626,3,b_044,train
r_00626,3,b_040,train
r_00626,3,b_026,train
r_00626,3,b_054,train
r_00626,3,b_080,train
r_00626,3,b_009,train
r_00626,3,b_021,train
r_00626,3,b_028,train
r_00626,3,b_038,train
r_00626,3,b_011,train
r_00626,3,b_070,train
r_00626,3,b_030,train
r_00626,3,b_058,train
r_00626,3,b_071,train
r_00626,3,b_010,train
r_00626,3,b_063,train
r_00626,3,b_057,train
r_00626,3,b_013,train
r_00626,3,b_078,train
r_00626,3,b_061,train
r_00627,3,b_007,test
r_00627,3,b_030,test
r_00627,3,b_054,test
r_00627,3,b_027,test
r_00627,3,b_024,test
r_00627,3,b_019,test
r_00627,3,b_046,test
r_00627,3,b_018,test
r_00627,3,b_032,test
r_00627,3,b_034,test
r_00627,3,b_069,test
r_00627,3,b_036,test
r_00627,3,b_076,test
r_00627,3,b_073,test
r_00627,3,b_038,test
r_00627,3,b_061,test
r_00627,3,b_006,test
r_00627,3,b_058,test
r_00627,3,b_063,test
r_00627,3,b_012,test
r_00628,3,b_010,valid
r_00628,3,b_024,valid
r_00628,3,b_034,valid
r_00628,3,b_016,valid
r_00628,3,b_067,valid
r_00628,3,b_066,valid
r_00628,3,b_005,valid
r_00628,3,b_074,valid
r_00628,3,b_001,valid
r_00628,3,b_072,valid
r_00628,3,b_030,valid
r_00628,3,b_076,valid
r_00628,3,b_042,valid
r_00628,3,b_014,valid
r_00628,3,b_055,valid
r_00628,3,b_062,valid
r_00628,3,b_043,valid
r_00628,3,b_054,valid
r_00628,3,b_064,valid
r_00628,3,b_020,valid
r_00629,3,b_022,train
r_00629,3,b_004,train
r_00629,3,b_023,train
r_00629,3,b_034,train
r_00629,3,b_036,train
r_00629,3,b_013,train
r_00629,3,b_026,train
r_00629,3,b_075,train
r_00629,3,b_078,train
r_00629,3,b_065,train
r_00629,3,b_077,train
r_00629,3,b_014,train
r_00629,3,b_037,train
r_00629,3,b_018,train
r_00629,3,b_042,train
r_00629,3,b_076,train
r_00629,3,b_055,train
r_00629,3,b_063,train
r_00629,3,b_069,train
r_00629,3,b_002,train
r_00630,3,b_053,train
r_00630,3,b_043,train
r_00630,3,b_072,train
r_00630,3,b_002,train
r_00630,3,b_067,train
r_00630,3,b_020,train
r_00630,3,b_077,train
r_00630,3,b_013,train
r_00630,3,b_070,train
r_00630,3,b_026,train
r_00630,3,b_025,train
r_00630,3,b_051,train
r_00630,3,b_021,train
r_00630,3,b_018,train
r_00630,3,b_060,train
r_00630,3,b_034,train
r_00630,3,b_031,train
r_00630,3,b_017,train
r_00630,3,b_062,train
r_00630,3,b_028,train
r_00631,3,b_058,test
r_00631,3,b_079,test
r_00631,3,b_065,test
r_00631,3,b_002,test
r_00631,3,b_067,test
r_00631,3,b_044,test
r_00631,3,b_009,test
r_00631,3,b_052,test
r_00631,3,b_008,test
r_00631,3,b_056,test
r_00631,3,b_034,test
r_00631,3,b_022,test
r_00631,3,b_068,test
r_00631,3,b_025,test
r_00631,3,b_060,test
r_00631,3,b_035,test
r_00631,3,b_061,test
r_00631,3,b_054,test
r_00631,3,b_077,test
r_00631,3,b_033,test
r_00632,3,b_055,test
r_00632,3,b_068,test
r_00632,3,b_043,test
r_00632,3,b_053,test
r_00632,3,b_039,test
r_00632,3,b_024,test
r_00632,3,b_004,test
r_00632,3,b_049,test
r_00632,3,b_041,test
r_00632,3,b_060,test
r_00632,3,b_013,test
r_00632,3,b_031,test
r_00632,3,b_070,test
r_00632,3,b_027,test
r_00632,3,b_076,test
r_00632,3,b_036,test
r_00632,3,b_051,test
r_00632,3,b_006,test
r_00632,3,b_025,test
r_00632,3,b_058,test
r_00633,3,b_008,test
r_00633,3,b_044,test
r_00633,3,b_064,test
r_00633,3,b_011,test
r_00633,3,b_073,test
r_00633,3,b_025,test
r_00633,3,b_010,test
r_00633,3,b_052,test
r_00633,3,b_018,test
r_00633,3,b_035,test
r_00633,3,b_060,test
r_00633,3,b_027,test
r_00633,3,b_059,test
r_00633,3,b_070,test
r_00633,3,b_057,test
r_00633,3,b_023,test
r_00633,3,b_024,test
r_00633,3,b_077,test
r_00633,3,b_034,test
r_00633,3,b_078,test
r_00634,3,b_034,valid
r_00634,3,b_004,valid
r_00634,3,b_055,valid
r_00634,3,b_030,valid
r_00634,3,b_011,valid
r_00634,3,b_024,valid
r_00634,3,b_050,valid
r_00634,3,b_075,valid
r_00634,3,b_072,valid
r_00634,3,b_067,valid
r_00634,3,b_053,valid
r_00634,3,b_065,valid
r_00634,3,b_033,valid
r_00634,3,b_054,valid
r_00634,3,b_025,valid
r_00634,3,b_063,valid
r_00634,3,b_047,valid
r_00634,3,b_051,valid
r_00634,3,b_002,valid
r_00634,3,b_074,valid
r_00635,3,b_022,train
r_00635,3,b_058,train
r_00635,3,b_037,train
r_00635,3,b_072,train
r_00635,3,b_069,train
r_00635,3,b_017,train
r_00635,3,b_021,train
r_00635,3,b_075,train
r_00635,3,b_029,train
r_00635,3,b_049,train
r_00635,3,b_033,train
r_00635,3,b_005,train
r_00635,3,b_019,train
r_00635,3,b_070,train
r_00635,3,b_023,train
r_00635,3,b_051,train
r_00635,3,b_060,train
r_00635,3,b_044,train
r_00635,3,b_074,train
r_00635,3,b_047,train
r_00636,3,b_025,test
r_00636,3,b_006,test
r_00636,3,b_054,test
r_00636,3,b_068,test
r_00636,3,b_012,test
r_00636,3,b_065,test
r_00636,3,b_022,test
r_00636,3,b_051,test
r_00636,3,b_053,test
r_00636,3,b_014,test
r_00636,3,b_058,test
r_00636,3,b_060,test
r_00636,3,b_079,test
r_00636,3,b_036,test
r_00636,3,b_070,test
r_00636,3,b_074,test
r_00636,3,b_077,test
r_00636,3,b_057,test
r_00636,3,b_032,test
r_00636,3,b_049,test
r_00637,3,b_021,test
r_00637,3,b_047,test
r_00637,3,b_038,test
r_00637,3,b_073,test
r_00637,3,b_048,test
r_00637,3,b_078,test
r_00637,3,b_069,test
r_00637,3,b_024,test
r_00637,3,b_052,test
r_00637,3,b_030,test
r_00637,3,b_018,test
r_00637,3,b_061,test
r_00637,3,b_067,test
r_00637,3,b_011,test
r_00637,3,b_042,test
r_00637,3,b_046,test
r_00637,3,b_029,test
r_00637,3,b_043,test
r_00637,3,b_017,test
r_00637,3,b_060,test
r_00638,3,b_034,train
r_00638,3,b_074,train
r_00638,3,b_058,train
r_00638,3,b_025,train
r_00638,3,b_022,train
r_00638,3,b_047,train
r_00638,3,b_037,train
r_00638,3,b_046,train
r_00638,3,b_055,train
r_00638,3,b_053,train
r_00638,3,b_071,train
r_00638,3,b_009,train
r_00638,3,b_066,train
r_00638,3,b_039,train
r_00638,3,b_048,train
r_00638,3,b_023,train
r_00638,3,b_004,train
r_00638,3,b_038,train
r_00638,3,b_012,train
r_00638,3,b_077,train
r_00639,3,b_028,train
r_00639,3,b_027,train
r_00639,3,b_022,train
r_00639,3,b_043,train
r_00639,3,b_017,train
r_00639,3,b_025,train
r_00639,3,b_074,train
r_00639,3,b_045,train
r_00639,3,b_023,train
r_00639,3,b_018,train
r_00639,3,b_005,train
r_00639,3,b_055,train
r_00639,3,b_053,train
r_00639,3,b_052,train
r_00639,3,b_067,train
r_00639,3,b_040,train
r_00639,3,b_042,train
r_00639,3,b_034,train
r_00639,3,b_065,train
r_00639,3,b_072,train
r_00640,3,b_065,train
r_00640,3,b_030,train
r_00640,3,b_080,train
r_00640,3,b_015,train
r_00640,3,b_061,train
r_00640,3,b_039,train
r_00640,3,b_041,train
r_00640,3,b_007,train
r_00640,3,b_035,train
r_00640,3,b_055,train
r_00640,3,b_076,train
r_00640,3,b_036,train
r_00640,3,b_047,train
r_00640,3,b_043,train
r_00640,3,b_008,train
r_00640,3,b_010,train
r_00640,3,b_020,train
r_00640,3,b_068,train
r_00640,3,b_045,train
r_00640,3,b_071,train
r_00641,3,b_046,train
r_00641,3,b_009,train
r_00641,3,b_018,train
r_00641,3,b_054,train
r_00641,3,b_065,train
r_00641,3,b_008,train
r_00641,3,b_037,train
r_00641,3,b_020,train
r_00641,3,b_056,train
r_00641,3,b_041,train
r_00641,3,b_014,train
r_00641,3,b_053,train
r_00641,3,b_051,train
r_00641,3,b_078,train
r_00641,3,b_061,train
r_00641,3,b_036,train
r_00641,3,b_075,train
r_00641,3,b_030,train
r_00641,3,b_068,train
r_00641,3,b_050,train
r_00642,3,b_048,train
r_00642,3,b_024,train
r_00642,3,b_055,train
r_00642,3,b_054,train
r_00642,3,b_053,train
r_00642,3,b_039,train
r_00642,3,b_013,train
r_00642,3,b_011,train
r_00642,3,b_065,train
r_00642,3,b_046,train
r_00642,3,b_059,train
r_00642,3,b_062,train
r_00642,3,b_040,train
r_00642,3,b_061,train
r_00642,3,b_016,train
r_00642,3,b_026,train
r_00642,3,b_076,train
r_00642,3,b_023,train
r_00642,3,b_057,train
r_00642,3,b_005,train
r_00643,3,b_071,train
r_00643,3,b_004,train
r_00643,3,b_079,train
r_00643,3,b_037,train
r_00643,3,b_041,train
r_00643,3,b_040,train
r_00643,3,b_005,train
r_00643,3,b_061,train
r_00643,3,b_028,train
r_00643,3,b_053,train
r_00643,3,b_031,train
r_00643,3,b_062,train
r_00643,3,b_039,train
r_00643,3,b_014,train
r_00643,3,b_057,train
r_00643,3,b_050,train
r_00643,3,b_056,train
r_00643,3,b_069,train
r_00643,3,b_034,train
r_00643,3,b_021,train
r_00644,3,b_057,train
r_00644,3,b_053,train
r_00644,3,b_048,train
r_00644,3,b_005,train
r_00644,3,b_061,train
r_00644,3,b_010,train
r_00644,3,b_049,train
r_00644,3,b_076,train
r_00644,3,b_064,train
r_00644,3,b_051,train
r_00644,3,b_012,train
r_00644,3,b_041,train
r_00644,3,b_044,train
r_00644,3,b_009,train
r_00644,3,b_015,train
r_00644,3,b_054,train
r_00644,3,b_055,train
r_00644,3,b_063,train
r_00644,3,b_013,train
r_00644,3,b_002,train
r_00645,3,b_012,test
r_00645,3,b_045,test
r_00645,3,b_063,test
r_00645,3,b_004,test
r_00645,3,b_061,test
r_00645,3,b_028,test
r_00645,3,b_033,test
r_00645,3,b_011,test
r_00645,3,b_049,test
r_00645,3,b_029,test
r_00645,3,b_024,test
r_00645,3,b_051,test
r_00645,3,b_050,test
r_00645,3,b_032,test
r_00645,3,b_077,test
r_00645,3,b_008,test
r_00645,3,b_047,test
r_00645,3,b_060,test
r_00645,3,b_043,test
r_00645,3,b_027,test
r_00646,3,b_048,test
r_00646,3,b_008,test
r_00646,3,b_059,test
r_00646,3,b_010,test
r_00646,3,b_032,test
r_00646,3,b_026,test
r_00646,3,b_045,test
r_00646,3,b_041,test
r_00646,3,b_018,test
r_00646,3,b_077,test
r_00646,3,b_058,test
r_00646,3,b_012,test
r_00646,3,b_039,test
r_00646,3,b_027,test
r_00646,3,b_057,test
r_00646,3,b_034,test
r_00646,3,b_071,test
r_00646,3,b_024,test
r_00646,3,b_049,test
r_00646,3,b_068,test
r_00647,3,b_023,train
r_00647,3,b_016,train
r_00647,3,b_079,train
r_00647,3,b_004,train
r_00647,3,b_008,train
r_00647,3,b_044,train
r_00647,3,b_080,train
r_00647,3,b_005,train
r_00647,3,b_043,train
r_00647,3,b_038,train
r_00647,3,b_013,train
r_00647,3,b_055,train
r_00647,3,b_035,train
r_00647,3,b_010,train
r_00647,3,b_062,train
r_00647,3,b_024,train
r_00647,3,b_064,train
r_00647,3,b_001,train
r_00647,3,b_040,train
r_00647,3,b_060,train
r_00648,3,b_059,test
r_00648,3,b_019,test
r_00648,3,b_036,test
r_00648,3,b_063,test
r_00648,3,b_050,test
r_00648,3,b_039,test
r_00648,3,b_027,test
r_00648,3,b_010,test
r_00648,3,b_004,test
r_00648,3,b_003,test
r_00648,3,b_044,test
r_00648,3,b_002,test
r_00648,3,b_070,test
r_00648,3,b_074,test
r_00648,3,b_046,test
r_00648,3,b_017,test
r_00648,3,b_001,test
r_00648,3,b_076,test
r_00648,3,b_078,test
r_00648,3,b_018,test
r_00649,3,b_041,train
r_00649,3,b_043,train
r_00649,3,b_010,train
r_00649,3,b_046,train
r_00649,3,b_068,train
r_00649,3,b_024,train
r_00649,3,b_022,train
r_00649,3,b_023,train
r_00649,3,b_056,train
r_00649,3,b_038,train
r_00649,3,b_051,train
r_00649,3,b_036,train
r_00649,3,b_059,train
r_00649,3,b_002,train
r_00649,3,b_078,train
r_00649,3,b_012,train
r_00649,3,b_063,train
r_00649,3,b_055,train
r_00649,3,b_005,train
r_00649,3,b_007,train
r_00650,3,b_034,train
r_00650,3,b_028,train
r_00650,3,b_061,train
r_00650,3,b_054,train
r_00650,3,b_023,train
r_00650,3,b_039,train
r_00650,3,b_045,train
r_00650,3,b_010,train
r_00650,3,b_063,train
r_00650,3,b_036,train
r_00650,3,b_043,train
r_00650,3,b_047,train
r_00650,3,b_017,train
r_00650,3,b_055,train
r_00650,3,b_079,train
r_00650,3,b_012,train
r_00650,3,b_057,train
r_00650,3,b_032,train
r_00650,3,b_078,train
r_00650,3,b_021,train
r_00651,3,b_004,train
r_00651,3,b_065,train
r_00651,3,b_033,train
r_00651,3,b_067,train
r_00651,3,b_072,train
r_00651,3,b_054,train
r_00651,3,b_010,train
r_00651,3,b_074,train
r_00651,3,b_046,train
r_00651,3,b_076,train
r_00651,3,b_030,train
r_00651,3,b_011,train
r_00651,3,b_027,train
r_00651,3,b_066,train
r_00651,3,b_057,train
r_00651,3,b_070,train
r_00651,3,b_009,train
r_00651,3,b_025,train
r_00651,3,b_049,train
r_00651,3,b_068,train
r_00652,3,b_028,train
r_00652,3,b_041,train
r_00652,3,b_046,train
r_00652,3,b_079,train
r_00652,3,b_066,train
r_00652,3,b_058,train
r_00652,3,b_008,train
r_00652,3,b_014,train
r_00652,3,b_042,train
r_00652,3,b_033,train
r_00652,3,b_023,train
r_00652,3,b_018,train
r_00652,3,b_063,train
r_00652,3,b_016,train
r_00652,3,b_039,train
r_00652,3,b_036,train
r_00652,3,b_030,train
r_00652,3,b_068,train
r_00652,3,b_072,train
r_00652,3,b_025,train
r_00653,3,b_014,test
r_00653,3,b_042,test
r_00653,3,b_016,test
r_00653,3,b_030,test
r_00653,3,b_032,test
r_00653,3,b_039,test
r_00653,3,b_071,test
r_00653,3,b_053,test
r_00653,3,b_004,test
r_00653,3,b_050,test
r_00653,3,b_020,test
r_00653,3,b_052,test
r_00653,3,b_013,test
r_00653,3,b_040,test
r_00653,3,b_009,test
r_00653,3,b_041,test
r_00653,3,b_078,test
r_00653,3,b_035,test
r_00653,3,b_019,test
r_00653,3,b_058,test
r_00654,3,b_071,test
r_00654,3,b_016,test
r_00654,3,b_061,test
r_00654,3,b_023,test
r_00654,3,b_068,test
r_00654,3,b_039,test
r_00654,3,b_030,test
r_00654,3,b_019,test
r_00654,3,b_055,test
r_00654,3,b_076,test
r_00654,3,b_001,test
r_00654,3,b_063,test
r_00654,3,b_065,test
r_00654,3,b_015,test
r_00654,3,b_073,test
r_00654,3,b_022,test
r_00654,3,b_011,test
r_00654,3,b_003,test
r_00654,3,b_066,test
r_00654,3,b_072,test
r_00655,3,b_068,test
r_00655,3,b_022,test
r_00655,3,b_048,test
r_00655,3,b_029,test
r_00655,3,b_067,test
r_00655,3,b_001,test
r_00655,3,b_026,test
r_00655,3,b_041,test
r_00655,3,b_072,test
r_00655,3,b_023,test
r_00655,3,b_066,test
r_00655,3,b_010,test
r_00655,3,b_077,test
r_00655,3,b_055,test
r_00655,3,b_073,test
r_00655,3,b_005,test
r_00655,3,b_003,test
r_00655,3,b_008,test
r_00655,3,b_025,test
r_00655,3,b_044,test
r_00656,3,b_032,train
r_00656,3,b_017,train
r_00656,3,b_067,train
r_00656,3,b_043,train
r_00656,3,b_001,train
r_00656,3,b_053,train
r_00656,3,b_018,train
r_00656,3,b_003,train
r_00656,3,b_029,train
r_00656,3,b_042,train
r_00656,3,b_040,train
r_00656,3,b_061,train
r_00656,3,b_031,train
r_00656,3,b_048,train
r_00656,3,b_054,train
r_00656,3,b_073,train
r_00656,3,b_049,train
r_00656,3,b_078,train
r_00656,3,b_015,train
r_00656,3,b_064,train
r_00657,3,b_017,train
r_00657,3,b_059,train
r_00657,3,b_077,train
r_00657,3,b_012,train
r_00657,3,b_003,train
r_00657,3,b_054,train
r_00657,3,b_041,train
r_00657,3,b_014,train
r_00657,3,b_016,train
r_00657,3,b_065,train
r_00657,3,b_074,train
r_00657,3,b_049,train
r_00657,3,b_037,train
r_00657,3,b_051,train
r_00657,3,b_015,train
r_00657,3,b_071,train
r_00657,3,b_025,train
r_00657,3,b_018,train
r_00657,3,b_064,train
r_00657,3,b_056,train
r_00658,3,b_027,train
r_00658,3,b_065,train
r_00658,3,b_033,train
r_00658,3,b_056,train
r_00658,3,b_076,train
r_00658,3,b_043,train
r_00658,3,b_037,train
r_00658,3,b_020,train
r_00658,3,b_064,train
r_00658,3,b_016,train
r_00658,3,b_068,train
r_00658,3,b_062,train
r_00658,3,b_005,train
r_00658,3,b_013,train
r_00658,3,b_044,train
r_00658,3,b_048,train
r_00658,3,b_078,train
r_00658,3,b_023,train
r_00658,3,b_024,train
r_00658,3,b_057,train
r_00659,3,b_056,valid
r_00659,3,b_070,valid
r_00659,3,b_041,valid
r_00659,3,b_030,valid
r_00659,3,b_074,valid
r_00659,3,b_006,valid
r_00659,3,b_051,valid
r_00659,3,b_064,valid
r_00659,3,b_024,valid
r_00659,3,b_047,valid
r_00659,3,b_053,valid
r_00659,3,b_069,valid
r_00659,3,b_065,valid
r_00659,3,b_071,valid
r_00659,3,b_017,valid
r_00659,3,b_015,valid
r_00659,3,b_080,valid
r_00659,3,b_016,valid
r_00659,3,b_035,valid
r_00659,3,b_031,valid
r_00660,3,b_018,train
r_00660,3,b_051,train
r_00660,3,b_061,train
r_00660,3,b_077,train
r_00660,3,b_024,train
r_00660,3,b_037,train
r_00660,3,b_074,train
r_00660,3,b_076,train
r_00660,3,b_008,train
r_00660,3,b_040,train
r_00660,3,b_080,train
r_00660,3,b_002,train
r_00660,3,b_028,train
r_00660,3,b_041,train
r_00660,3,b_015,train
r_00660,3,b_003,train
r_00660,3,b_031,train
r_00660,3,b_005,train
r_00660,3,b_056,train
r_00660,3,b_013,train
r_00661,3,b_015,train
r_00661,3,b_016,train
r_00661,3,b_034,train
r_00661,3,b_030,train
r_00661,3,b_076,train
r_00661,3,b_070,train
r_00661,3,b_048,train
r_00661,3,b_040,train
r_00661,3,b_024,train
r_00661,3,b_017,train
r_00661,3,b_005,train
r_00661,3,b_050,train
r_00661,3,b_068,train
r_00661,3,b_077,train
r_00661,3,b_074,train
r_00661,3,b_049,train
r_00661,3,b_078,train
r_00661,3,b_008,train
r_00661,3,b_051,train
r_00661,3,b_020,train
r_00662,3,b_006,test
r_00662,3,b_038,test
r_00662,3,b_072,test
r_00662,3,b_025,test
r_00662,3,b_005,test
r_00662,3,b_051,test
r_00662,3,b_009,test
r_00662,3,b_064,test
r_00662,3,b_026,test
r_00662,3,b_052,test
r_00662,3,b_057,test
r_00662,3,b_045,test
r_00662,3,b_075,test
r_00662,3,b_017,test
r_00662,3,b_069,test
r_00662,3,b_058,test
r_00662,3,b_078,test
r_00662,3,b_001,test
r_00662,3,b_016,test
r_00662,3,b_053,test
r_00663,3,b_080,test
r_00663,3,b_048,test
r_00663,3,b_056,test
r_00663,3,b_059,test
r_00663,3,b_070,test
r_00663,3,b_014,test
r_00663,3,b_075,test
r_00663,3,b_027,test
r_00663,3,b_074,test
r_00663,3,b_072,test
r_00663,3,b_040,test
r_00663,3,b_033,test
r_00663,3,b_067,test
r_00663,3,b_032,test
r_00663,3,b_077,test
r_00663,3,b_065,test
r_00663,3,b_052,test
r_00663,3,b_066,test
r_00663,3,b_013,test
r_00663,3,b_018,test
r_00664,3,b_061,valid
r_00664,3,b_046,valid
r_00664,3,b_078,valid
r_00664,3,b_005,valid
r_00664,3,b_080,valid
r_00664,3,b_072,valid
r_00664,3,b_068,valid
r_00664,3,b_040,valid
r_00664,3,b_033,valid
r_00664,3,b_036,valid
r_00664,3,b_020,valid
r_00664,3,b_066,valid
r_00664,3,b_052,valid
r_00664,3,b_030,valid
r_00664,3,b_070,valid
r_00664,3,b_011,valid
r_00664,3,b_063,valid
r_00664,3,b_071,valid
r_00664,3,b_008,valid
r_00664,3,b_027,valid
r_00665,3,b_026,train
r_00665,3,b_014,train
r_00665,3,b_031,train
r_00665,3,b_058,train
r_00665,3,b_069,train
r_00665,3,b_065,train
r_00665,3,b_015,train
r_00665,3,b_076,train
r_00665,3,b_027,train
r_00665,3,b_040,train
r_00665,3,b_074,train
r_00665,3,b_008,train
r_00665,3,b_030,train
r_00665,3,b_038,train
r_00665,3,b_013,train
r_00665,3,b_050,train
r_00665,3,b_051,train
r_00665,3,b_021,train
r_00665,3,b_072,train
r_00665,3,b_045,train
r_00666,3,b_075,valid
r_00666,3,b_010,valid
r_00666,3,b_050,valid
r_00666,3,b_025,valid
r_00666,3,b_019,valid
r_00666,3,b_020,valid
r_00666,3,b_035,valid
r_00666,3,b_021,valid
r_00666,3,b_037,valid
r_00666,3,b_078,valid
r_00666,3,b_061,valid
r_00666,3,b_011,valid
r_00666,3,b_001,valid
r_00666,3,b_038,valid
r_00666,3,b_048,valid
r_00666,3,b_046,valid
r_00666,3,b_005,valid
r_00666,3,b_023,valid
r_00666,3,b_008,valid
r_00666,3,b_054,valid
r_00667,3,b_037,train
r_00667,3,b_077,train
r_00667,3,b_029,train
r_00667,3,b_031,train
r_00667,3,b_034,train
r_00667,3,b_047,train
r_00667,3,b_018,train
r_00667,3,b_060,train
r_00667,3,b_071,train
r_00667,3,b_064,train
r_00667,3,b_058,train
r_00667,3,b_035,train
r_00667,3,b_078,train
r_00667,3,b_011,train
r_00667,3,b_032,train
r_00667,3,b_052,train
r_00667,3,b_024,train
r_00667,3,b_076,train
r_00667,3,b_057,train
r_00667,3,b_074,train
r_00668,3,b_078,train
r_00668,3,b_048,train
r_00668,3,b_074,train
r_00668,3,b_063,train
r_00668,3,b_050,train
r_00668,3,b_001,train
r_00668,3,b_005,train
r_00668,3,b_026,train
r_00668,3,b_071,train
r_00668,3,b_073,train
r_00668,3,b_034,train
r_00668,3,b_075,train
r_00668,3,b_041,train
r_00668,3,b_037,train
r_00668,3,b_067,train
r_00668,3,b_030,train
r_00668,3,b_059,train
r_00668,3,b_038,train
r_00668,3,b_068,train
r_00668,3,b_002,train
r_00669,3,b_042,test
r_00669,3,b_050,test
r_00669,3,b_053,test
r_00669,3,b_027,test
r_00669,3,b_064,test
r_00669,3,b_062,test
r_00669,3,b_068,test
r_00669,3,b_037,test
r_00669,3,b_031,test
r_00669,3,b_043,test
r_00669,3,b_029,test
r_00669,3,b_080,test
r_00669,3,b_024,test
r_00669,3,b_003,test
r_00669,3,b_071,test
r_00669,3,b_007,test
r_00669,3,b_039,test
r_00669,3,b_036,test
r_00669,3,b_040,test
r_00669,3,b_075,test
r_00670,3,b_051,valid
r_00670,3,b_005,valid
r_00670,3,b_002,valid
r_00670,3,b_001,valid
r_00670,3,b_017,valid
r_00670,3,b_008,valid
r_00670,3,b_071,valid
r_00670,3,b_016,valid
r_00670,3,b_064,valid
r_00670,3,b_037,valid
r_00670,3,b_025,valid
r_00670,3,b_003,valid
r_00670,3,b_020,valid
r_00670,3,b_015,valid
r_00670,3,b_006,valid
r_00670,3,b_009,valid
r_00670,3,b_050,valid
r_00670,3,b_038,valid
r_00670,3,b_063,valid
r_00670,3,b_014,valid
r_00671,3,b_058,train
r_00671,3,b_044,train
r_00671,3,b_033,train
r_00671,3,b_042,train
r_00671,3,b_019,train
r_00671,3,b_075,train
r_00671,3,b_002,train
r_00671,3,b_079,train
r_00671,3,b_039,train
r_00671,3,b_014,train
r_00671,3,b_025,train
r_00671,3,b_043,train
r_00671,3,b_023,train
r_00671,3,b_073,train
r_00671,3,b_007,train
r_00671,3,b_020,train
r_00671,3,b_070,train
r_00671,3,b_021,train
r_00671,3,b_041,train
r_00671,3,b_026,train
r_00672,3,b_024,valid
r_00672,3,b_043,valid
r_00672,3,b_039,valid
r_00672,3,b_075,valid
r_00672,3,b_058,valid
r_00672,3,b_032,valid
r_00672,3,b_056,valid
r_00672,3,b_012,valid
r_00672,3,b_011,valid
r_00672,3,b_045,valid
r_00672,3,b_050,valid
r_00672,3,b_078,valid
r_00672,3,b_068,valid
r_00672,3,b_007,valid
r_00672,3,b_061,valid
r_00672,3,b_066,valid
r_00672,3,b_013,valid
r_00672,3,b_048,valid
r_00672,3,b_001,valid
r_00672,3,b_009,valid
r_00673,3,b_020,train
r_00673,3,b_060,train
r_00673,3,b_037,train
r_00673,3,b_019,train
r_00673,3,b_026,train
r_00673,3,b_077,train
r_00673,3,b_041,train
r_00673,3,b_068,train
r_00673,3,b_065,train
r_00673,3,b_027,train
r_00673,3,b_078,train
r_00673,3,b_076,train
r_00673,3,b_032,train
r_00673,3,b_015,train
r_00673,3,b_042,train
r_00673,3,b_048,train
r_00673,3,b_010,train
r_00673,3,b_044,train
r_00673,3,b_080,train
r_00673,3,b_003,train
r_00674,3,b_026,test
r_00674,3,b_022,test
r_00674,3,b_065,test
r_00674,3,b_002,test
r_00674,3,b_035,test
r_00674,3,b_042,test
r_00674,3,b_027,test
r_00674,3,b_046,test
r_00674,3,b_053,test
r_00674,3,b_080,test
r_00674,3,b_004,test
r_00674,3,b_019,test
r_00674,3,b_049,test
r_00674,3,b_066,test
r_00674,3,b_074,test
r_00674,3,b_016,test
r_00674,3,b_015,test
r_00674,3,b_069,test
r_00674,3,b_043,test
r_00674,3,b_041,test
r_00675,3,b_076,test
r_00675,3,b_003,test
r_00675,3,b_031,test
r_00675,3,b_019,test
r_00675,3,b_068,test
r_00675,3,b_015,test
r_00675,3,b_026,test
r_00675,3,b_080,test
r_00675,3,b_052,test
r_00675,3,b_044,test
r_00675,3,b_001,test
r_00675,3,b_059,test
r_00675,3,b_061,test
r_00675,3,b_011,test
r_00675,3,b_074,test
r_00675,3,b_021,test
r_00675,3,b_050,test
r_00675,3,b_041,test
r_00675,3,b_020,test
r_00675,3,b_079,test
r_00676,3,b_015,train
r_00676,3,b_036,train
r_00676,3,b_071,train
r_00676,3,b_060,train
r_00676,3,b_072,train
r_00676,3,b_041,train
r_00676,3,b_004,train
r_00676,3,b_078,train
r_00676,3,b_027,train
r_00676,3,b_008,train
r_00676,3,b_012,train
r_00676,3,b_049,train
r_00676,3,b_037,train
r_00676,3,b_053,train
r_00676,3,b_054,train
r_00676,3,b_055,train
r_00676,3,b_031,train
r_00676,3,b_079,train
r_00676,3,b_010,train
r_00676,3,b_018,train
r_00677,3,b_027,test
r_00677,3,b_038,test
r_00677,3,b_035,test
r_00677,3,b_057,test
r_00677,3,b_017,test
r_00677,3,b_031,test
r_00677,3,b_034,test
r_00677,3,b_056,test
r_00677,3,b_076,test
r_00677,3,b_015,test
r_00677,3,b_032,test
r_00677,3,b_047,test
r_00677,3,b_054,test
r_00677,3,b_011,test
r_00677,3,b_048,test
r_00677,3,b_023,test
r_00677,3,b_020,test
r_00677,3,b_007,test
r_00677,3,b_069,test
r_00677,3,b_001,test
r_00678,3,b_016,test
r_00678,3,b_077,test
r_00678,3,b_004,test
r_00678,3,b_073,test
r_00678,3,b_038,test
r_00678,3,b_036,test
r_00678,3,b_074,test
r_00678,3,b_048,test
r_00678,3,b_067,test
r_00678,3,b_052,test
r_00678,3,b_024,test
r_00678,3,b_003,test
r_00678,3,b_056,test
r_00678,3,b_055,test
r_00678,3,b_044,test
r_00678,3,b_001,test
r_00678,3,b_012,test
r_00678,3,b_075,test
r_00678,3,b_080,test
r_00678,3,b_017,test
r_00679,3,b_020,train
r_00679,3,b_048,train
r_00679,3,b_040,train
r_00679,3,b_053,train
r_00679,3,b_039,train
r_00679,3,b_042,train
r_00679,3,b_045,train
r_00679,3,b_013,train
r_00679,3,b_034,train
r_00679,3,b_025,train
r_00679,3,b_009,train
r_00679,3,b_022,train
r_00679,3,b_046,train
r_00679,3,b_018,train
r_00679,3,b_067,train
r_00679,3,b_049,train
r_00679,3,b_017,train
r_00679,3,b_007,train
r_00679,3,b_065,train
r_00679,3,b_058,train
r_00680,3,b_067,test
r_00680,3,b_041,test
r_00680,3,b_001,test
r_00680,3,b_054,test
r_00680,3,b_027,test
r_00680,3,b_056,test
r_00680,3,b_025,test
r_00680,3,b_042,test
r_00680,3,b_005,test
r_00680,3,b_006,test
r_00680,3,b_028,test
r_00680,3,b_044,test
r_00680,3,b_029,test
r_00680,3,b_048,test
r_00680,3,b_022,test
r_00680,3,b_058,test
r_00680,3,b_076,test
r_00680,3,b_068,test
r_00680,3,b_080,test
r_00680,3,b_007,test
r_00681,3,b_019,valid
r_00681,3,b_060,valid
r_00681,3,b_045,valid
r_00681,3,b_069,valid
r_00681,3,b_070,valid
r_00681,3,b_044,valid
r_00681,3,b_014,valid
r_00681,3,b_074,valid
r_00681,3,b_058,valid
r_00681,3,b_024,valid
r_00681,3,b_037,valid
r_00681,3,b_075,valid
r_00681,3,b_059,valid
r_00681,3,b_050,valid
r_00681,3,b_043,valid
r_00681,3,b_072,valid
r_00681,3,b_017,valid
r_00681,3,b_002,valid
r_00681,3,b_018,valid
r_00681,3,b_080,valid
r_00682,3,b_022,train
r_00682,3,b_030,train
r_00682,3,b_070,train
r_00682,3,b_005,train
r_00682,3,b_071,train
r_00682,3,b_080,train
r_00682,3,b_012,train
r_00682,3,b_023,train
r_00682,3,b_041,train
r_00682,3,b_024,train
r_00682,3,b_075,train
r_00682,3,b_059,train
r_00682,3,b_043,train
r_00682,3,b_001,train
r_00682,3,b_013,train
r_00682,3,b_054,train
r_00682,3,b_061,train
r_00682,3,b_025,train
r_00682,3,b_009,train
r_00682,3,b_074,train
r_00683,3,b_022,train
r_00683,3,b_037,train
r_00683,3,b_030,train
r_00683,3,b_025,train
r_00683,3,b_064,train
r_00683,3,b_056,train
r_00683,3,b_012,train
r_00683,3,b_059,train
r_00683,3,b_080,train
r_00683,3,b_024,train
r_00683,3,b_042,train
r_00683,3,b_038,train
r_00683,3,b_074,train
r_00683,3,b_043,train
r_00683,3,b_017,train
r_00683,3,b_070,train
r_00683,3,b_078,train
r_00683,3,b_029,train
r_00683,3,b_006,train
r_00683,3,b_057,train
r_00684,3,b_044,test
r_00684,3,b_069,test
r_00684,3,b_078,test
r_00684,3,b_046,test
r_00684,3,b_039,test
r_00684,3,b_025,test
r_00684,3,b_065,test
r_00684,3,b_057,test
r_00684,3,b_050,test
r_00684,3,b_064,test
r_00684,3,b_053,test
r_00684,3,b_076,test
r_00684,3,b_071,test
r_00684,3,b_048,test
r_00684,3,b_036,test
r_00684,3,b_021,test
r_00684,3,b_042,test
r_00684,3,b_028,test
r_00684,3,b_016,test
r_00684,3,b_068,test
r_00685,3,b_042,train
r_00685,3,b_068,train
r_00685,3,b_012,train
r_00685,3,b_061,train
r_00685,3,b_009,train
r_00685,3,b_073,train
r_00685,3,b_080,train
r_00685,3,b_066,train
r_00685,3,b_079,train
r_00685,3,b_050,train
r_00685,3,b_045,train
r_00685,3,b_064,train
r_00685,3,b_017,train
r_00685,3,b_004,train
r_00685,3,b_075,train
r_00685,3,b_016,train
r_00685,3,b_023,train
r_00685,3,b_041,train
r_00685,3,b_076,train
r_00685,3,b_030,train
r_00686,3,b_031,test
r_00686,3,b_010,test
r_00686,3,b_048,test
r_00686,3,b_025,test
r_00686,3,b_006,test
r_00686,3,b_005,test
r_00686,3,b_063,test
r_00686,3,b_021,test
r_00686,3,b_022,test
r_00686,3,b_037,test
r_00686,3,b_029,test
r_00686,3,b_024,test
r_00686,3,b_050,test
r_00686,3,b_030,test
r_00686,3,b_039,test
r_00686,3,b_036,test
r_00686,3,b_059,test
r_00686,3,b_052,test
r_00686,3,b_051,test
r_00686,3,b_020,test
r_00687,3,b_027,valid
r_00687,3,b_066,valid
r_00687,3,b_062,valid
r_00687,3,b_011,valid
r_00687,3,b_070,valid
r_00687,3,b_047,valid
r_00687,3,b_006,valid
r_00687,3,b_044,valid
r_00687,3,b_029,valid
r_00687,3,b_057,valid
r_00687,3,b_032,valid
r_00687,3,b_016,valid
r_00687,3,b_013,valid
r_00687,3,b_026,valid
r_00687,3,b_028,valid
r_00687,3,b_068,valid
r_00687,3,b_031,valid
r_00687,3,b_048,valid
r_00687,3,b_009,valid
r_00687,3,b_021,valid
r_00688,3,b_041,test
r_00688,3,b_058,test
r_00688,3,b_072,test
r_00688,3,b_040,test
r_00688,3,b_031,test
r_00688,3,b_046,test
r_00688,3,b_013,test
r_00688,3,b_007,test
r_00688,3,b_075,test
r_00688,3,b_036,test
r_00688,3,b_034,test
r_00688,3,b_079,test
r_00688,3,b_026,test
r_00688,3,b_049,test
r_00688,3,b_017,test
r_00688,3,b_003,test
r_00688,3,b_071,test
r_00688,3,b_023,test
r_00688,3,b_039,test
r_00688,3,b_008,test
r_00689,3,b_025,train
r_00689,3,b_031,train
r_00689,3,b_065,train
r_00689,3,b_069,train
r_00689,3,b_078,train
r_00689,3,b_079,train
r_00689,3,b_046,train
r_00689,3,b_018,train
r_00689,3,b_048,train
r_00689,3,b_014,train
r_00689,3,b_051,train
r_00689,3,b_001,train
r_00689,3,b_049,train
r_00689,3,b_035,train
r_00689,3,b_013,train
r_00689,3,b_041,train
r_00689,3,b_039,train
r_00689,3,b_005,train
r_00689,3,b_027,train
r_00689,3,b_015,train
r_00690,3,b_004,test
r_00690,3,b_048,test
r_00690,3,b_027,test
r_00690,3,b_032,test
r_00690,3,b_012,test
r_00690,3,b_041,test
r_00690,3,b_077,test
r_00690,3,b_038,test
r_00690,3,b_080,test
r_00690,3,b_056,test
r_00690,3,b_017,test
r_00690,3,b_033,test
r_00690,3,b_034,test
r_00690,3,b_070,test
r_00690,3,b_024,test
r_00690,3,b_050,test
r_00690,3,b_026,test
r_00690,3,b_046,test
r_00690,3,b_055,test
r_00690,3,b_074,test
r_00691,3,b_024,valid
r_00691,3,b_053,valid
r_00691,3,b_071,valid
r_00691,3,b_034,valid
r_00691,3,b_019,valid
r_00691,3,b_062,valid
r_00691,3,b_075,valid
r_00691,3,b_007,valid
r_00691,3,b_032,valid
r_00691,3,b_018,valid
r_00691,3,b_015,valid
r_00691,3,b_076,valid
r_00691,3,b_023,valid
r_00691,3,b_006,valid
r_00691,3,b_046,valid
r_00691,3,b_058,valid
r_00691,3,b_066,valid
r_00691,3,b_077,valid
r_00691,3,b_030,valid
r_00691,3,b_061,valid
r_00692,3,b_052,train
r_00692,3,b_074,train
r_00692,3,b_007,train
r_00692,3,b_061,train
r_00692,3,b_062,train
r_00692,3,b_056,train
r_00692,3,b_064,train
r_00692,3,b_054,train
r_00692,3,b_073,train
r_00692,3,b_066,train
r_00692,3,b_012,train
r_00692,3,b_005,train
r_00692,3,b_025,train
r_00692,3,b_020,train
r_00692,3,b_021,train
r_00692,3,b_069,train
r_00692,3,b_040,train
r_00692,3,b_026,train
r_00692,3,b_050,train
r_00692,3,b_063,train
r_00693,3,b_012,valid
r_00693,3,b_028,valid
r_00693,3,b_047,valid
r_00693,3,b_046,valid
r_00693,3,b_059,valid
r_00693,3,b_020,valid
r_00693,3,b_009,valid
r_00693,3,b_010,valid
r_00693,3,b_024,valid
r_00693,3,b_003,valid
r_00693,3,b_001,valid
r_00693,3,b_042,valid
r_00693,3,b_034,valid
r_00693,3,b_015,valid
r_00693,3,b_016,valid
r_00693,3,b_007,valid
r_00693,3,b_004,valid
r_00693,3,b_061,valid
r_00693,3,b_039,valid
r_00693,3,b_074,valid
r_00694,3,b_072,train
r_00694,3,b_068,train
r_00694,3,b_040,train
r_00694,3,b_034,train
r_00694,3,b_019,train
r_00694,3,b_050,train
r_00694,3,b_069,train
r_00694,3,b_018,train
r_00694,3,b_038,train
r_00694,3,b_058,train
r_00694,3,b_076,train
r_00694,3,b_037,train
r_00694,3,b_015,train
r_00694,3,b_077,train
r_00694,3,b_043,train
r_00694,3,b_042,train
r_00694,3,b_080,train
r_00694,3,b_027,train
r_00694,3,b_045,train
r_00694,3,b_071,train
r_00695,3,b_045,train
r_00695,3,b_007,train
r_00695,3,b_048,train
r_00695,3,b_079,train
r_00695,3,b_011,train
r_00695,3,b_010,train
r_00695,3,b_074,train
r_00695,3,b_035,train
r_00695,3,b_039,train
r_00695,3,b_038,train
r_00695,3,b_024,train
r_00695,3,b_047,train
r_00695,3,b_027,train
r_00695,3,b_019,train
r_00695,3,b_020,train
r_00695,3,b_078,train
r_00695,3,b_018,train
r_00695,3,b_003,train
r_00695,3,b_031,train
r_00695,3,b_041,train
r_00696,3,b_046,valid
r_00696,3,b_061,valid
r_00696,3,b_065,valid
r_00696,3,b_029,valid
r_00696,3,b_020,valid
r_00696,3,b_004,valid
r_00696,3,b_069,valid
r_00696,3,b_041,valid
r_00696,3,b_063,valid
r_00696,3,b_051,valid
r_00696,3,b_043,valid
r_00696,3,b_008,valid
r_00696,3,b_036,valid
r_00696,3,b_080,valid
r_00696,3,b_024,valid
r_00696,3,b_066,valid
r_00696,3,b_077,valid
r_00696,3,b_070,valid
r_00696,3,b_006,valid
r_00696,3,b_005,valid
r_00697,3,b_042,train
r_00697,3,b_023,train
r_00697,3,b_009,train
r_00697,3,b_074,train
r_00697,3,b_020,train
r_00697,3,b_067,train
r_00697,3,b_027,train
r_00697,3,b_041,train
r_00697,3,b_064,train
r_00697,3,b_068,train
r_00697,3,b_029,train
r_00697,3,b_012,train
r_00697,3,b_039,train
r_00697,3,b_079,train
r_00697,3,b_034,train
r_00697,3,b_022,train
r_00697,3,b_024,train
r_00697,3,b_026,train
r_00697,3,b_018,train
r_00697,3,b_004,train
r_00698,3,b_003,train
r_00698,3,b_027,train
r_00698,3,b_013,train
r_00698,3,b_042,train
r_00698,3,b_016,train
r_00698,3,b_043,train
r_00698,3,b_063,train
r_00698,3,b_007,train
r_00698,3,b_050,train
r_00698,3,b_004,train
r_00698,3,b_074,train
r_00698,3,b_073,train
r_00698,3,b_012,train
r_00698,3,b_061,train
r_00698,3,b_032,train
r_00698,3,b_017,train
r_00698,3,b_014,train
r_00698,3,b_059,train
r_00698,3,b_038,train
r_00698,3,b_033,train
r_00699,3,b_064,test
r_00699,3,b_038,test
r_00699,3,b_017,test
r_00699,3,b_013,test
r_00699,3,b_079,test
r_00699,3,b_028,test
r_00699,3,b_023,test
r_00699,3,b_049,test
r_00699,3,b_080,test
r_00699,3,b_024,test
r_00699,3,b_071,test
r_00699,3,b_046,test
r_00699,3,b_014,test
r_00699,3,b_009,test
r_00699,3,b_043,test
r_00699,3,b_004,test
r_00699,3,b_031,test
r_00699,3,b_063,test
r_00699,3,b_044,test
r_00699,3,b_052,test
r_00700,3,b_028,valid
r_00700,3,b_007,valid
r_00700,3,b_071,valid
r_00700,3,b_074,valid
r_00700,3,b_056,valid
r_00700,3,b_061,valid
r_00700,3,b_079,valid
r_00700,3,b_072,valid
r_00700,3,b_054,valid
r_00700,3,b_062,valid
r_00700,3,b_069,valid
r_00700,3,b_063,valid
r_00700,3,b_073,valid
r_00700,3,b_033,valid
r_00700,3,b_023,valid
r_00700,3,b_052,valid
r_00700,3,b_025,valid
r_00700,3,b_078,valid
r_00700,3,b_064,valid
r_00700,3,b_067,valid
